==================== Before Start ====================
invoke redirectStdio
invoke setLogPipeReady
Log pipe ready.
invoke setFCLNativeWindow
invoke setEventPipe
==================== Start Minecraft ====================
Renderer: FluorateGL
Device: Oneplus PLY110 PLY110
Architecture: arm64
CPU: SM7635
Android SDK: 36
Language: zh_CN
FCL Version Code: 1318
==================== Mods ====================

==================== Env Map ====================
Env: PATH=/data/user/0/com.tungsten.fcl/app_runtime/java/jre21/bin:/product/bin:/apex/com.android.runtime/bin:/apex/com.android.art/bin:/apex/com.android.virt/bin:/system_ext/bin:/system/bin:/system/xbin:/odm/bin:/vendor/bin:/vendor/xbin
Env: FCL_VERSION_CODE=1318
Env: POJAV_RENDERER=opengles3
Env: POJAV_NATIVEDIR=/data/app/~~x_j5flmUtDs1badK5GgNuQ==/com.tungsten.fcl-Cwrmm2i08nTzC3lc52t1Rw==/lib/arm64
Env: FORCE_VSYNC=false
Env: JAVA_HOME=/data/user/0/com.tungsten.fcl/app_runtime/java/jre21
Env: MOD_ANDROID_RUNTIME=/data/user/0/com.tungsten.fcl/app_runtime_mod
Env: MOBILEGL_USE_ANGLE=0
Env: VULKAN_DRIVER_SYSTEM=1
Env: MOBILEGL_BACKEND_TYPE=DirectVulkan
Env: POJAVEXEC_EGL=libfluorategl.so
Env: TMPDIR=/data/user/0/com.tungsten.fcl/cache
Env: LIBGL_ES=3
Env: LIBGL_EGL=libfluorategl.so
Env: FCL_NATIVEDIR=/data/app/~~x_j5flmUtDs1badK5GgNuQ==/com.tungsten.fcl-Cwrmm2i08nTzC3lc52t1Rw==/lib/arm64
Env: DRIVER_PATH=/data/app/~~x_j5flmUtDs1badK5GgNuQ==/com.tungsten.fcl-Cwrmm2i08nTzC3lc52t1Rw==/lib/arm64
Env: LD_LIBRARY_PATH=/data/user/0/com.tungsten.fcl/app_runtime/jna:/data/app/~~DmUABHo6B5I9biIQAwtSvw==/com.fcl.plugin.fluorategl-wFF1qsqkqaJQ0hgCLObxQw==/lib/arm64:/data/user/0/com.tungsten.fcl/app_runtime_mod:/data/app/~~x_j5flmUtDs1badK5GgNuQ==/com.tungsten.fcl-Cwrmm2i08nTzC3lc52t1Rw==/lib/arm64:/system/lib64:/vendor/lib64:/vendor/lib64/hw:/system_ext/lib64
Env: FLUORATEGL_BACKEND=system
Env: HOME=/storage/emulated/0/FCL/log
Env: FLUORATEGL_LOG=trace
==================== DLOPEN ====================
DLOPEN: loading /data/user/0/com.tungsten.fcl/app_runtime/java/jre21/lib/libjli.so
DLOPEN: loading /data/user/0/com.tungsten.fcl/app_runtime/java/jre21/lib/server/libjvm.so
DLOPEN: loading /data/user/0/com.tungsten.fcl/app_runtime/java/jre21/lib/libfreetype.so
DLOPEN: loading /data/user/0/com.tungsten.fcl/app_runtime/java/jre21/lib/libverify.so
DLOPEN: loading /data/user/0/com.tungsten.fcl/app_runtime/java/jre21/lib/libjava.so
DLOPEN: loading /data/user/0/com.tungsten.fcl/app_runtime/java/jre21/lib/libnet.so
DLOPEN: loading /data/user/0/com.tungsten.fcl/app_runtime/java/jre21/lib/libnio.so
DLOPEN: loading /data/user/0/com.tungsten.fcl/app_runtime/java/jre21/lib/libawt.so
DLOPEN: loading /data/user/0/com.tungsten.fcl/app_runtime/java/jre21/lib/libawt_headless.so
DLOPEN: loading /data/user/0/com.tungsten.fcl/app_runtime/java/jre21/lib/libfontmanager.so
DLOPEN: loading /data/user/0/com.tungsten.fcl/app_runtime/java/jre21/lib/libsctp.so
DLOPEN: loading /data/user/0/com.tungsten.fcl/app_runtime/java/jre21/lib/libnet.so
DLOPEN: loading /data/user/0/com.tungsten.fcl/app_runtime/java/jre21/lib/libextnet.so
DLOPEN: loading /data/user/0/com.tungsten.fcl/app_runtime/java/jre21/lib/libfreetype.so
DLOPEN: loading /data/user/0/com.tungsten.fcl/app_runtime/java/jre21/lib/libverify.so
DLOPEN: loading /data/user/0/com.tungsten.fcl/app_runtime/java/jre21/lib/libsyslookup.so
DLOPEN: loading /data/user/0/com.tungsten.fcl/app_runtime/java/jre21/lib/libjli.so
DLOPEN: loading /data/user/0/com.tungsten.fcl/app_runtime/java/jre21/lib/libjdwp.so
DLOPEN: loading /data/user/0/com.tungsten.fcl/app_runtime/java/jre21/lib/libzip.so
DLOPEN: loading /data/user/0/com.tungsten.fcl/app_runtime/java/jre21/lib/libawt.so
DLOPEN: loading /data/user/0/com.tungsten.fcl/app_runtime/java/jre21/lib/libjaas.so
DLOPEN: loading /data/user/0/com.tungsten.fcl/app_runtime/java/jre21/lib/libmanagement_agent.so
DLOPEN: loading /data/user/0/com.tungsten.fcl/app_runtime/java/jre21/lib/libjimage.so
DLOPEN: loading /data/user/0/com.tungsten.fcl/app_runtime/java/jre21/lib/liblcms.so
DLOPEN: loading /data/user/0/com.tungsten.fcl/app_runtime/java/jre21/lib/libnio.so
DLOPEN: loading /data/user/0/com.tungsten.fcl/app_runtime/java/jre21/lib/libawt_headless.so
DLOPEN: loading /data/user/0/com.tungsten.fcl/app_runtime/java/jre21/lib/libmanagement_ext.so
DLOPEN: loading /data/user/0/com.tungsten.fcl/app_runtime/java/jre21/lib/librmi.so
DLOPEN: loading /data/user/0/com.tungsten.fcl/app_runtime/java/jre21/lib/libjawt.so
DLOPEN: loading /data/user/0/com.tungsten.fcl/app_runtime/java/jre21/lib/libmlib_image.so
DLOPEN: loading /data/user/0/com.tungsten.fcl/app_runtime/java/jre21/lib/libmanagement.so
DLOPEN: loading /data/user/0/com.tungsten.fcl/app_runtime/java/jre21/lib/libjavajpeg.so
DLOPEN: loading /data/user/0/com.tungsten.fcl/app_runtime/java/jre21/lib/libj2pkcs11.so
DLOPEN: loading /data/user/0/com.tungsten.fcl/app_runtime/java/jre21/lib/libfontmanager.so
DLOPEN: loading /data/user/0/com.tungsten.fcl/app_runtime/java/jre21/lib/libprefs.so
DLOPEN: loading /data/user/0/com.tungsten.fcl/app_runtime/java/jre21/lib/libdt_socket.so
DLOPEN: loading /data/user/0/com.tungsten.fcl/app_runtime/java/jre21/lib/libinstrument.so
DLOPEN: loading /data/user/0/com.tungsten.fcl/app_runtime/java/jre21/lib/libj2gss.so
DLOPEN: loading /data/user/0/com.tungsten.fcl/app_runtime/java/jre21/lib/libjsig.so
DLOPEN: loading /data/user/0/com.tungsten.fcl/app_runtime/java/jre21/lib/libjava.so
DLOPEN: loading /data/user/0/com.tungsten.fcl/app_runtime/java/jre21/lib/server/libjvm.so
DLOPEN: loading /data/user/0/com.tungsten.fcl/app_runtime/java/jre21/lib/server/libjsig.so
DLOPEN: loading /data/user/0/com.tungsten.fcl/app_runtime/java/jre21/lib/libawt_xawt.so
DLOPEN: loading /data/app/~~x_j5flmUtDs1badK5GgNuQ==/com.tungsten.fcl-Cwrmm2i08nTzC3lc52t1Rw==/lib/arm64/libopenal.so
[INFO] [FluorateGL] v0.2.0 Initializing...
[INFO] [FluorateGL] Backend: System, LogLevel: Trace
[INFO] [FluorateGL] Captured self handle 0xec61f6a9e3543bc7 from "/data/app/~~DmUABHo6B5I9biIQAwtSvw==/com.fcl.plugin.fluorategl-wFF1qsqkqaJQ0hgCLObxQw==/lib/arm64/libfluorategl.so"
[INFO] [FluorateGL] EGL library loaded
[WARN] [GlesDispatch] warning: optional function not available: glGetBufferSubData
[WARN] [GlesDispatch] warning: optional function not available: glVertexAttribI1i
[WARN] [GlesDispatch] warning: optional function not available: glVertexAttribI2i
[WARN] [GlesDispatch] warning: optional function not available: glVertexAttribI3i
[WARN] [GlesDispatch] warning: optional function not available: glVertexAttribI1ui
[WARN] [GlesDispatch] warning: optional function not available: glVertexAttribI2ui
[WARN] [GlesDispatch] warning: optional function not available: glVertexAttribI3ui
[WARN] [GlesDispatch] warning: optional function not available: glVertexAttribI1iv
[WARN] [GlesDispatch] warning: optional function not available: glVertexAttribI2iv
[WARN] [GlesDispatch] warning: optional function not available: glVertexAttribI3iv
[WARN] [GlesDispatch] warning: optional function not available: glVertexAttribI1uiv
[WARN] [GlesDispatch] warning: optional function not available: glVertexAttribI2uiv
[WARN] [GlesDispatch] warning: optional function not available: glVertexAttribI3uiv
[WARN] [GlesDispatch] warning: optional function not available: glPrimitiveRestartIndex
Working directory: /storage/emulated/0/FCL/.minecraft/versions/1.21.11
[WARN] [GlesDispatch] warning: optional function not available: glGetTexImage
[WARN] [GlesDispatch] warning: optional function not available: glPolygonMode
[WARN] [GlesDispatch] warning: optional function not available: glPixelStoref
[WARN] [GlesDispatch] warning: optional function not available: glScissorIndexed
[WARN] [GlesDispatch] warning: optional function not available: glViewportIndexedf
[WARN] [GlesDispatch] warning: optional function not available: glMultiDrawArrays
[WARN] [GlesDispatch] warning: optional function not available: glMultiDrawElements
[WARN] [GlesDispatch] warning: optional function not available: glGetQueryObjectiv
[WARN] [GlesDispatch] warning: optional function not available: glGetDoublev
[WARN] [GlesDispatch] warning: optional function not available: glGetFloati_v
[WARN] [GlesDispatch] warning: optional function not available: glGetDoublei_v
[INFO] [FluorateGL] GLES library loaded
[INFO] [FluorateGL] v0.2.0 Initialized successfully
DLOPEN: loading /data/app/~~DmUABHo6B5I9biIQAwtSvw==/com.fcl.plugin.fluorategl-wFF1qsqkqaJQ0hgCLObxQw==/lib/arm64/libfluorategl.so
==================== Minecraft Arguments ====================
Java argument: /data/user/0/com.tungsten.fcl/app_runtime/java/jre21/bin/java
Java argument: -Djava.awt.headless=false
Java argument: -Dcacio.managed.screensize=2772x1272
Java argument: -Dcacio.font.fontmanager=sun.awt.X11FontManager
Java argument: -Dcacio.font.fontscaler=sun.font.FreetypeFontScaler
Java argument: -Dswing.defaultlaf=javax.swing.plaf.nimbus.NimbusLookAndFeel
Java argument: -Dawt.toolkit=com.github.caciocavallosilano.cacio.ctc.CTCToolkit
Java argument: -Djava.awt.graphicsenv=com.github.caciocavallosilano.cacio.ctc.CTCGraphicsEnvironment
Java argument: -javaagent:/data/user/0/com.tungsten.fcl/app_runtime/caciocavallo17/cacio-agent.jar
Java argument: --add-exports=java.desktop/java.awt=ALL-UNNAMED
Java argument: --add-exports=java.desktop/java.awt.peer=ALL-UNNAMED
Java argument: --add-exports=java.desktop/sun.awt.image=ALL-UNNAMED
Java argument: --add-exports=java.desktop/sun.java2d=ALL-UNNAMED
Java argument: --add-exports=java.desktop/java.awt.dnd.peer=ALL-UNNAMED
Java argument: --add-exports=java.desktop/sun.awt=ALL-UNNAMED
Java argument: --add-exports=java.desktop/sun.awt.event=ALL-UNNAMED
Java argument: --add-exports=java.desktop/sun.awt.datatransfer=ALL-UNNAMED
Java argument: --add-exports=java.desktop/sun.font=ALL-UNNAMED
Java argument: --add-exports=java.base/sun.security.action=ALL-UNNAMED
Java argument: --add-opens=java.base/java.util=ALL-UNNAMED
Java argument: --add-opens=java.desktop/java.awt=ALL-UNNAMED
Java argument: --add-opens=java.desktop/sun.font=ALL-UNNAMED
Java argument: --add-opens=java.desktop/sun.java2d=ALL-UNNAMED
Java argument: --add-opens=java.base/java.lang.reflect=ALL-UNNAMED
Java argument: --add-opens=java.base/java.net=ALL-UNNAMED
Java argument: -Xbootclasspath/a:/data/user/0/com.tungsten.fcl/app_runtime/caciocavallo17/cacio-agent.jar:/data/user/0/com.tungsten.fcl/app_runtime/caciocavallo17/cacio-shared-1.19.1-SNAPSHOT.jar:/data/user/0/com.tungsten.fcl/app_runtime/caciocavallo17/cacio-tta-1.19.1-SNAPSHOT.jar
Java argument: -Xmx2908m
Java argument: -Xms2048m
Java argument: -Dfile.encoding=UTF-8
Java argument: -Dstdout.encoding=UTF-8
Java argument: -Dstderr.encoding=UTF-8
Java argument: -Djava.rmi.server.useCodebaseOnly=true
Java argument: -Dcom.sun.jndi.rmi.object.trustURLCodebase=false
Java argument: -Dcom.sun.jndi.cosnaming.object.trustURLCodebase=false
Java argument: -Dlog4j2.formatMsgNoLookups=true
Java argument: -Dlog4j.configurationFile=/storage/emulated/0/FCL/.minecraft/versions/1.21.11/log4j2.xml
Java argument: -Dminecraft.client.jar=/storage/emulated/0/FCL/.minecraft/versions/1.21.11/1.21.11.jar
Java argument: -XX:ActiveProcessorCount=8
Java argument: -Dfml.ignoreInvalidMinecraftCertificates=true
Java argument: -Dfml.ignorePatchDiscrepancies=true
Java argument: -Dext.net.resolvPath=/data/user/0/com.tungsten.fcl/app_runtime/java/resolv.conf
Java argument: -Djava.io.tmpdir=/data/user/0/com.tungsten.fcl/cache/fclauncher
Java argument: -Dos.name=Linux
Java argument: -Dos.version=Android-16
Java argument: -Dorg.lwjgl.opengl.libname=/data/app/~~DmUABHo6B5I9biIQAwtSvw==/com.fcl.plugin.fluorategl-wFF1qsqkqaJQ0hgCLObxQw==/lib/arm64/libfluorategl.so
Java argument: -Dorg.lwjgl.freetype.libname=/data/app/~~x_j5flmUtDs1badK5GgNuQ==/com.tungsten.fcl-Cwrmm2i08nTzC3lc52t1Rw==/lib/arm64/libfreetype.so
Java argument: -Dfml.earlyprogresswindow=false
Java argument: -Dglfwstub.windowWidth=2772
Java argument: -Dglfwstub.windowHeight=1272
Java argument: -Dglfwstub.initEgl=false
Java argument: -Dloader.disable_forked_guis=true
Java argument: -Duser.home=/storage/emulated/0/FCL/.minecraft
Java argument: -Duser.language=zh
Java argument: -Duser.country=CN
Java argument: -Duser.timezone=Asia/Shanghai
Java argument: -Dorg.lwjgl.vulkan.libname=libvulkan.so
Java argument: -Dorg.lwjgl.spvc.libname=spirv-cross-c-shared
Java argument: -Dsodium.checks.issue2561=false
Java argument: -Djdk.lang.Process.launchMechanism=FORK
Java argument: -Dcpu.name=SM7635
Java argument: -Djna.boot.library.path=/data/user/0/com.tungsten.fcl/app_runtime/jna/5.17.0
Java argument: -javaagent:/data/user/0/com.tungsten.fcl/files/plugins/MioLibPatcher.jar
Java argument: -Djava.library.path=/data/user/0/com.tungsten.fcl/app_runtime/java/jre21/lib:/data/user/0/com.tungsten.fcl/app_runtime/java/jre21/lib/jli:/data/user/0/com.tungsten.fcl/app_runtime/java/jre21/lib/server:/data/user/0/com.tungsten.fcl/app_runtime/jna:/data/app/~~DmUABHo6B5I9biIQAwtSvw==/com.fcl.plugin.fluorategl-wFF1qsqkqaJQ0hgCLObxQw==/lib/arm64:/data/user/0/com.tungsten.fcl/app_runtime_mod:/data/app/~~x_j5flmUtDs1badK5GgNuQ==/com.tungsten.fcl-Cwrmm2i08nTzC3lc52t1Rw==/lib/arm64:/system/lib64:/vendor/lib64:/vendor/lib64/hw:/system_ext/lib64
Java argument: -Djna.tmpdir=/data/user/0/com.tungsten.fcl/cache/fclauncher
Java argument: -Dorg.lwjgl.system.SharedLibraryExtractPath=/data/user/0/com.tungsten.fcl/cache/fclauncher
Java argument: -Dio.netty.native.workdir=/data/user/0/com.tungsten.fcl/cache/fclauncher
Java argument: -Dminecraft.launcher.brand=Fold Craft Launcher
Java argument: -Dminecraft.launcher.version=1.3.1.8
Java argument: -cp
Java argument: /data/user/0/com.tungsten.fcl/app_runtime/lwjgl/lwjgl.jar:/storage/emulated/0/FCL/.minecraft/libraries/at/yawk/lz4/lz4-java/1.8.1/lz4-java-1.8.1.jar:/storage/emulated/0/FCL/.minecraft/libraries/com/azure/azure-json/1.4.0/azure-json-1.4.0.jar:/storage/emulated/0/FCL/.minecraft/libraries/com/github/oshi/oshi-core/6.9.0/oshi-core-6.9.0.jar:/storage/emulated/0/FCL/.minecraft/libraries/com/google/code/gson/gson/2.13.2/gson-2.13.2.jar:/storage/emulated/0/FCL/.minecraft/libraries/com/google/guava/failureaccess/1.0.3/failureaccess-1.0.3.jar:/storage/emulated/0/FCL/.minecraft/libraries/com/google/guava/guava/33.5.0-jre/guava-33.5.0-jre.jar:/storage/emulated/0/FCL/.minecraft/libraries/com/ibm/icu/icu4j/77.1/icu4j-77.1.jar:/storage/emulated/0/FCL/.minecraft/libraries/com/microsoft/azure/msal4j/1.23.1/msal4j-1.23.1.jar:/storage/emulated/0/FCL/.minecraft/libraries/com/mojang/authlib/7.0.61/authlib-7.0.61.jar:/storage/emulated/0/FCL/.minecraft/libraries/com/mojang/blocklist/1.0.10/blocklist-1.0.10.jar:/storage/emulated/0/FCL/.minecraft/libraries/com/mojang/brigadier/1.3.10/brigadier-1.3.10.jar:/storage/emulated/0/FCL/.minecraft/libraries/com/mojang/datafixerupper/9.0.19/datafixerupper-9.0.19.jar:/storage/emulated/0/FCL/.minecraft/libraries/com/mojang/jtracy/1.0.37/jtracy-1.0.37.jar:/storage/emulated/0/FCL/.minecraft/libraries/com/mojang/logging/1.6.11/logging-1.6.11.jar:/storage/emulated/0/FCL/.minecraft/libraries/com/mojang/patchy/2.2.10/patchy-2.2.10.jar:/storage/emulated/0/FCL/.minecraft/libraries/com/mojang/text2speech/1.18.11/text2speech-1.18.11.jar:/storage/emulated/0/FCL/.minecraft/libraries/commons-codec/commons-codec/1.19.0/commons-codec-1.19.0.jar:/storage/emulated/0/FCL/.minecraft/libraries/commons-io/commons-io/2.20.0/commons-io-2.20.0.jar:/storage/emulated/0/FCL/.minecraft/libraries/io/netty/netty-buffer/4.2.7.Final/netty-buffer-4.2.7.Final.jar:/storage/emulated/0/FCL/.minecraft/libraries/io/netty/netty-codec-base/4.2.7.Final/netty-codec-base-4.2.7.Final.jar:/storage/emulated/0/FCL/.minecraft/libraries/io/netty/netty-codec-compression/4.2.7.Final/netty-codec-compression-4.2.7.Final.jar:/storage/emulated/0/FCL/.minecraft/libraries/io/netty/netty-codec-http/4.2.7.Final/netty-codec-http-4.2.7.Final.jar:/storage/emulated/0/FCL/.minecraft/libraries/io/netty/netty-common/4.2.7.Final/netty-common-4.2.7.Final.jar:/storage/emulated/0/FCL/.minecraft/libraries/io/netty/netty-handler/4.2.7.Final/netty-handler-4.2.7.Final.jar:/storage/emulated/0/FCL/.minecraft/libraries/io/netty/netty-resolver/4.2.7.Final/netty-resolver-4.2.7.Final.jar:/storage/emulated/0/FCL/.minecraft/libraries/io/netty/netty-transport-classes-epoll/4.2.7.Final/netty-transport-classes-epoll-4.2.7.Final.jar:/storage/emulated/0/FCL/.minecraft/libraries/io/netty/netty-transport-classes-kqueue/4.2.7.Final/netty-transport-classes-kqueue-4.2.7.Final.jar:/storage/emulated/0/FCL/.minecraft/libraries/io/netty/netty-transport-native-unix-common/4.2.7.Final/netty-transport-native-unix-common-4.2.7.Final.jar:/storage/emulated/0/FCL/.minecraft/libraries/io/netty/netty-transport/4.2.7.Final/netty-transport-4.2.7.Final.jar:/storage/emulated/0/FCL/.minecraft/libraries/it/unimi/dsi/fastutil/8.5.18/fastutil-8.5.18.jar:/storage/emulated/0/FCL/.minecraft/libraries/net/java/dev/jna/jna-platform/5.17.0/jna-platform-5.17.0.jar:/storage/emulated/0/FCL/.minecraft/libraries/net/java/dev/jna/jna/5.17.0/jna-5.17.0.jar:/storage/emulated/0/FCL/.minecraft/libraries/net/sf/jopt-simple/jopt-simple/5.0.4/jopt-simple-5.0.4.jar:/storage/emulated/0/FCL/.minecraft/libraries/org/apache/commons/commons-compress/1.28.0/commons-compress-1.28.0.jar:/storage/emulated/0/FCL/.minecraft/libraries/org/apache/commons/commons-lang3/3.19.0/commons-lang3-3.19.0.jar:/storage/emulated/0/FCL/.minecraft/libraries/org/apache/logging/log4j/log4j-api/2.25.2/log4j-api-2.25.2.jar:/storage/emulated/0/FCL/.minecraft/libraries/org/apache/logging/log4j/log4j-core/2.25.2/log4j-core-2.25.2.jar:/storage/emulated/0/FCL/.minecraft/libraries/org/apache/logging/log4j/log4j-slf4j2-impl/2.25.2/log4j-slf4j2-impl-2.25.2.jar:/storage/emulated/0/FCL/.minecraft/libraries/org/jcraft/jorbis/0.0.17/jorbis-0.0.17.jar:/storage/emulated/0/FCL/.minecraft/libraries/org/joml/joml/1.10.8/joml-1.10.8.jar:/storage/emulated/0/FCL/.minecraft/libraries/org/jspecify/jspecify/1.0.0/jspecify-1.0.0.jar:/storage/emulated/0/FCL/.minecraft/libraries/org/slf4j/slf4j-api/2.0.17/slf4j-api-2.0.17.jar:/data/user/0/com.tungsten.fcl/files/plugins/MioLaunchWrapper.jar:/storage/emulated/0/FCL/.minecraft/versions/1.21.11/1.21.11.jar
Java argument: --add-exports
Java argument: net.minecraft.client.main/net.minecraft.client.main=ALL-UNNAMED
MainClass: mio.Wrapper
MainClass: net.minecraft.client.main.Main
Minecraft argument: --username
Minecraft argument: fei
Minecraft argument: --version
Minecraft argument: 1.21.11
Minecraft argument: --gameDir
Minecraft argument: /storage/emulated/0/FCL/.minecraft/versions/1.21.11
Minecraft argument: --assetsDir
Minecraft argument: /storage/emulated/0/FCL/.minecraft/assets
Minecraft argument: --assetIndex
Minecraft argument: 29
Minecraft argument: --uuid
Minecraft argument: 8ac0a1f56ec636199e38da3499915b28
Minecraft argument: --accessToken
Minecraft argument: ***
Minecraft argument: --clientId
Minecraft argument: ${clientid}
Minecraft argument: --xuid
Minecraft argument: ${auth_xuid}
Minecraft argument: --versionType
Minecraft argument: Fold Craft Launcher
Minecraft argument: --width
Minecraft argument: 2772
Minecraft argument: --height
Minecraft argument: 1272
Hook success
Done processing args
[FCL Internal] /home/runner/work/FoldCraftLauncher/FoldCraftLauncher/FCLauncher/src/main/jni/jre_launcher.c:146
Found JLI lib
[FCL Internal] /home/runner/work/FoldCraftLauncher/FoldCraftLauncher/FCLauncher/src/main/jni/jre_launcher.c:158
Calling JLI_Launch
WARNING: Unknown module: net.minecraft.client.main specified to --add-exports
[MioLibPatcher/INFO]: MioPatcher is running!
[MioLibPatcher/INFO]: Patch target class: oshi/hardware/CentralProcessor$ProcessorIdentifier
[14:20:46] [main/WARN]: Did not find udev library in operating system. Some features may not work.
[14:20:47] [main/WARN]: File not found or not readable: /proc/stat
[14:20:49] [Datafixer Bootstrap/INFO]: 287 Datafixer optimizations took 3137 milliseconds
[14:21:06] [Render thread/INFO]: Environment: Environment[sessionHost=https://sessionserver.mojang.com, servicesHost=https://api.minecraftservices.com, profilesHost=https://api.mojang.com, name=PROD]
[14:21:06] [Render thread/INFO]: Setting user: fei
Registered forkAndExec
LwjglLinkerHook:Installing LWJGL dlopen() hook
[14:21:06] [Render thread/INFO]: [STDOUT]: [MioLibPatcher/INFO]: Patch target class: org/lwjgl/system/Library
[LWJGL] Failed to load a library. Possible solutions:
	a) Add the directory that contains the shared library to -Djava.library.path or -Dorg.lwjgl.librarypath.
	b) Add the JAR that contains the shared library to the classpath.
[LWJGL] Enable debug mode with -Dorg.lwjgl.util.Debug=true for better diagnostics.
[LWJGL] Enable the SharedLibraryLoader debug mode with -Dorg.lwjgl.util.DebugLoader=true for better diagnostics.
[14:21:07] [Render thread/INFO]: Backend library: LWJGL version 3.3.6-snapshot
[14:21:07] [Render thread/WARN]: Detected unexpected shutdown during last game startup: resetting fullscreen mode
EGLBridge: Binding to OpenGL ES
[14:21:08] [Download-2/ERROR]: Failed to fetch user properties
com.mojang.authlib.exceptions.InvalidCredentialsException: Status: 401
	at com.mojang.authlib.exceptions.MinecraftClientHttpException.toAuthenticationException(MinecraftClientHttpException.java:59)
	at com.mojang.authlib.yggdrasil.YggdrasilUserApiService.fetchProperties(YggdrasilUserApiService.java:150)
	at gfj.bU(SourceFile:457)
	at java.base/java.util.concurrent.CompletableFuture$AsyncSupply.run(Unknown Source)
	at java.base/java.util.concurrent.ThreadPoolExecutor.runWorker(Unknown Source)
	at java.base/java.util.concurrent.ThreadPoolExecutor$Worker.run(Unknown Source)
	at java.base/java.lang.Thread.run(Unknown Source)
Caused by: com.mojang.authlib.exceptions.MinecraftClientHttpException: Status: 401
	at com.mojang.authlib.minecraft.client.MinecraftClient.readInputStream(MinecraftClient.java:103)
	at com.mojang.authlib.minecraft.client.MinecraftClient.get(MinecraftClient.java:56)
	at com.mojang.authlib.yggdrasil.YggdrasilUserApiService.fetchProperties(YggdrasilUserApiService.java:121)
	... 5 more
[INFO] [FluorateGL] === 首次 GL 调用，游戏渲染管线已启动 ===
[INFO] [FluorateGL] 已屏蔽 GLES Debug PERFORMANCE/OTHER 消息
[INFO] [FluorateGL] GLES version: OpenGL ES 3.2 V@0800.67 (GIT@d9c51359ee, Ib0a60ffc99, 1766483289) (Date:12/23/25)
[INFO] [FluorateGL] GPU: Adreno (TM) 810
[INFO] [FluorateGL] Vendor: Qualcomm
[DEBUG] [FluorateGL] glGetIntegerv(0x821B) -> 3
[DEBUG] [FluorateGL] glGetIntegerv(0x821C) -> 2
[DEBUG] [FluorateGL] glGetIntegerv(0x821D) -> 49
[DEBUG] [FluorateGL] glGetStringi(0x1F03, 0) -> 0x7443e5104d
[DEBUG] [FluorateGL] glGetStringi(0x1F03, 1) -> 0x7443e9e853
[DEBUG] [FluorateGL] glGetStringi(0x1F03, 2) -> 0x7443e94823
[DEBUG] [FluorateGL] glGetStringi(0x1F03, 3) -> 0x7443eaf542
[DEBUG] [FluorateGL] glGetStringi(0x1F03, 4) -> 0x7443e99268
[DEBUG] [FluorateGL] glGetStringi(0x1F03, 5) -> 0x7443ea5e63
[DEBUG] [FluorateGL] glGetStringi(0x1F03, 6) -> 0x7443e78533
[DEBUG] [FluorateGL] glGetStringi(0x1F03, 7) -> 0x7443e849c3
[DEBUG] [FluorateGL] glGetStringi(0x1F03, 8) -> 0x7443e86d46
[DEBUG] [FluorateGL] glGetStringi(0x1F03, 9) -> 0x7443e52b11
[DEBUG] [FluorateGL] glGetStringi(0x1F03, 10) -> 0x7443e8e45a
[DEBUG] [FluorateGL] glGetStringi(0x1F03, 11) -> 0x7443e57fc6
[DEBUG] [FluorateGL] glGetStringi(0x1F03, 12) -> 0x7443ea9ab9
[DEBUG] [FluorateGL] glGetStringi(0x1F03, 13) -> 0x7443ea3d65
[DEBUG] [FluorateGL] glGetStringi(0x1F03, 14) -> 0x7443e7613b
[DEBUG] [FluorateGL] glGetStringi(0x1F03, 15) -> 0x7443e71a4f
[DEBUG] [FluorateGL] glGetStringi(0x1F03, 16) -> 0x7443e76154
[DEBUG] [FluorateGL] glGetStringi(0x1F03, 17) -> 0x7443e57fdb
[DEBUG] [FluorateGL] glGetStringi(0x1F03, 18) -> 0x7443e54c61
[DEBUG] [FluorateGL] glGetStringi(0x1F03, 19) -> 0x7443e78552
[DEBUG] [FluorateGL] glGetStringi(0x1F03, 20) -> 0x7443e7b70a
[DEBUG] [FluorateGL] glGetStringi(0x1F03, 21) -> 0x7443e6a86c
[DEBUG] [FluorateGL] glGetStringi(0x1F03, 22) -> 0x7443e7b72a
[DEBUG] [FluorateGL] glGetStringi(0x1F03, 23) -> 0x7443e88f07
[DEBUG] [FluorateGL] glGetStringi(0x1F03, 24) -> 0x7443e88f29
[DEBUG] [FluorateGL] glGetStringi(0x1F03, 25) -> 0x7443e8e474
[DEBUG] [FluorateGL] glGetStringi(0x1F03, 26) -> 0x7443e54c7b
[DEBUG] [FluorateGL] glGetStringi(0x1F03, 27) -> 0x7443e51068
[DEBUG] [FluorateGL] glGetStringi(0x1F03, 28) -> 0x7443e9e86d
[DEBUG] [FluorateGL] glGetStringi(0x1F03, 29) -> 0x7443e65099
[DEBUG] [FluorateGL] glGetStringi(0x1F03, 30) -> 0x7443e81ada
[DEBUG] [FluorateGL] glGetStringi(0x1F03, 31) -> 0x7443e650bd
[DEBUG] [FluorateGL] glGetStringi(0x1F03, 32) -> 0x7443e73cbb
[DEBUG] [FluorateGL] glGetStringi(0x1F03, 33) -> 0x7443e54c97
[DEBUG] [FluorateGL] glGetStringi(0x1F03, 34) -> 0x7443e9483b
[DEBUG] [FluorateGL] glGetStringi(0x1F03, 35) -> 0x7443e7b74a
[DEBUG] [FluorateGL] glGetStringi(0x1F03, 36) -> 0x7443e8e48e
[DEBUG] [FluorateGL] glGetStringi(0x1F03, 37) -> 0x7443e54cb8
[DEBUG] [FluorateGL] glGetStringi(0x1F03, 38) -> 0x7443e909e8
[DEBUG] [FluorateGL] glGetStringi(0x1F03, 39) -> 0x7443ea5e82
[DEBUG] [FluorateGL] glGetStringi(0x1F03, 40) -> 0x7443e619f0
[DEBUG] [FluorateGL] glGetStringi(0x1F03, 41) -> 0x7443e61a0c
[DEBUG] [FluorateGL] glGetStringi(0x1F03, 42) -> 0x7443e9928c
[DEBUG] [FluorateGL] glGetStringi(0x1F03, 43) -> 0x7443e78564
[DEBUG] [FluorateGL] glGetStringi(0x1F03, 44) -> 0x7443e6a88c
[DEBUG] [FluorateGL] glGetStringi(0x1F03, 45) -> 0x7443e650d2
[DEBUG] [FluorateGL] glGetStringi(0x1F03, 46) -> 0x7443ea3d7a
[DEBUG] [FluorateGL] glGetStringi(0x1F03, 47) -> 0x7443e9e87d
[DEBUG] [FluorateGL] glGetStringi(0x1F03, 48) -> 0x7443e61a22
[DEBUG] [FluorateGL] glGetIntegerv(0x821E) -> 0
[DEBUG] [FluorateGL] glGetIntegerv(0x9126) -> 1
[DEBUG] [FluorateGL] eglGetProcAddress(glBindTexture) -> self handle
[DEBUG] [FluorateGL] eglGetProcAddress(glDrawArrays) -> self handle
[INFO] [FluorateGL] === 首次 EGL 调用 ===
[DEBUG] [FluorateGL] eglGetProcAddress(glDrawElements) -> self handle
[DEBUG] [FluorateGL] eglGetProcAddress(glGenTextures) -> self handle
[DEBUG] [FluorateGL] eglGetProcAddress(glDeleteTextures) -> self handle
[DEBUG] [FluorateGL] eglGetProcAddress(glBindBuffer) -> self handle
[DEBUG] [FluorateGL] eglGetProcAddress(glDeleteBuffers) -> self handle
[DEBUG] [FluorateGL] eglGetProcAddress(glGenBuffers) -> self handle
[DEBUG] [FluorateGL] eglGetProcAddress(glBufferData) -> self handle
[DEBUG] [FluorateGL] eglGetProcAddress(glBufferSubData) -> self handle
[DEBUG] [FluorateGL] eglGetProcAddress(glCreateProgram) -> self handle
[DEBUG] [FluorateGL] eglGetProcAddress(glDeleteProgram) -> self handle
[DEBUG] [FluorateGL] eglGetProcAddress(glCreateShader) -> self handle
[DEBUG] [FluorateGL] eglGetProcAddress(glDeleteShader) -> self handle
[DEBUG] [FluorateGL] eglGetProcAddress(glAttachShader) -> self handle
[DEBUG] [FluorateGL] eglGetProcAddress(glDetachShader) -> self handle
[DEBUG] [FluorateGL] eglGetProcAddress(glShaderSource) -> self handle
[DEBUG] [FluorateGL] eglGetProcAddress(glCompileShader) -> self handle
[DEBUG] [FluorateGL] eglGetProcAddress(glLinkProgram) -> self handle
[DEBUG] [FluorateGL] eglGetProcAddress(glUseProgram) -> self handle
[DEBUG] [FluorateGL] eglGetProcAddress(glGetShaderiv) -> self handle
[DEBUG] [FluorateGL] eglGetProcAddress(glGetProgramiv) -> self handle
[DEBUG] [FluorateGL] eglGetProcAddress(glGetShaderInfoLog) -> self handle
[DEBUG] [FluorateGL] eglGetProcAddress(glGetProgramInfoLog) -> self handle
[DEBUG] [FluorateGL] eglGetProcAddress(glVertexAttribPointer) -> self handle
[DEBUG] [FluorateGL] eglGetProcAddress(glEnableVertexAttribArray) -> self handle
[DEBUG] [FluorateGL] eglGetProcAddress(glBindFramebuffer) -> self handle
[DEBUG] [FluorateGL] eglGetProcAddress(glDeleteFramebuffers) -> self handle
[DEBUG] [FluorateGL] eglGetProcAddress(glGenFramebuffers) -> self handle
[DEBUG] [FluorateGL] eglGetProcAddress(glBindVertexArray) -> self handle
[DEBUG] [FluorateGL] eglGetProcAddress(glDeleteVertexArrays) -> self handle
[DEBUG] [FluorateGL] eglGetProcAddress(glGenVertexArrays) -> self handle
[DEBUG] [FluorateGL] eglGetProcAddress(glTexBuffer) -> self handle
[DEBUG] [FluorateGL] eglGetProcAddress(glBindVertexBuffer) -> self handle
[DEBUG] [FluorateGL] eglGetProcAddress(glVertexAttribFormat) -> self handle
[DEBUG] [FluorateGL] eglGetProcAddress(glVertexAttribIFormat) -> self handle
[DEBUG] [FluorateGL] eglGetProcAddress(glVertexAttribBinding) -> self handle
[DEBUG] [FluorateGL] glGetIntegerv(0x0D33) -> 16384
[DEBUG] [FluorateGL] glTexImage2D(target=0x8064, level=0, internalformat=0x1908, 32768x32768, format=0x1908, type=0x1401, pixels=0x0)
[DEBUG] [FluorateGL] glTexImage2D: normalized internalformat 0x1908 -> 0x8058
[DEBUG] [FluorateGL] glTexImage2D(target=0x8064, level=0, internalformat=0x1908, 16384x16384, format=0x1908, type=0x1401, pixels=0x0)
[DEBUG] [FluorateGL] glTexImage2D: normalized internalformat 0x1908 -> 0x8058
[DEBUG] [FluorateGL] glTexImage2D(target=0x8064, level=0, internalformat=0x1908, 8192x8192, format=0x1908, type=0x1401, pixels=0x0)
[DEBUG] [FluorateGL] glTexImage2D: normalized internalformat 0x1908 -> 0x8058
[DEBUG] [FluorateGL] glTexImage2D(target=0x8064, level=0, internalformat=0x1908, 4096x4096, format=0x1908, type=0x1401, pixels=0x0)
[DEBUG] [FluorateGL] glTexImage2D: normalized internalformat 0x1908 -> 0x8058
[DEBUG] [FluorateGL] glTexImage2D(target=0x8064, level=0, internalformat=0x1908, 2048x2048, format=0x1908, type=0x1401, pixels=0x0)
[DEBUG] [FluorateGL] glTexImage2D: normalized internalformat 0x1908 -> 0x8058
[DEBUG] [FluorateGL] glTexImage2D(target=0x8064, level=0, internalformat=0x1908, 1024x1024, format=0x1908, type=0x1401, pixels=0x0)
[DEBUG] [FluorateGL] glTexImage2D: normalized internalformat 0x1908 -> 0x8058
[14:21:09] [Render thread/INFO]: Failed to determine maximum texture size by probing, trying GL_MAX_TEXTURE_SIZE = 16384
[DEBUG] [FluorateGL] glGetString(0x1F01) -> 0x74154fe000
[DEBUG] [FluorateGL] glGetString(0x1F01) -> 0x74154fe000
[DEBUG] [FluorateGL] glGetString(0x1F01) -> 0x74154fe000
[DEBUG] [FluorateGL] glGetString(0x1F00) -> 0x73fdd1ca21
[INFO] [FluorateGL] State initialized on thread None (tid=13770)
[DEBUG] [FluorateGL] glGetIntegerv(0x8A34) -> 32
[DEBUG] [FluorateGL] glEnable(0x884F) ignored (unsupported in GLES)
[DEBUG] [FluorateGL] glEnable(0x8642) ignored (unsupported in GLES)
[DEBUG] [FluorateGL] glGetString(0x1F01) -> 0x74154fe000
[DEBUG] [FluorateGL] glGetString(0x1F02) -> 0x7443e57ff0
[DEBUG] [FluorateGL] glGetString(0x1F00) -> 0x73fdd1ca21
[WARN] [FluorateGL] glGetError() -> 0x0500 (GL error)
[DEBUG] [FluorateGL] glGenBuffers: GLES 1 -> desktop 1 (tid=13770)
[DEBUG] [FluorateGL] glBindBuffer(0x8A11): desktop 1 -> GLES 1 (tid=13770)
[DEBUG] [FluorateGL] glBindBuffer(0x8A11): desktop 1 -> GLES 1 (tid=13770)
[DEBUG] [FluorateGL] glGenBuffers: GLES 2 -> desktop 2 (tid=13770)
[DEBUG] [FluorateGL] glBindBuffer(0x8A11): desktop 2 -> GLES 2 (tid=13770)
[DEBUG] [FluorateGL] glBindBuffer(0x8A11): desktop 2 -> GLES 2 (tid=13770)
[DEBUG] [FluorateGL] glGenBuffers: GLES 3 -> desktop 3 (tid=13770)
[DEBUG] [FluorateGL] glBindBuffer(0x8A11): desktop 3 -> GLES 3 (tid=13770)
[DEBUG] [FluorateGL] glBindBuffer(0x8A11): desktop 3 -> GLES 3 (tid=13770)
[DEBUG] [FluorateGL] glGenBuffers: GLES 4 -> desktop 4 (tid=13770)
[DEBUG] [FluorateGL] glBindBuffer(0x8A11): desktop 4 -> GLES 4 (tid=13770)
[DEBUG] [FluorateGL] glBindBuffer(0x8A11): desktop 4 -> GLES 4 (tid=13770)
[DEBUG] [FluorateGL] glGenBuffers: GLES 5 -> desktop 5 (tid=13770)
[DEBUG] [FluorateGL] glBindBuffer(0x8A11): desktop 5 -> GLES 5 (tid=13770)
[DEBUG] [FluorateGL] glBindBuffer(0x8A11): desktop 5 -> GLES 5 (tid=13770)
[DEBUG] [FluorateGL] glGenBuffers: GLES 6 -> desktop 6 (tid=13770)
[DEBUG] [FluorateGL] glBindBuffer(0x8A11): desktop 6 -> GLES 6 (tid=13770)
[DEBUG] [FluorateGL] glBindBuffer(0x8A11): desktop 6 -> GLES 6 (tid=13770)
[14:21:10] [Render thread/INFO]: Using optional rendering extensions: GL_ARB_buffer_storage, GL_KHR_debug, GL_ARB_vertex_attrib_binding, GL_EXT_texture_filter_anisotropic
[DEBUG] [FluorateGL] glGenTextures(n=1)
[DEBUG] [FluorateGL] glBindTexture(target=0x0DE1, texture=1)
[DEBUG] [FluorateGL] glTexParameteri(target=0x0DE1, pname=0x813D, param=0)
[DEBUG] [FluorateGL] glTexParameteri(target=0x0DE1, pname=0x813A, param=0)
[DEBUG] [FluorateGL] glTexParameteri(target=0x0DE1, pname=0x813B, param=0)
[DEBUG] [FluorateGL] glTexImage2D(target=0x0DE1, level=0, internalformat=0x8058, 2772x1272, format=0x1908, type=0x1401, pixels=0x0)
[DEBUG] [FluorateGL] glGenTextures(n=1)
[DEBUG] [FluorateGL] glBindTexture(target=0x0DE1, texture=2)
[DEBUG] [FluorateGL] glTexParameteri(target=0x0DE1, pname=0x813D, param=0)
[DEBUG] [FluorateGL] glTexParameteri(target=0x0DE1, pname=0x813A, param=0)
[DEBUG] [FluorateGL] glTexParameteri(target=0x0DE1, pname=0x813B, param=0)
[DEBUG] [FluorateGL] glTexParameteri(target=0x0DE1, pname=0x884C, param=0)
[DEBUG] [FluorateGL] glTexImage2D(target=0x0DE1, level=0, internalformat=0x81A7, 2772x1272, format=0x1902, type=0x1406, pixels=0x0)
[DEBUG] [FluorateGL] glTexImage2D: normalized internalformat 0x81A7 -> 0x8CAC
[DEBUG] [FluorateGL] glGenTextures(n=1)
[DEBUG] [FluorateGL] glBindTexture(target=0x0DE1, texture=3)
[DEBUG] [FluorateGL] glTexParameteri(target=0x0DE1, pname=0x813D, param=0)
[DEBUG] [FluorateGL] glTexParameteri(target=0x0DE1, pname=0x813A, param=0)
[DEBUG] [FluorateGL] glTexParameteri(target=0x0DE1, pname=0x813B, param=0)
[DEBUG] [FluorateGL] glTexImage2D(target=0x0DE1, level=0, internalformat=0x8058, 16x16, format=0x1908, type=0x1401, pixels=0x0)
[DEBUG] [FluorateGL] glGenBuffers: GLES 7 -> desktop 7 (tid=13770)
[DEBUG] [FluorateGL] glBindBuffer(0x8A11): desktop 7 -> GLES 7 (tid=13770)
[DEBUG] [FluorateGL] glGenTextures(n=1)
[DEBUG] [FluorateGL] glBindTexture(target=0x0DE1, texture=4)
[DEBUG] [FluorateGL] glTexParameteri(target=0x0DE1, pname=0x813D, param=0)
[DEBUG] [FluorateGL] glTexParameteri(target=0x0DE1, pname=0x813A, param=0)
[DEBUG] [FluorateGL] glTexParameteri(target=0x0DE1, pname=0x813B, param=0)
[DEBUG] [FluorateGL] glTexImage2D(target=0x0DE1, level=0, internalformat=0x8058, 256x256, format=0x1908, type=0x1401, pixels=0x0)
[DEBUG] [FluorateGL] glGenTextures(n=1)
[DEBUG] [FluorateGL] glBindTexture(target=0x0DE1, texture=5)
[DEBUG] [FluorateGL] glTexParameteri(target=0x0DE1, pname=0x813D, param=0)
[DEBUG] [FluorateGL] glTexParameteri(target=0x0DE1, pname=0x813A, param=0)
[DEBUG] [FluorateGL] glTexParameteri(target=0x0DE1, pname=0x813B, param=0)
[DEBUG] [FluorateGL] glTexImage2D(target=0x0DE1, level=0, internalformat=0x8058, 16x16, format=0x1908, type=0x1401, pixels=0x0)
[DEBUG] [FluorateGL] glGenBuffers: GLES 8 -> desktop 8 (tid=13770)
[DEBUG] [FluorateGL] glBindBuffer(0x8A11): desktop 8 -> GLES 8 (tid=13770)
[DEBUG] [FluorateGL] glGenBuffers: GLES 9 -> desktop 9 (tid=13770)
[DEBUG] [FluorateGL] glBindBuffer(0x8892): desktop 9 -> GLES 9 (tid=13770)
[DEBUG] [FluorateGL] glGenBuffers: GLES 10 -> desktop 10 (tid=13770)
[DEBUG] [FluorateGL] glBindBuffer(0x8A11): desktop 10 -> GLES 10 (tid=13770)
[DEBUG] [FluorateGL] glBindBuffer(0x8A11): desktop 10 -> GLES 10 (tid=13770)
[DEBUG] [FluorateGL] glGenBuffers: GLES 11 -> desktop 11 (tid=13770)
[DEBUG] [FluorateGL] glBindBuffer(0x8A11): desktop 11 -> GLES 11 (tid=13770)
[DEBUG] [FluorateGL] glBindBuffer(0x8A11): desktop 11 -> GLES 11 (tid=13770)
[DEBUG] [FluorateGL] glGenBuffers: GLES 12 -> desktop 12 (tid=13770)
[DEBUG] [FluorateGL] glBindBuffer(0x8A11): desktop 12 -> GLES 12 (tid=13770)
[DEBUG] [FluorateGL] glBindBuffer(0x8A11): desktop 12 -> GLES 12 (tid=13770)
[DEBUG] [FluorateGL] glGenBuffers: GLES 13 -> desktop 13 (tid=13770)
[DEBUG] [FluorateGL] glBindBuffer(0x8A11): desktop 13 -> GLES 13 (tid=13770)
[DEBUG] [FluorateGL] glGenBuffers: GLES 14 -> desktop 14 (tid=13770)
[DEBUG] [FluorateGL] glBindBuffer(0x8A11): desktop 14 -> GLES 14 (tid=13770)
[DEBUG] [FluorateGL] glBindBuffer(0x8A11): desktop 14 -> GLES 14 (tid=13770)
[DEBUG] [FluorateGL] glBindBuffer(0x8A11): desktop 14 -> GLES 14 (tid=13770)
[DEBUG] [FluorateGL] glBindBuffer(0x8A11): desktop 14 -> GLES 14 (tid=13770)
[DEBUG] [FluorateGL] glBindBuffer(0x8A11): desktop 14 -> GLES 14 (tid=13770)
[DEBUG] [FluorateGL] glGenBuffers: GLES 15 -> desktop 15 (tid=13770)
[DEBUG] [FluorateGL] glBindBuffer(0x8A11): desktop 15 -> GLES 15 (tid=13770)
[DEBUG] [FluorateGL] glGenBuffers: GLES 16 -> desktop 16 (tid=13770)
[DEBUG] [FluorateGL] glBindBuffer(0x8A11): desktop 16 -> GLES 16 (tid=13770)
[DEBUG] [FluorateGL] glGenBuffers: GLES 17 -> desktop 17 (tid=13770)
[DEBUG] [FluorateGL] glBindBuffer(0x8A11): desktop 17 -> GLES 17 (tid=13770)
[DEBUG] [FluorateGL] glGenTextures(n=1)
[DEBUG] [FluorateGL] glBindTexture(target=0x0DE1, texture=6)
[DEBUG] [FluorateGL] glTexParameteri(target=0x0DE1, pname=0x813D, param=0)
[DEBUG] [FluorateGL] glTexParameteri(target=0x0DE1, pname=0x813A, param=0)
[DEBUG] [FluorateGL] glTexParameteri(target=0x0DE1, pname=0x813B, param=0)
[DEBUG] [FluorateGL] glTexImage2D(target=0x0DE1, level=0, internalformat=0x8058, 16x16, format=0x1908, type=0x1401, pixels=0x0)
[DEBUG] [FluorateGL] glFramebufferTexture2D(target=0x8D40, attachment=0x8CE0, textarget=0x0DE1, texture=6, level=0)
[DEBUG] [FluorateGL] glFramebufferTexture2D(target=0x8D40, attachment=0x8D00, textarget=0x0DE1, texture=0, level=0)
[DEBUG] [FluorateGL] glFramebufferTexture2D(target=0x8D40, attachment=0x8CE0, textarget=0x0DE1, texture=0, level=0)
[DEBUG] [FluorateGL] glGenBuffers: GLES 18 -> desktop 18 (tid=13770)
[DEBUG] [FluorateGL] glBindBuffer(0x8A11): desktop 18 -> GLES 18 (tid=13770)
[DEBUG] [FluorateGL] glBindBuffer(0x8A11): desktop 18 -> GLES 18 (tid=13770)
[DEBUG] [FluorateGL] glGenBuffers: GLES 19 -> desktop 19 (tid=13770)
[DEBUG] [FluorateGL] glBindBuffer(0x8A11): desktop 19 -> GLES 19 (tid=13770)
[DEBUG] [FluorateGL] glBindBuffer(0x8A11): desktop 19 -> GLES 19 (tid=13770)
[DEBUG] [FluorateGL] glGenBuffers: GLES 20 -> desktop 20 (tid=13770)
[DEBUG] [FluorateGL] glBindBuffer(0x8A11): desktop 20 -> GLES 20 (tid=13770)
[DEBUG] [FluorateGL] glBindBuffer(0x8A11): desktop 20 -> GLES 20 (tid=13770)
[DEBUG] [FluorateGL] glGenBuffers: GLES 21 -> desktop 21 (tid=13770)
[DEBUG] [FluorateGL] glBindBuffer(0x8A11): desktop 21 -> GLES 21 (tid=13770)
[DEBUG] [FluorateGL] glGenBuffers: GLES 22 -> desktop 22 (tid=13770)
[DEBUG] [FluorateGL] glBindBuffer(0x8A11): desktop 22 -> GLES 22 (tid=13770)
[DEBUG] [FluorateGL] glGenBuffers: GLES 23 -> desktop 23 (tid=13770)
[DEBUG] [FluorateGL] glBindBuffer(0x8A11): desktop 23 -> GLES 23 (tid=13770)
[DEBUG] [FluorateGL] glGenBuffers: GLES 24 -> desktop 24 (tid=13770)
[DEBUG] [FluorateGL] glBindBuffer(0x8A11): desktop 24 -> GLES 24 (tid=13770)
[DEBUG] [FluorateGL] glGenBuffers: GLES 25 -> desktop 25 (tid=13770)
[DEBUG] [FluorateGL] glBindBuffer(0x8A11): desktop 25 -> GLES 25 (tid=13770)
[DEBUG] [FluorateGL] glGenBuffers: GLES 26 -> desktop 26 (tid=13770)
[DEBUG] [FluorateGL] glBindBuffer(0x8A11): desktop 26 -> GLES 26 (tid=13770)
[DEBUG] [FluorateGL] glGenBuffers: GLES 27 -> desktop 27 (tid=13770)
[DEBUG] [FluorateGL] glBindBuffer(0x8A11): desktop 27 -> GLES 27 (tid=13770)
[DEBUG] [FluorateGL] glGenBuffers: GLES 28 -> desktop 28 (tid=13770)
[DEBUG] [FluorateGL] glBindBuffer(0x8A11): desktop 28 -> GLES 28 (tid=13770)
[DEBUG] [FluorateGL] glGenBuffers: GLES 29 -> desktop 29 (tid=13770)
[DEBUG] [FluorateGL] glBindBuffer(0x8A11): desktop 29 -> GLES 29 (tid=13770)
[DEBUG] [FluorateGL] glBindBuffer(0x8A11): desktop 29 -> GLES 29 (tid=13770)
[DEBUG] [FluorateGL] glGenBuffers: GLES 30 -> desktop 30 (tid=13770)
[DEBUG] [FluorateGL] glBindBuffer(0x8A11): desktop 30 -> GLES 30 (tid=13770)
[DEBUG] [FluorateGL] glBindBuffer(0x8A11): desktop 30 -> GLES 30 (tid=13770)
[DEBUG] [FluorateGL] glGenBuffers: GLES 31 -> desktop 31 (tid=13770)
[DEBUG] [FluorateGL] glBindBuffer(0x8A11): desktop 31 -> GLES 31 (tid=13770)
[DEBUG] [FluorateGL] glBindBuffer(0x8A11): desktop 31 -> GLES 31 (tid=13770)
[DEBUG] [FluorateGL] glGenBuffers: GLES 32 -> desktop 32 (tid=13770)
[DEBUG] [FluorateGL] glBindBuffer(0x8892): desktop 32 -> GLES 32 (tid=13770)
[DEBUG] [FluorateGL] glGenBuffers: GLES 33 -> desktop 33 (tid=13770)
[DEBUG] [FluorateGL] glBindBuffer(0x8892): desktop 33 -> GLES 33 (tid=13770)
[DEBUG] [FluorateGL] glGenTextures(n=1)
[DEBUG] [FluorateGL] glBindTexture(target=0x0DE1, texture=7)
[DEBUG] [FluorateGL] glTexParameteri(target=0x0DE1, pname=0x813D, param=0)
[DEBUG] [FluorateGL] glTexParameteri(target=0x0DE1, pname=0x813A, param=0)
[DEBUG] [FluorateGL] glTexParameteri(target=0x0DE1, pname=0x813B, param=0)
[DEBUG] [FluorateGL] glTexParameteri(target=0x0DE1, pname=0x884C, param=0)
[DEBUG] [FluorateGL] glTexImage2D(target=0x0DE1, level=0, internalformat=0x81A7, 2772x1272, format=0x1902, type=0x1406, pixels=0x0)
[DEBUG] [FluorateGL] glTexImage2D: normalized internalformat 0x81A7 -> 0x8CAC
[DEBUG] [FluorateGL] glGenTextures(n=1)
[DEBUG] [FluorateGL] glBindTexture(target=0x0DE1, texture=8)
[DEBUG] [FluorateGL] glTexParameteri(target=0x0DE1, pname=0x813D, param=0)
[DEBUG] [FluorateGL] glTexParameteri(target=0x0DE1, pname=0x813A, param=0)
[DEBUG] [FluorateGL] glTexParameteri(target=0x0DE1, pname=0x813B, param=0)
[DEBUG] [FluorateGL] glTexImage2D(target=0x0DE1, level=0, internalformat=0x8058, 2772x1272, format=0x1908, type=0x1401, pixels=0x0)
[DEBUG] [FluorateGL] glCreateShader(0x8B31)
[DEBUG] [ShaderTranslator] SPIR-V translate start: stage=vertex (0x8B31)
[DEBUG] [ShaderTranslator] glslang SPIR-V compile done: stage=vertex, took 370.140781ms (464 words)
[DEBUG] [ShaderTranslator] SPIR-V translate success: stage=vertex, version=ES320, glslang=389.169219ms, spirv-cross=18.955417ms, total=389.169687ms
[DEBUG] [ShaderTranslator] translated GLSL ES:
#version 320 es
precision highp float;
precision highp int;

layout(std140) uniform Projection
{
    mat4 ProjMat;
} _19;

layout(std140) uniform DynamicTransforms
{
    mat4 ModelViewMat;
    vec4 ColorModulator;
    vec3 ModelOffset;
    mat4 TextureMat;
} _26;

in vec3 Position;
out vec4 vertexColor;
in vec4 Color;

void main()
{
    gl_Position = (_19.ProjMat * _26.ModelViewMat) * vec4(Position, 1.0);
    vertexColor = Color;
    gl_Position.z = 2.0 * gl_Position.z - gl_Position.w;
    gl_Position.y = -gl_Position.y;
}


[DEBUG] [ShaderTranslator] shader 1 stage 0x8B31 translated via SPIR-V (530 chars, took 389.258177ms)
[DEBUG] [FluorateGL] glCompileShader(1)
[DEBUG] [FluorateGL] glCreateShader(0x8B30)
[DEBUG] [ShaderTranslator] SPIR-V translate start: stage=fragment (0x8B30)
[DEBUG] [ShaderTranslator] glslang SPIR-V compile done: stage=fragment, took 12.423385ms (292 words)
[DEBUG] [ShaderTranslator] SPIR-V translate success: stage=fragment, version=ES320, glslang=31.839792ms, spirv-cross=19.385417ms, total=31.840521ms
[DEBUG] [ShaderTranslator] translated GLSL ES:
#version 320 es
precision highp float;
precision highp int;

layout(std140) uniform DynamicTransforms
{
    mat4 ModelViewMat;
    vec4 ColorModulator;
    vec3 ModelOffset;
    mat4 TextureMat;
} _31;

in vec4 vertexColor;
out vec4 fragColor;

void main()
{
    vec4 color = vertexColor;
    if (color.w == 0.0)
    {
        discard;
    }
    fragColor = color * _31.ColorModulator;
}


[DEBUG] [ShaderTranslator] shader 2 stage 0x8B30 translated via SPIR-V (389 chars, took 31.921406ms)
[DEBUG] [FluorateGL] glCompileShader(2)
[DEBUG] [FluorateGL] glCreateProgram()
[DEBUG] [FluorateGL] glAttachShader(1, 1)
[DEBUG] [FluorateGL] glAttachShader(1, 2)
[DEBUG] [FluorateGL] glLinkProgram(1)
[DEBUG] [FluorateGL] glCreateShader(0x8B31)
[DEBUG] [ShaderTranslator] SPIR-V translate start: stage=vertex (0x8B31)
[DEBUG] [ShaderTranslator] glslang SPIR-V compile done: stage=vertex, took 14.79224ms (509 words)
[DEBUG] [ShaderTranslator] SPIR-V translate success: stage=vertex, version=ES320, glslang=33.419688ms, spirv-cross=18.594532ms, total=33.419896ms
[DEBUG] [ShaderTranslator] translated GLSL ES:
#version 320 es
precision highp float;
precision highp int;

layout(std140) uniform Projection
{
    mat4 ProjMat;
} _19;

layout(std140) uniform DynamicTransforms
{
    mat4 ModelViewMat;
    vec4 ColorModulator;
    vec3 ModelOffset;
    mat4 TextureMat;
} _26;

in vec3 Position;
out vec2 texCoord0;
in vec2 UV0;
out vec4 vertexColor;
in vec4 Color;

void main()
{
    gl_Position = (_19.ProjMat * _26.ModelViewMat) * vec4(Position, 1.0);
    texCoord0 = UV0;
    vertexColor = Color;
    gl_Position.z = 2.0 * gl_Position.z - gl_Position.w;
    gl_Position.y = -gl_Position.y;
}


[DEBUG] [ShaderTranslator] shader 3 stage 0x8B31 translated via SPIR-V (584 chars, took 33.484896ms)
[DEBUG] [FluorateGL] glCompileShader(3)
[DEBUG] [FluorateGL] glCreateShader(0x8B30)
[DEBUG] [ShaderTranslator] SPIR-V translate start: stage=fragment (0x8B30)
[DEBUG] [ShaderTranslator] glslang SPIR-V compile done: stage=fragment, took 43.152188ms (366 words)
[DEBUG] [ShaderTranslator] SPIR-V translate success: stage=fragment, version=ES320, glslang=64.239948ms, spirv-cross=20.731094ms, total=64.240365ms
[DEBUG] [ShaderTranslator] translated GLSL ES:
#version 320 es
precision highp float;
precision highp int;

layout(std140) uniform DynamicTransforms
{
    mat4 ModelViewMat;
    vec4 ColorModulator;
    vec3 ModelOffset;
    mat4 TextureMat;
} _42;

uniform highp sampler2D Sampler0;

in vec2 texCoord0;
in vec4 vertexColor;
out vec4 fragColor;

void main()
{
    vec4 color = texture(Sampler0, texCoord0) * vertexColor;
    if (color.w == 0.0)
    {
        discard;
    }
    fragColor = color * _42.ColorModulator;
}


[DEBUG] [ShaderTranslator] shader 4 stage 0x8B30 translated via SPIR-V (474 chars, took 65.496823ms)
[DEBUG] [FluorateGL] glCompileShader(4)
[DEBUG] [FluorateGL] glCreateProgram()
[DEBUG] [FluorateGL] glAttachShader(2, 3)
[DEBUG] [FluorateGL] glAttachShader(2, 4)
[DEBUG] [FluorateGL] glLinkProgram(2)
[14:21:13] [Render thread/INFO]: [STDOUT]: [MioLibPatcher/INFO]: Patch target class: com/mojang/text2speech/Narrator
[DEBUG] [FluorateGL] glGenTextures(n=1)
[DEBUG] [FluorateGL] glBindTexture(target=0x0DE1, texture=9)
[DEBUG] [FluorateGL] glTexParameteri(target=0x0DE1, pname=0x813D, param=0)
[DEBUG] [FluorateGL] glTexParameteri(target=0x0DE1, pname=0x813A, param=0)
[DEBUG] [FluorateGL] glTexParameteri(target=0x0DE1, pname=0x813B, param=0)
[DEBUG] [FluorateGL] glTexImage2D(target=0x0DE1, level=0, internalformat=0x8058, 512x512, format=0x1908, type=0x1401, pixels=0x0)
[14:21:13] [Download-1/INFO]: Could not authorize you against Realms server: java.lang.RuntimeException: Failed to parse into SignedJWT: 307704221c8f42e0a612de8f5bc2c886
[14:21:13] [Download-1/ERROR]: Failed to fetch Realms feature flags
gce: Realms authentication error with message 'java.lang.RuntimeException: Failed to parse into SignedJWT: 307704221c8f42e0a612de8f5bc2c886'
	at fzz.a(SourceFile:526)
	at fzz.o(SourceFile:186)
	at java.base/java.util.concurrent.CompletableFuture$AsyncSupply.run(Unknown Source)
	at java.base/java.util.concurrent.ThreadPoolExecutor.runWorker(Unknown Source)
	at java.base/java.util.concurrent.ThreadPoolExecutor$Worker.run(Unknown Source)
	at java.base/java.lang.Thread.run(Unknown Source)
[14:21:13] [Render thread/INFO]: Reloading ResourceManager: vanilla
[DEBUG] [FluorateGL] glFramebufferTexture2D(target=0x8CA9, attachment=0x8CE0, textarget=0x0DE1, texture=8, level=0)
[DEBUG] [FluorateGL] glFramebufferTexture2D(target=0x8CA9, attachment=0x8D00, textarget=0x0DE1, texture=7, level=0)
[DEBUG] [FluorateGL] glBindBuffer(0x8A11): desktop 15 -> GLES 15 (tid=13770)
[DEBUG] [FluorateGL] glFramebufferTexture2D(target=0x8D40, attachment=0x8CE0, textarget=0x0DE1, texture=0, level=0)
[DEBUG] [FluorateGL] glFramebufferTexture2D(target=0x8D40, attachment=0x8D00, textarget=0x0DE1, texture=7, level=0)
Thread[#1,Render thread,10,main]: No context is current or a function that is not available in the current context was called. Are you running essential and/or <1.13?
Thread[#1,Render thread,10,main]: No context is current or a function that is not available in the current context was called. Are you running essential and/or <1.13?
[DEBUG] [FluorateGL] glFramebufferTexture2D(target=0x8D40, attachment=0x8D00, textarget=0x0DE1, texture=0, level=0)
[DEBUG] [FluorateGL] glFramebufferTexture2D(target=0x8D40, attachment=0x8CE0, textarget=0x0DE1, texture=8, level=0)
[DEBUG] [FluorateGL] glFramebufferTexture2D(target=0x8D40, attachment=0x8D00, textarget=0x0DE1, texture=0, level=0)
[DEBUG] [FluorateGL] glFramebufferTexture2D(target=0x8D40, attachment=0x8CE0, textarget=0x0DE1, texture=0, level=0)
[DEBUG] [FluorateGL] glGenBuffers: GLES 34 -> desktop 34 (tid=13770)
[DEBUG] [FluorateGL] glBindBuffer(0x8892): desktop 34 -> GLES 34 (tid=13770)
[DEBUG] [FluorateGL] glBindBuffer(0x8892): desktop 34 -> GLES 34 (tid=13770)
[DEBUG] [FluorateGL] glGenBuffers: GLES 35 -> desktop 35 (tid=13770)
[DEBUG] [FluorateGL] glBindBuffer(0x8892): desktop 35 -> GLES 35 (tid=13770)
[DEBUG] [FluorateGL] glBindBuffer(0x8892): desktop 35 -> GLES 35 (tid=13770)
[DEBUG] [FluorateGL] glGenBuffers: GLES 36 -> desktop 36 (tid=13770)
[DEBUG] [FluorateGL] glBindBuffer(0x8892): desktop 36 -> GLES 36 (tid=13770)
[DEBUG] [FluorateGL] glBindBuffer(0x8892): desktop 36 -> GLES 36 (tid=13770)
[DEBUG] [FluorateGL] glGenBuffers: GLES 37 -> desktop 37 (tid=13770)
[DEBUG] [FluorateGL] glBindBuffer(0x8892): desktop 37 -> GLES 37 (tid=13770)
[DEBUG] [FluorateGL] glBindBuffer(0x8892): desktop 37 -> GLES 37 (tid=13770)
[DEBUG] [FluorateGL] glGenBuffers: GLES 38 -> desktop 38 (tid=13770)
[DEBUG] [FluorateGL] glBindBuffer(0x8892): desktop 38 -> GLES 38 (tid=13770)
[DEBUG] [FluorateGL] glBindBuffer(0x8892): desktop 38 -> GLES 38 (tid=13770)
[DEBUG] [FluorateGL] glGenBuffers: GLES 39 -> desktop 39 (tid=13770)
[DEBUG] [FluorateGL] glBindBuffer(0x8892): desktop 39 -> GLES 39 (tid=13770)
[DEBUG] [FluorateGL] glBindBuffer(0x8892): desktop 39 -> GLES 39 (tid=13770)
[DEBUG] [FluorateGL] glBindBuffer(0x8892): desktop 34 -> GLES 34 (tid=13770)
[DEBUG] [FluorateGL] glBindBuffer(0x8892): desktop 37 -> GLES 37 (tid=13770)
[DEBUG] [FluorateGL] glBindBuffer(0x8A11): desktop 27 -> GLES 27 (tid=13770)
[DEBUG] [FluorateGL] glGenBuffers: GLES 40 -> desktop 40 (tid=13770)
[DEBUG] [FluorateGL] glBindBuffer(0x8893): desktop 40 -> GLES 40 (tid=13770)
[DEBUG] [FluorateGL] glBindBuffer(0x8A11): desktop 1 -> GLES 1 (tid=13770)
[DEBUG] [FluorateGL] glFramebufferTexture2D(target=0x8CA9, attachment=0x8CE0, textarget=0x0DE1, texture=8, level=0)
[DEBUG] [FluorateGL] glFramebufferTexture2D(target=0x8CA9, attachment=0x8D00, textarget=0x0DE1, texture=7, level=0)
[DEBUG] [FluorateGL] glBindVertexBuffer(binding=0, buf=34, offset=0, stride=16) desktop 34 -> GLES 34 (tid=13770)
[DEBUG] [FluorateGL] glBindBuffer(0x8893): desktop 40 -> GLES 40 (tid=13770)
[DEBUG] [FluorateGL] glDrawElements(mode=0x0004, count=30, type=0x1403, indices=0x0) bound_vao=1 bound_buf=40 (tid=13770)
[DEBUG] [FluorateGL] glCreateProgram()
[DEBUG] [FluorateGL] glAttachShader(3, 3)
[DEBUG] [FluorateGL] glAttachShader(3, 4)
[DEBUG] [FluorateGL] glLinkProgram(3)
[DEBUG] [FluorateGL] glTexParameteri(target=0x0DE1, pname=0x813C, param=0)
[DEBUG] [FluorateGL] glTexParameteri(target=0x0DE1, pname=0x813D, param=0)
[DEBUG] [FluorateGL] glBindVertexBuffer(binding=0, buf=37, offset=0, stride=24) desktop 37 -> GLES 37 (tid=13770)
[DEBUG] [FluorateGL] glBindBuffer(0x8893): desktop 40 -> GLES 40 (tid=13770)
[DEBUG] [FluorateGL] glDrawElements(mode=0x0004, count=12, type=0x1403, indices=0x0) bound_vao=2 bound_buf=40 (tid=13770)
[DEBUG] [FluorateGL] glFramebufferTexture2D(target=0x8CA9, attachment=0x8CE0, textarget=0x0DE1, texture=8, level=0)
[DEBUG] [FluorateGL] glFramebufferTexture2D(target=0x8CA9, attachment=0x8D00, textarget=0x0DE1, texture=0, level=0)
[DEBUG] [FluorateGL] glBindBuffer(0x8A11): desktop 15 -> GLES 15 (tid=13770)
[DEBUG] [FluorateGL] glFramebufferTexture2D(target=0x8D40, attachment=0x8CE0, textarget=0x0DE1, texture=0, level=0)
[DEBUG] [FluorateGL] glFramebufferTexture2D(target=0x8D40, attachment=0x8D00, textarget=0x0DE1, texture=7, level=0)
Thread[#1,Render thread,10,main]: No context is current or a function that is not available in the current context was called. Are you running essential and/or <1.13?
Thread[#1,Render thread,10,main]: No context is current or a function that is not available in the current context was called. Are you running essential and/or <1.13?
[DEBUG] [FluorateGL] glFramebufferTexture2D(target=0x8D40, attachment=0x8D00, textarget=0x0DE1, texture=0, level=0)
[DEBUG] [FluorateGL] glFramebufferTexture2D(target=0x8D40, attachment=0x8CE0, textarget=0x0DE1, texture=8, level=0)
[DEBUG] [FluorateGL] glFramebufferTexture2D(target=0x8D40, attachment=0x8D00, textarget=0x0DE1, texture=0, level=0)
[DEBUG] [FluorateGL] glFramebufferTexture2D(target=0x8D40, attachment=0x8CE0, textarget=0x0DE1, texture=0, level=0)
[DEBUG] [FluorateGL] glBindBuffer(0x8892): desktop 35 -> GLES 35 (tid=13770)
[DEBUG] [FluorateGL] glBindBuffer(0x8892): desktop 38 -> GLES 38 (tid=13770)
[DEBUG] [FluorateGL] glBindBuffer(0x8A11): desktop 2 -> GLES 2 (tid=13770)
[DEBUG] [FluorateGL] glBindVertexBuffer(binding=0, buf=35, offset=0, stride=16) desktop 35 -> GLES 35 (tid=13770)
[DEBUG] [FluorateGL] glBindBuffer(0x8893): desktop 40 -> GLES 40 (tid=13770)
[DEBUG] [FluorateGL] glDrawElements(mode=0x0004, count=30, type=0x1403, indices=0x0) bound_vao=1 bound_buf=40 (tid=13770)
[DEBUG] [FluorateGL] glTexParameteri(target=0x0DE1, pname=0x813C, param=0)
[DEBUG] [FluorateGL] glTexParameteri(target=0x0DE1, pname=0x813D, param=0)
[DEBUG] [FluorateGL] glBindVertexBuffer(binding=0, buf=38, offset=0, stride=24) desktop 38 -> GLES 38 (tid=13770)
[DEBUG] [FluorateGL] glBindBuffer(0x8893): desktop 40 -> GLES 40 (tid=13770)
[DEBUG] [FluorateGL] glDrawElements(mode=0x0004, count=12, type=0x1403, indices=0x0) bound_vao=2 bound_buf=40 (tid=13770)
[DEBUG] [FluorateGL] glFramebufferTexture2D(target=0x8CA9, attachment=0x8CE0, textarget=0x0DE1, texture=8, level=0)
[DEBUG] [FluorateGL] glFramebufferTexture2D(target=0x8CA9, attachment=0x8D00, textarget=0x0DE1, texture=0, level=0)
[DEBUG] [FluorateGL] glBindBuffer(0x8A11): desktop 15 -> GLES 15 (tid=13770)
[DEBUG] [FluorateGL] glFramebufferTexture2D(target=0x8D40, attachment=0x8CE0, textarget=0x0DE1, texture=0, level=0)
[DEBUG] [FluorateGL] glFramebufferTexture2D(target=0x8D40, attachment=0x8D00, textarget=0x0DE1, texture=7, level=0)
Thread[#1,Render thread,10,main]: No context is current or a function that is not available in the current context was called. Are you running essential and/or <1.13?
Thread[#1,Render thread,10,main]: No context is current or a function that is not available in the current context was called. Are you running essential and/or <1.13?
[DEBUG] [FluorateGL] glFramebufferTexture2D(target=0x8D40, attachment=0x8D00, textarget=0x0DE1, texture=0, level=0)
[DEBUG] [FluorateGL] glFramebufferTexture2D(target=0x8D40, attachment=0x8CE0, textarget=0x0DE1, texture=8, level=0)
[DEBUG] [FluorateGL] glFramebufferTexture2D(target=0x8D40, attachment=0x8D00, textarget=0x0DE1, texture=0, level=0)
[DEBUG] [FluorateGL] glFramebufferTexture2D(target=0x8D40, attachment=0x8CE0, textarget=0x0DE1, texture=0, level=0)
[DEBUG] [FluorateGL] glBindBuffer(0x8892): desktop 36 -> GLES 36 (tid=13770)
[DEBUG] [FluorateGL] glBindBuffer(0x8892): desktop 39 -> GLES 39 (tid=13770)
[DEBUG] [FluorateGL] glBindBuffer(0x8A11): desktop 3 -> GLES 3 (tid=13770)
[DEBUG] [FluorateGL] glBindVertexBuffer(binding=0, buf=36, offset=0, stride=16) desktop 36 -> GLES 36 (tid=13770)
[DEBUG] [FluorateGL] glBindBuffer(0x8893): desktop 40 -> GLES 40 (tid=13770)
[DEBUG] [FluorateGL] glDrawElements(mode=0x0004, count=30, type=0x1403, indices=0x0) bound_vao=1 bound_buf=40 (tid=13770)
[DEBUG] [FluorateGL] glTexParameteri(target=0x0DE1, pname=0x813C, param=0)
[DEBUG] [FluorateGL] glTexParameteri(target=0x0DE1, pname=0x813D, param=0)
[DEBUG] [FluorateGL] glBindVertexBuffer(binding=0, buf=39, offset=0, stride=24) desktop 39 -> GLES 39 (tid=13770)
[DEBUG] [FluorateGL] glBindBuffer(0x8893): desktop 40 -> GLES 40 (tid=13770)
[DEBUG] [FluorateGL] glDrawElements(mode=0x0004, count=12, type=0x1403, indices=0x0) bound_vao=2 bound_buf=40 (tid=13770)
[DEBUG] [FluorateGL] glFramebufferTexture2D(target=0x8CA9, attachment=0x8CE0, textarget=0x0DE1, texture=8, level=0)
[DEBUG] [FluorateGL] glFramebufferTexture2D(target=0x8CA9, attachment=0x8D00, textarget=0x0DE1, texture=0, level=0)
[DEBUG] [FluorateGL] glBindBuffer(0x8A11): desktop 15 -> GLES 15 (tid=13770)
[DEBUG] [FluorateGL] glFramebufferTexture2D(target=0x8D40, attachment=0x8CE0, textarget=0x0DE1, texture=0, level=0)
[DEBUG] [FluorateGL] glFramebufferTexture2D(target=0x8D40, attachment=0x8D00, textarget=0x0DE1, texture=7, level=0)
Thread[#1,Render thread,10,main]: No context is current or a function that is not available in the current context was called. Are you running essential and/or <1.13?
Thread[#1,Render thread,10,main]: No context is current or a function that is not available in the current context was called. Are you running essential and/or <1.13?
[DEBUG] [FluorateGL] glFramebufferTexture2D(target=0x8D40, attachment=0x8D00, textarget=0x0DE1, texture=0, level=0)
[DEBUG] [FluorateGL] glFramebufferTexture2D(target=0x8D40, attachment=0x8CE0, textarget=0x0DE1, texture=8, level=0)
[DEBUG] [FluorateGL] glFramebufferTexture2D(target=0x8D40, attachment=0x8D00, textarget=0x0DE1, texture=0, level=0)
[DEBUG] [FluorateGL] glFramebufferTexture2D(target=0x8D40, attachment=0x8CE0, textarget=0x0DE1, texture=0, level=0)
[DEBUG] [FluorateGL] glBindBuffer(0x8892): desktop 34 -> GLES 34 (tid=13770)
[DEBUG] [FluorateGL] glBindBuffer(0x8892): desktop 37 -> GLES 37 (tid=13770)
[DEBUG] [FluorateGL] glBindBuffer(0x8A11): desktop 1 -> GLES 1 (tid=13770)
[DEBUG] [FluorateGL] glBindVertexBuffer(binding=0, buf=34, offset=0, stride=16) desktop 34 -> GLES 34 (tid=13770)
[DEBUG] [FluorateGL] glBindBuffer(0x8893): desktop 40 -> GLES 40 (tid=13770)
[DEBUG] [FluorateGL] glDrawElements(mode=0x0004, count=30, type=0x1403, indices=0x0) bound_vao=1 bound_buf=40 (tid=13770)
[DEBUG] [FluorateGL] glTexParameteri(target=0x0DE1, pname=0x813C, param=0)
[DEBUG] [FluorateGL] glTexParameteri(target=0x0DE1, pname=0x813D, param=0)
[DEBUG] [FluorateGL] glBindVertexBuffer(binding=0, buf=37, offset=0, stride=24) desktop 37 -> GLES 37 (tid=13770)
[DEBUG] [FluorateGL] glBindBuffer(0x8893): desktop 40 -> GLES 40 (tid=13770)
[DEBUG] [FluorateGL] glDrawElements(mode=0x0004, count=12, type=0x1403, indices=0x0) bound_vao=2 bound_buf=40 (tid=13770)
[DEBUG] [FluorateGL] glFramebufferTexture2D(target=0x8CA9, attachment=0x8CE0, textarget=0x0DE1, texture=8, level=0)
[DEBUG] [FluorateGL] glFramebufferTexture2D(target=0x8CA9, attachment=0x8D00, textarget=0x0DE1, texture=0, level=0)
[DEBUG] [FluorateGL] glBindBuffer(0x8A11): desktop 15 -> GLES 15 (tid=13770)
[DEBUG] [FluorateGL] glFramebufferTexture2D(target=0x8D40, attachment=0x8CE0, textarget=0x0DE1, texture=0, level=0)
[DEBUG] [FluorateGL] glFramebufferTexture2D(target=0x8D40, attachment=0x8D00, textarget=0x0DE1, texture=7, level=0)
Thread[#1,Render thread,10,main]: No context is current or a function that is not available in the current context was called. Are you running essential and/or <1.13?
Thread[#1,Render thread,10,main]: No context is current or a function that is not available in the current context was called. Are you running essential and/or <1.13?
[DEBUG] [FluorateGL] glFramebufferTexture2D(target=0x8D40, attachment=0x8D00, textarget=0x0DE1, texture=0, level=0)
[DEBUG] [FluorateGL] glFramebufferTexture2D(target=0x8D40, attachment=0x8CE0, textarget=0x0DE1, texture=8, level=0)
[DEBUG] [FluorateGL] glFramebufferTexture2D(target=0x8D40, attachment=0x8D00, textarget=0x0DE1, texture=0, level=0)
[DEBUG] [FluorateGL] glFramebufferTexture2D(target=0x8D40, attachment=0x8CE0, textarget=0x0DE1, texture=0, level=0)
[DEBUG] [FluorateGL] glBindBuffer(0x8892): desktop 35 -> GLES 35 (tid=13770)
[DEBUG] [FluorateGL] glBindBuffer(0x8892): desktop 38 -> GLES 38 (tid=13770)
[DEBUG] [FluorateGL] glBindBuffer(0x8A11): desktop 2 -> GLES 2 (tid=13770)
[DEBUG] [FluorateGL] glBindVertexBuffer(binding=0, buf=35, offset=0, stride=16) desktop 35 -> GLES 35 (tid=13770)
[DEBUG] [FluorateGL] glBindBuffer(0x8893): desktop 40 -> GLES 40 (tid=13770)
[DEBUG] [FluorateGL] glDrawElements(mode=0x0004, count=30, type=0x1403, indices=0x0) bound_vao=1 bound_buf=40 (tid=13770)
[DEBUG] [FluorateGL] glTexParameteri(target=0x0DE1, pname=0x813C, param=0)
[DEBUG] [FluorateGL] glTexParameteri(target=0x0DE1, pname=0x813D, param=0)
[DEBUG] [FluorateGL] glBindVertexBuffer(binding=0, buf=38, offset=0, stride=24) desktop 38 -> GLES 38 (tid=13770)
[DEBUG] [FluorateGL] glBindBuffer(0x8893): desktop 40 -> GLES 40 (tid=13770)
[DEBUG] [FluorateGL] glDrawElements(mode=0x0004, count=12, type=0x1403, indices=0x0) bound_vao=2 bound_buf=40 (tid=13770)
[DEBUG] [FluorateGL] glFramebufferTexture2D(target=0x8CA9, attachment=0x8CE0, textarget=0x0DE1, texture=8, level=0)
[DEBUG] [FluorateGL] glFramebufferTexture2D(target=0x8CA9, attachment=0x8D00, textarget=0x0DE1, texture=0, level=0)
[DEBUG] [FluorateGL] glBindBuffer(0x8A11): desktop 15 -> GLES 15 (tid=13770)
[DEBUG] [FluorateGL] glFramebufferTexture2D(target=0x8D40, attachment=0x8CE0, textarget=0x0DE1, texture=0, level=0)
[DEBUG] [FluorateGL] glFramebufferTexture2D(target=0x8D40, attachment=0x8D00, textarget=0x0DE1, texture=7, level=0)
[DEBUG] [FluorateGL] glFramebufferTexture2D(target=0x8D40, attachment=0x8D00, textarget=0x0DE1, texture=0, level=0)
[DEBUG] [FluorateGL] glFramebufferTexture2D(target=0x8D40, attachment=0x8CE0, textarget=0x0DE1, texture=8, level=0)
[DEBUG] [FluorateGL] glFramebufferTexture2D(target=0x8D40, attachment=0x8D00, textarget=0x0DE1, texture=0, level=0)
[DEBUG] [FluorateGL] glFramebufferTexture2D(target=0x8D40, attachment=0x8CE0, textarget=0x0DE1, texture=0, level=0)
[DEBUG] [FluorateGL] glBindBuffer(0x8892): desktop 36 -> GLES 36 (tid=13770)
[DEBUG] [FluorateGL] glBindBuffer(0x8892): desktop 39 -> GLES 39 (tid=13770)
[DEBUG] [FluorateGL] glBindBuffer(0x8A11): desktop 3 -> GLES 3 (tid=13770)
[DEBUG] [FluorateGL] glBindVertexBuffer(binding=0, buf=36, offset=0, stride=16) desktop 36 -> GLES 36 (tid=13770)
[DEBUG] [FluorateGL] glBindBuffer(0x8893): desktop 40 -> GLES 40 (tid=13770)
[DEBUG] [FluorateGL] glDrawElements(mode=0x0004, count=30, type=0x1403, indices=0x0) bound_vao=1 bound_buf=40 (tid=13770)
[DEBUG] [FluorateGL] glTexParameteri(target=0x0DE1, pname=0x813C, param=0)
[DEBUG] [FluorateGL] glTexParameteri(target=0x0DE1, pname=0x813D, param=0)
[DEBUG] [FluorateGL] glBindVertexBuffer(binding=0, buf=39, offset=0, stride=24) desktop 39 -> GLES 39 (tid=13770)
[DEBUG] [FluorateGL] glBindBuffer(0x8893): desktop 40 -> GLES 40 (tid=13770)
[DEBUG] [FluorateGL] glDrawElements(mode=0x0004, count=12, type=0x1403, indices=0x0) bound_vao=2 bound_buf=40 (tid=13770)
[DEBUG] [FluorateGL] glFramebufferTexture2D(target=0x8CA9, attachment=0x8CE0, textarget=0x0DE1, texture=8, level=0)
[DEBUG] [FluorateGL] glFramebufferTexture2D(target=0x8CA9, attachment=0x8D00, textarget=0x0DE1, texture=0, level=0)
[DEBUG] [FluorateGL] glBindBuffer(0x8A11): desktop 15 -> GLES 15 (tid=13770)
[DEBUG] [FluorateGL] glFramebufferTexture2D(target=0x8D40, attachment=0x8CE0, textarget=0x0DE1, texture=0, level=0)
[DEBUG] [FluorateGL] glFramebufferTexture2D(target=0x8D40, attachment=0x8D00, textarget=0x0DE1, texture=7, level=0)
[DEBUG] [FluorateGL] glFramebufferTexture2D(target=0x8D40, attachment=0x8D00, textarget=0x0DE1, texture=0, level=0)
[DEBUG] [FluorateGL] glFramebufferTexture2D(target=0x8D40, attachment=0x8CE0, textarget=0x0DE1, texture=8, level=0)
[DEBUG] [FluorateGL] glFramebufferTexture2D(target=0x8D40, attachment=0x8D00, textarget=0x0DE1, texture=0, level=0)
[DEBUG] [FluorateGL] glFramebufferTexture2D(target=0x8D40, attachment=0x8CE0, textarget=0x0DE1, texture=0, level=0)
[DEBUG] [FluorateGL] glBindBuffer(0x8892): desktop 34 -> GLES 34 (tid=13770)
[DEBUG] [FluorateGL] glBindBuffer(0x8892): desktop 37 -> GLES 37 (tid=13770)
[DEBUG] [FluorateGL] glBindBuffer(0x8A11): desktop 1 -> GLES 1 (tid=13770)
[DEBUG] [FluorateGL] glBindVertexBuffer(binding=0, buf=34, offset=0, stride=16) desktop 34 -> GLES 34 (tid=13770)
[DEBUG] [FluorateGL] glBindBuffer(0x8893): desktop 40 -> GLES 40 (tid=13770)
[DEBUG] [FluorateGL] glDrawElements(mode=0x0004, count=30, type=0x1403, indices=0x0) bound_vao=1 bound_buf=40 (tid=13770)
[DEBUG] [FluorateGL] glTexParameteri(target=0x0DE1, pname=0x813C, param=0)
[DEBUG] [FluorateGL] glTexParameteri(target=0x0DE1, pname=0x813D, param=0)
[DEBUG] [FluorateGL] glBindVertexBuffer(binding=0, buf=37, offset=0, stride=24) desktop 37 -> GLES 37 (tid=13770)
[DEBUG] [FluorateGL] glBindBuffer(0x8893): desktop 40 -> GLES 40 (tid=13770)
[DEBUG] [FluorateGL] glDrawElements(mode=0x0004, count=12, type=0x1403, indices=0x0) bound_vao=2 bound_buf=40 (tid=13770)
[DEBUG] [FluorateGL] glFramebufferTexture2D(target=0x8CA9, attachment=0x8CE0, textarget=0x0DE1, texture=8, level=0)
[DEBUG] [FluorateGL] glFramebufferTexture2D(target=0x8CA9, attachment=0x8D00, textarget=0x0DE1, texture=0, level=0)
[DEBUG] [FluorateGL] glBindBuffer(0x8A11): desktop 15 -> GLES 15 (tid=13770)
[DEBUG] [FluorateGL] glFramebufferTexture2D(target=0x8D40, attachment=0x8CE0, textarget=0x0DE1, texture=0, level=0)
[DEBUG] [FluorateGL] glFramebufferTexture2D(target=0x8D40, attachment=0x8D00, textarget=0x0DE1, texture=7, level=0)
[DEBUG] [FluorateGL] glFramebufferTexture2D(target=0x8D40, attachment=0x8D00, textarget=0x0DE1, texture=0, level=0)
[DEBUG] [FluorateGL] glFramebufferTexture2D(target=0x8D40, attachment=0x8CE0, textarget=0x0DE1, texture=8, level=0)
[DEBUG] [FluorateGL] glFramebufferTexture2D(target=0x8D40, attachment=0x8D00, textarget=0x0DE1, texture=0, level=0)
[DEBUG] [FluorateGL] glFramebufferTexture2D(target=0x8D40, attachment=0x8CE0, textarget=0x0DE1, texture=0, level=0)
[DEBUG] [FluorateGL] glBindBuffer(0x8892): desktop 35 -> GLES 35 (tid=13770)
[DEBUG] [FluorateGL] glBindBuffer(0x8892): desktop 38 -> GLES 38 (tid=13770)
[DEBUG] [FluorateGL] glBindBuffer(0x8A11): desktop 2 -> GLES 2 (tid=13770)
[DEBUG] [FluorateGL] glBindVertexBuffer(binding=0, buf=35, offset=0, stride=16) desktop 35 -> GLES 35 (tid=13770)
[DEBUG] [FluorateGL] glBindBuffer(0x8893): desktop 40 -> GLES 40 (tid=13770)
[DEBUG] [FluorateGL] glDrawElements(mode=0x0004, count=30, type=0x1403, indices=0x0) bound_vao=1 bound_buf=40 (tid=13770)
[DEBUG] [FluorateGL] glTexParameteri(target=0x0DE1, pname=0x813C, param=0)
[DEBUG] [FluorateGL] glTexParameteri(target=0x0DE1, pname=0x813D, param=0)
[DEBUG] [FluorateGL] glBindVertexBuffer(binding=0, buf=38, offset=0, stride=24) desktop 38 -> GLES 38 (tid=13770)
[DEBUG] [FluorateGL] glBindBuffer(0x8893): desktop 40 -> GLES 40 (tid=13770)
[DEBUG] [FluorateGL] glDrawElements(mode=0x0004, count=12, type=0x1403, indices=0x0) bound_vao=2 bound_buf=40 (tid=13770)
[DEBUG] [FluorateGL] glFramebufferTexture2D(target=0x8CA9, attachment=0x8CE0, textarget=0x0DE1, texture=8, level=0)
[DEBUG] [FluorateGL] glFramebufferTexture2D(target=0x8CA9, attachment=0x8D00, textarget=0x0DE1, texture=0, level=0)
[DEBUG] [FluorateGL] glBindBuffer(0x8A11): desktop 15 -> GLES 15 (tid=13770)
[DEBUG] [FluorateGL] glFramebufferTexture2D(target=0x8D40, attachment=0x8CE0, textarget=0x0DE1, texture=0, level=0)
[DEBUG] [FluorateGL] glFramebufferTexture2D(target=0x8D40, attachment=0x8D00, textarget=0x0DE1, texture=7, level=0)
[DEBUG] [FluorateGL] glFramebufferTexture2D(target=0x8D40, attachment=0x8D00, textarget=0x0DE1, texture=0, level=0)
[DEBUG] [FluorateGL] glFramebufferTexture2D(target=0x8D40, attachment=0x8CE0, textarget=0x0DE1, texture=8, level=0)
[DEBUG] [FluorateGL] glFramebufferTexture2D(target=0x8D40, attachment=0x8D00, textarget=0x0DE1, texture=0, level=0)
[DEBUG] [FluorateGL] glFramebufferTexture2D(target=0x8D40, attachment=0x8CE0, textarget=0x0DE1, texture=0, level=0)
[DEBUG] [FluorateGL] glBindBuffer(0x8892): desktop 36 -> GLES 36 (tid=13770)
[DEBUG] [FluorateGL] glBindBuffer(0x8892): desktop 39 -> GLES 39 (tid=13770)
[DEBUG] [FluorateGL] glBindBuffer(0x8A11): desktop 3 -> GLES 3 (tid=13770)
[DEBUG] [FluorateGL] glBindVertexBuffer(binding=0, buf=36, offset=0, stride=16) desktop 36 -> GLES 36 (tid=13770)
[DEBUG] [FluorateGL] glBindBuffer(0x8893): desktop 40 -> GLES 40 (tid=13770)
[DEBUG] [FluorateGL] glDrawElements(mode=0x0004, count=30, type=0x1403, indices=0x0) bound_vao=1 bound_buf=40 (tid=13770)
[DEBUG] [FluorateGL] glTexParameteri(target=0x0DE1, pname=0x813C, param=0)
[DEBUG] [FluorateGL] glTexParameteri(target=0x0DE1, pname=0x813D, param=0)
[DEBUG] [FluorateGL] glBindVertexBuffer(binding=0, buf=39, offset=0, stride=24) desktop 39 -> GLES 39 (tid=13770)
[DEBUG] [FluorateGL] glBindBuffer(0x8893): desktop 40 -> GLES 40 (tid=13770)
[DEBUG] [FluorateGL] glDrawElements(mode=0x0004, count=12, type=0x1403, indices=0x0) bound_vao=2 bound_buf=40 (tid=13770)
[DEBUG] [FluorateGL] glFramebufferTexture2D(target=0x8CA9, attachment=0x8CE0, textarget=0x0DE1, texture=8, level=0)
[DEBUG] [FluorateGL] glFramebufferTexture2D(target=0x8CA9, attachment=0x8D00, textarget=0x0DE1, texture=0, level=0)
[DEBUG] [FluorateGL] glBindBuffer(0x8A11): desktop 15 -> GLES 15 (tid=13770)
[DEBUG] [FluorateGL] glFramebufferTexture2D(target=0x8D40, attachment=0x8CE0, textarget=0x0DE1, texture=0, level=0)
[DEBUG] [FluorateGL] glFramebufferTexture2D(target=0x8D40, attachment=0x8D00, textarget=0x0DE1, texture=7, level=0)
[DEBUG] [FluorateGL] glFramebufferTexture2D(target=0x8D40, attachment=0x8D00, textarget=0x0DE1, texture=0, level=0)
[DEBUG] [FluorateGL] glFramebufferTexture2D(target=0x8D40, attachment=0x8CE0, textarget=0x0DE1, texture=8, level=0)
[DEBUG] [FluorateGL] glFramebufferTexture2D(target=0x8D40, attachment=0x8D00, textarget=0x0DE1, texture=0, level=0)
[DEBUG] [FluorateGL] glFramebufferTexture2D(target=0x8D40, attachment=0x8CE0, textarget=0x0DE1, texture=0, level=0)
[DEBUG] [FluorateGL] glBindBuffer(0x8892): desktop 34 -> GLES 34 (tid=13770)
[DEBUG] [FluorateGL] glBindBuffer(0x8892): desktop 37 -> GLES 37 (tid=13770)
[DEBUG] [FluorateGL] glBindBuffer(0x8A11): desktop 1 -> GLES 1 (tid=13770)
[DEBUG] [FluorateGL] glBindVertexBuffer(binding=0, buf=34, offset=0, stride=16) desktop 34 -> GLES 34 (tid=13770)
[DEBUG] [FluorateGL] glBindBuffer(0x8893): desktop 40 -> GLES 40 (tid=13770)
[DEBUG] [FluorateGL] glDrawElements(mode=0x0004, count=30, type=0x1403, indices=0x0) bound_vao=1 bound_buf=40 (tid=13770)
[DEBUG] [FluorateGL] glTexParameteri(target=0x0DE1, pname=0x813C, param=0)
[DEBUG] [FluorateGL] glTexParameteri(target=0x0DE1, pname=0x813D, param=0)
[DEBUG] [FluorateGL] glBindVertexBuffer(binding=0, buf=37, offset=0, stride=24) desktop 37 -> GLES 37 (tid=13770)
[DEBUG] [FluorateGL] glBindBuffer(0x8893): desktop 40 -> GLES 40 (tid=13770)
[DEBUG] [FluorateGL] glDrawElements(mode=0x0004, count=12, type=0x1403, indices=0x0) bound_vao=2 bound_buf=40 (tid=13770)
[DEBUG] [FluorateGL] glFramebufferTexture2D(target=0x8CA9, attachment=0x8CE0, textarget=0x0DE1, texture=8, level=0)
[DEBUG] [FluorateGL] glFramebufferTexture2D(target=0x8CA9, attachment=0x8D00, textarget=0x0DE1, texture=0, level=0)
[DEBUG] [FluorateGL] glBindBuffer(0x8A11): desktop 15 -> GLES 15 (tid=13770)
[DEBUG] [FluorateGL] glFramebufferTexture2D(target=0x8D40, attachment=0x8CE0, textarget=0x0DE1, texture=0, level=0)
[DEBUG] [FluorateGL] glFramebufferTexture2D(target=0x8D40, attachment=0x8D00, textarget=0x0DE1, texture=7, level=0)
[DEBUG] [FluorateGL] glFramebufferTexture2D(target=0x8D40, attachment=0x8D00, textarget=0x0DE1, texture=0, level=0)
[DEBUG] [FluorateGL] glFramebufferTexture2D(target=0x8D40, attachment=0x8CE0, textarget=0x0DE1, texture=8, level=0)
[DEBUG] [FluorateGL] glFramebufferTexture2D(target=0x8D40, attachment=0x8D00, textarget=0x0DE1, texture=0, level=0)
[DEBUG] [FluorateGL] glFramebufferTexture2D(target=0x8D40, attachment=0x8CE0, textarget=0x0DE1, texture=0, level=0)
[DEBUG] [FluorateGL] glBindBuffer(0x8892): desktop 35 -> GLES 35 (tid=13770)
[DEBUG] [FluorateGL] glBindBuffer(0x8892): desktop 38 -> GLES 38 (tid=13770)
[DEBUG] [FluorateGL] glBindBuffer(0x8A11): desktop 2 -> GLES 2 (tid=13770)
[DEBUG] [FluorateGL] glBindVertexBuffer(binding=0, buf=35, offset=0, stride=16) desktop 35 -> GLES 35 (tid=13770)
[DEBUG] [FluorateGL] glBindBuffer(0x8893): desktop 40 -> GLES 40 (tid=13770)
[DEBUG] [FluorateGL] glDrawElements(mode=0x0004, count=30, type=0x1403, indices=0x0) bound_vao=1 bound_buf=40 (tid=13770)
[DEBUG] [FluorateGL] glTexParameteri(target=0x0DE1, pname=0x813C, param=0)
[DEBUG] [FluorateGL] glTexParameteri(target=0x0DE1, pname=0x813D, param=0)
[DEBUG] [FluorateGL] glBindVertexBuffer(binding=0, buf=38, offset=0, stride=24) desktop 38 -> GLES 38 (tid=13770)
[DEBUG] [FluorateGL] glBindBuffer(0x8893): desktop 40 -> GLES 40 (tid=13770)
[DEBUG] [FluorateGL] glDrawElements(mode=0x0004, count=12, type=0x1403, indices=0x0) bound_vao=2 bound_buf=40 (tid=13770)
[DEBUG] [FluorateGL] glFramebufferTexture2D(target=0x8CA9, attachment=0x8CE0, textarget=0x0DE1, texture=8, level=0)
[DEBUG] [FluorateGL] glFramebufferTexture2D(target=0x8CA9, attachment=0x8D00, textarget=0x0DE1, texture=0, level=0)
[DEBUG] [FluorateGL] glBindBuffer(0x8A11): desktop 15 -> GLES 15 (tid=13770)
[DEBUG] [FluorateGL] glFramebufferTexture2D(target=0x8D40, attachment=0x8CE0, textarget=0x0DE1, texture=0, level=0)
[DEBUG] [FluorateGL] glFramebufferTexture2D(target=0x8D40, attachment=0x8D00, textarget=0x0DE1, texture=7, level=0)
[DEBUG] [FluorateGL] glFramebufferTexture2D(target=0x8D40, attachment=0x8D00, textarget=0x0DE1, texture=0, level=0)
[DEBUG] [FluorateGL] glFramebufferTexture2D(target=0x8D40, attachment=0x8CE0, textarget=0x0DE1, texture=8, level=0)
[DEBUG] [FluorateGL] glFramebufferTexture2D(target=0x8D40, attachment=0x8D00, textarget=0x0DE1, texture=0, level=0)
[DEBUG] [FluorateGL] glFramebufferTexture2D(target=0x8D40, attachment=0x8CE0, textarget=0x0DE1, texture=0, level=0)
[DEBUG] [FluorateGL] glBindBuffer(0x8892): desktop 36 -> GLES 36 (tid=13770)
[DEBUG] [FluorateGL] glBindBuffer(0x8892): desktop 39 -> GLES 39 (tid=13770)
[DEBUG] [FluorateGL] glBindBuffer(0x8A11): desktop 3 -> GLES 3 (tid=13770)
[DEBUG] [FluorateGL] glBindVertexBuffer(binding=0, buf=36, offset=0, stride=16) desktop 36 -> GLES 36 (tid=13770)
[DEBUG] [FluorateGL] glBindBuffer(0x8893): desktop 40 -> GLES 40 (tid=13770)
[DEBUG] [FluorateGL] glDrawElements(mode=0x0004, count=30, type=0x1403, indices=0x0) bound_vao=1 bound_buf=40 (tid=13770)
[DEBUG] [FluorateGL] glTexParameteri(target=0x0DE1, pname=0x813C, param=0)
[DEBUG] [FluorateGL] glTexParameteri(target=0x0DE1, pname=0x813D, param=0)
[DEBUG] [FluorateGL] glBindVertexBuffer(binding=0, buf=39, offset=0, stride=24) desktop 39 -> GLES 39 (tid=13770)
[DEBUG] [FluorateGL] glBindBuffer(0x8893): desktop 40 -> GLES 40 (tid=13770)
[DEBUG] [FluorateGL] glDrawElements(mode=0x0004, count=12, type=0x1403, indices=0x0) bound_vao=2 bound_buf=40 (tid=13770)
[DEBUG] [FluorateGL] glFramebufferTexture2D(target=0x8CA9, attachment=0x8CE0, textarget=0x0DE1, texture=8, level=0)
[DEBUG] [FluorateGL] glFramebufferTexture2D(target=0x8CA9, attachment=0x8D00, textarget=0x0DE1, texture=0, level=0)
[DEBUG] [FluorateGL] glBindBuffer(0x8A11): desktop 15 -> GLES 15 (tid=13770)
[DEBUG] [FluorateGL] glFramebufferTexture2D(target=0x8D40, attachment=0x8CE0, textarget=0x0DE1, texture=0, level=0)
[DEBUG] [FluorateGL] glFramebufferTexture2D(target=0x8D40, attachment=0x8D00, textarget=0x0DE1, texture=7, level=0)
[DEBUG] [FluorateGL] glFramebufferTexture2D(target=0x8D40, attachment=0x8D00, textarget=0x0DE1, texture=0, level=0)
[DEBUG] [FluorateGL] glFramebufferTexture2D(target=0x8D40, attachment=0x8CE0, textarget=0x0DE1, texture=8, level=0)
[DEBUG] [FluorateGL] glFramebufferTexture2D(target=0x8D40, attachment=0x8D00, textarget=0x0DE1, texture=0, level=0)
[DEBUG] [FluorateGL] glFramebufferTexture2D(target=0x8D40, attachment=0x8CE0, textarget=0x0DE1, texture=0, level=0)
[DEBUG] [FluorateGL] glBindBuffer(0x8892): desktop 34 -> GLES 34 (tid=13770)
[DEBUG] [FluorateGL] glBindBuffer(0x8892): desktop 37 -> GLES 37 (tid=13770)
[DEBUG] [FluorateGL] glBindBuffer(0x8A11): desktop 1 -> GLES 1 (tid=13770)
[DEBUG] [FluorateGL] glBindVertexBuffer(binding=0, buf=34, offset=0, stride=16) desktop 34 -> GLES 34 (tid=13770)
[DEBUG] [FluorateGL] glBindBuffer(0x8893): desktop 40 -> GLES 40 (tid=13770)
[DEBUG] [FluorateGL] glDrawElements(mode=0x0004, count=30, type=0x1403, indices=0x0) bound_vao=1 bound_buf=40 (tid=13770)
[DEBUG] [FluorateGL] glTexParameteri(target=0x0DE1, pname=0x813C, param=0)
[DEBUG] [FluorateGL] glTexParameteri(target=0x0DE1, pname=0x813D, param=0)
[DEBUG] [FluorateGL] glBindVertexBuffer(binding=0, buf=37, offset=0, stride=24) desktop 37 -> GLES 37 (tid=13770)
[DEBUG] [FluorateGL] glBindBuffer(0x8893): desktop 40 -> GLES 40 (tid=13770)
[DEBUG] [FluorateGL] glDrawElements(mode=0x0004, count=12, type=0x1403, indices=0x0) bound_vao=2 bound_buf=40 (tid=13770)
[DEBUG] [FluorateGL] glFramebufferTexture2D(target=0x8CA9, attachment=0x8CE0, textarget=0x0DE1, texture=8, level=0)
[DEBUG] [FluorateGL] glFramebufferTexture2D(target=0x8CA9, attachment=0x8D00, textarget=0x0DE1, texture=0, level=0)
[DEBUG] [FluorateGL] glBindBuffer(0x8A11): desktop 15 -> GLES 15 (tid=13770)
[DEBUG] [FluorateGL] glFramebufferTexture2D(target=0x8D40, attachment=0x8CE0, textarget=0x0DE1, texture=0, level=0)
[DEBUG] [FluorateGL] glFramebufferTexture2D(target=0x8D40, attachment=0x8D00, textarget=0x0DE1, texture=7, level=0)
[DEBUG] [FluorateGL] glFramebufferTexture2D(target=0x8D40, attachment=0x8D00, textarget=0x0DE1, texture=0, level=0)
[DEBUG] [FluorateGL] glFramebufferTexture2D(target=0x8D40, attachment=0x8CE0, textarget=0x0DE1, texture=8, level=0)
[DEBUG] [FluorateGL] glFramebufferTexture2D(target=0x8D40, attachment=0x8D00, textarget=0x0DE1, texture=0, level=0)
[DEBUG] [FluorateGL] glFramebufferTexture2D(target=0x8D40, attachment=0x8CE0, textarget=0x0DE1, texture=0, level=0)
[DEBUG] [FluorateGL] glBindBuffer(0x8892): desktop 35 -> GLES 35 (tid=13770)
[DEBUG] [FluorateGL] glBindBuffer(0x8892): desktop 38 -> GLES 38 (tid=13770)
[DEBUG] [FluorateGL] glBindBuffer(0x8A11): desktop 2 -> GLES 2 (tid=13770)
[DEBUG] [FluorateGL] glBindVertexBuffer(binding=0, buf=35, offset=0, stride=16) desktop 35 -> GLES 35 (tid=13770)
[DEBUG] [FluorateGL] glBindBuffer(0x8893): desktop 40 -> GLES 40 (tid=13770)
[DEBUG] [FluorateGL] glDrawElements(mode=0x0004, count=30, type=0x1403, indices=0x0) bound_vao=1 bound_buf=40 (tid=13770)
[DEBUG] [FluorateGL] glTexParameteri(target=0x0DE1, pname=0x813C, param=0)
[DEBUG] [FluorateGL] glTexParameteri(target=0x0DE1, pname=0x813D, param=0)
[DEBUG] [FluorateGL] glBindVertexBuffer(binding=0, buf=38, offset=0, stride=24) desktop 38 -> GLES 38 (tid=13770)
[DEBUG] [FluorateGL] glBindBuffer(0x8893): desktop 40 -> GLES 40 (tid=13770)
[DEBUG] [FluorateGL] glDrawElements(mode=0x0004, count=12, type=0x1403, indices=0x0) bound_vao=2 bound_buf=40 (tid=13770)
[DEBUG] [FluorateGL] glFramebufferTexture2D(target=0x8CA9, attachment=0x8CE0, textarget=0x0DE1, texture=8, level=0)
[DEBUG] [FluorateGL] glFramebufferTexture2D(target=0x8CA9, attachment=0x8D00, textarget=0x0DE1, texture=0, level=0)
[DEBUG] [FluorateGL] glBindBuffer(0x8A11): desktop 15 -> GLES 15 (tid=13770)
[14:21:15] [Worker-Main-7/INFO]: Found unifont_all_no_pua-17.0.01.hex, loading
[DEBUG] [FluorateGL] glFramebufferTexture2D(target=0x8D40, attachment=0x8CE0, textarget=0x0DE1, texture=0, level=0)
[DEBUG] [FluorateGL] glFramebufferTexture2D(target=0x8D40, attachment=0x8D00, textarget=0x0DE1, texture=7, level=0)
[DEBUG] [FluorateGL] glFramebufferTexture2D(target=0x8D40, attachment=0x8D00, textarget=0x0DE1, texture=0, level=0)
[DEBUG] [FluorateGL] glFramebufferTexture2D(target=0x8D40, attachment=0x8CE0, textarget=0x0DE1, texture=8, level=0)
[DEBUG] [FluorateGL] glFramebufferTexture2D(target=0x8D40, attachment=0x8D00, textarget=0x0DE1, texture=0, level=0)
[DEBUG] [FluorateGL] glFramebufferTexture2D(target=0x8D40, attachment=0x8CE0, textarget=0x0DE1, texture=0, level=0)
[DEBUG] [FluorateGL] glBindBuffer(0x8892): desktop 36 -> GLES 36 (tid=13770)
[DEBUG] [FluorateGL] glBindBuffer(0x8892): desktop 39 -> GLES 39 (tid=13770)
[DEBUG] [FluorateGL] glBindBuffer(0x8A11): desktop 3 -> GLES 3 (tid=13770)
[DEBUG] [FluorateGL] glBindVertexBuffer(binding=0, buf=36, offset=0, stride=16) desktop 36 -> GLES 36 (tid=13770)
[DEBUG] [FluorateGL] glBindBuffer(0x8893): desktop 40 -> GLES 40 (tid=13770)
[DEBUG] [FluorateGL] glDrawElements(mode=0x0004, count=30, type=0x1403, indices=0x0) bound_vao=1 bound_buf=40 (tid=13770)
[DEBUG] [FluorateGL] glTexParameteri(target=0x0DE1, pname=0x813C, param=0)
[DEBUG] [FluorateGL] glTexParameteri(target=0x0DE1, pname=0x813D, param=0)
[DEBUG] [FluorateGL] glBindVertexBuffer(binding=0, buf=39, offset=0, stride=24) desktop 39 -> GLES 39 (tid=13770)
[DEBUG] [FluorateGL] glBindBuffer(0x8893): desktop 40 -> GLES 40 (tid=13770)
[DEBUG] [FluorateGL] glDrawElements(mode=0x0004, count=12, type=0x1403, indices=0x0) bound_vao=2 bound_buf=40 (tid=13770)
[DEBUG] [FluorateGL] glFramebufferTexture2D(target=0x8CA9, attachment=0x8CE0, textarget=0x0DE1, texture=8, level=0)
[DEBUG] [FluorateGL] glFramebufferTexture2D(target=0x8CA9, attachment=0x8D00, textarget=0x0DE1, texture=0, level=0)
[DEBUG] [FluorateGL] glBindBuffer(0x8A11): desktop 15 -> GLES 15 (tid=13770)
[DEBUG] [FluorateGL] glFramebufferTexture2D(target=0x8D40, attachment=0x8CE0, textarget=0x0DE1, texture=0, level=0)
[DEBUG] [FluorateGL] glFramebufferTexture2D(target=0x8D40, attachment=0x8D00, textarget=0x0DE1, texture=7, level=0)
[DEBUG] [FluorateGL] glFramebufferTexture2D(target=0x8D40, attachment=0x8D00, textarget=0x0DE1, texture=0, level=0)
[DEBUG] [FluorateGL] glFramebufferTexture2D(target=0x8D40, attachment=0x8CE0, textarget=0x0DE1, texture=8, level=0)
[DEBUG] [FluorateGL] glFramebufferTexture2D(target=0x8D40, attachment=0x8D00, textarget=0x0DE1, texture=0, level=0)
[DEBUG] [FluorateGL] glFramebufferTexture2D(target=0x8D40, attachment=0x8CE0, textarget=0x0DE1, texture=0, level=0)
[DEBUG] [FluorateGL] glBindBuffer(0x8892): desktop 34 -> GLES 34 (tid=13770)
[DEBUG] [FluorateGL] glBindBuffer(0x8892): desktop 37 -> GLES 37 (tid=13770)
[DEBUG] [FluorateGL] glBindBuffer(0x8A11): desktop 1 -> GLES 1 (tid=13770)
[DEBUG] [FluorateGL] glBindVertexBuffer(binding=0, buf=34, offset=0, stride=16) desktop 34 -> GLES 34 (tid=13770)
[DEBUG] [FluorateGL] glBindBuffer(0x8893): desktop 40 -> GLES 40 (tid=13770)
[DEBUG] [FluorateGL] glDrawElements(mode=0x0004, count=30, type=0x1403, indices=0x0) bound_vao=1 bound_buf=40 (tid=13770)
[DEBUG] [FluorateGL] glTexParameteri(target=0x0DE1, pname=0x813C, param=0)
[DEBUG] [FluorateGL] glTexParameteri(target=0x0DE1, pname=0x813D, param=0)
[DEBUG] [FluorateGL] glBindVertexBuffer(binding=0, buf=37, offset=0, stride=24) desktop 37 -> GLES 37 (tid=13770)
[DEBUG] [FluorateGL] glBindBuffer(0x8893): desktop 40 -> GLES 40 (tid=13770)
[DEBUG] [FluorateGL] glDrawElements(mode=0x0004, count=12, type=0x1403, indices=0x0) bound_vao=2 bound_buf=40 (tid=13770)
[DEBUG] [FluorateGL] glFramebufferTexture2D(target=0x8CA9, attachment=0x8CE0, textarget=0x0DE1, texture=8, level=0)
[DEBUG] [FluorateGL] glFramebufferTexture2D(target=0x8CA9, attachment=0x8D00, textarget=0x0DE1, texture=0, level=0)
[DEBUG] [FluorateGL] glBindBuffer(0x8A11): desktop 15 -> GLES 15 (tid=13770)
[DEBUG] [FluorateGL] glFramebufferTexture2D(target=0x8D40, attachment=0x8CE0, textarget=0x0DE1, texture=0, level=0)
[DEBUG] [FluorateGL] glFramebufferTexture2D(target=0x8D40, attachment=0x8D00, textarget=0x0DE1, texture=7, level=0)
[DEBUG] [FluorateGL] glFramebufferTexture2D(target=0x8D40, attachment=0x8D00, textarget=0x0DE1, texture=0, level=0)
[DEBUG] [FluorateGL] glFramebufferTexture2D(target=0x8D40, attachment=0x8CE0, textarget=0x0DE1, texture=8, level=0)
[DEBUG] [FluorateGL] glFramebufferTexture2D(target=0x8D40, attachment=0x8D00, textarget=0x0DE1, texture=0, level=0)
[DEBUG] [FluorateGL] glFramebufferTexture2D(target=0x8D40, attachment=0x8CE0, textarget=0x0DE1, texture=0, level=0)
[DEBUG] [FluorateGL] glBindBuffer(0x8892): desktop 35 -> GLES 35 (tid=13770)
[DEBUG] [FluorateGL] glBindBuffer(0x8892): desktop 38 -> GLES 38 (tid=13770)
[DEBUG] [FluorateGL] glBindBuffer(0x8A11): desktop 2 -> GLES 2 (tid=13770)
[DEBUG] [FluorateGL] glBindVertexBuffer(binding=0, buf=35, offset=0, stride=16) desktop 35 -> GLES 35 (tid=13770)
[DEBUG] [FluorateGL] glBindBuffer(0x8893): desktop 40 -> GLES 40 (tid=13770)
[DEBUG] [FluorateGL] glDrawElements(mode=0x0004, count=30, type=0x1403, indices=0x0) bound_vao=1 bound_buf=40 (tid=13770)
[DEBUG] [FluorateGL] glTexParameteri(target=0x0DE1, pname=0x813C, param=0)
[DEBUG] [FluorateGL] glTexParameteri(target=0x0DE1, pname=0x813D, param=0)
[DEBUG] [FluorateGL] glBindVertexBuffer(binding=0, buf=38, offset=0, stride=24) desktop 38 -> GLES 38 (tid=13770)
[DEBUG] [FluorateGL] glBindBuffer(0x8893): desktop 40 -> GLES 40 (tid=13770)
[DEBUG] [FluorateGL] glDrawElements(mode=0x0004, count=12, type=0x1403, indices=0x0) bound_vao=2 bound_buf=40 (tid=13770)
[DEBUG] [FluorateGL] glFramebufferTexture2D(target=0x8CA9, attachment=0x8CE0, textarget=0x0DE1, texture=8, level=0)
[DEBUG] [FluorateGL] glFramebufferTexture2D(target=0x8CA9, attachment=0x8D00, textarget=0x0DE1, texture=0, level=0)
[DEBUG] [FluorateGL] glBindBuffer(0x8A11): desktop 15 -> GLES 15 (tid=13770)
[DEBUG] [FluorateGL] glFramebufferTexture2D(target=0x8D40, attachment=0x8CE0, textarget=0x0DE1, texture=0, level=0)
[DEBUG] [FluorateGL] glFramebufferTexture2D(target=0x8D40, attachment=0x8D00, textarget=0x0DE1, texture=7, level=0)
[DEBUG] [FluorateGL] glFramebufferTexture2D(target=0x8D40, attachment=0x8D00, textarget=0x0DE1, texture=0, level=0)
[DEBUG] [FluorateGL] glFramebufferTexture2D(target=0x8D40, attachment=0x8CE0, textarget=0x0DE1, texture=8, level=0)
[DEBUG] [FluorateGL] glFramebufferTexture2D(target=0x8D40, attachment=0x8D00, textarget=0x0DE1, texture=0, level=0)
[DEBUG] [FluorateGL] glFramebufferTexture2D(target=0x8D40, attachment=0x8CE0, textarget=0x0DE1, texture=0, level=0)
[DEBUG] [FluorateGL] glBindBuffer(0x8892): desktop 36 -> GLES 36 (tid=13770)
[DEBUG] [FluorateGL] glBindBuffer(0x8892): desktop 39 -> GLES 39 (tid=13770)
[14:21:15] [Worker-Main-2/INFO]: Found unifont_pua-17.0.01.hex, loading
[DEBUG] [FluorateGL] glBindBuffer(0x8A11): desktop 3 -> GLES 3 (tid=13770)
[DEBUG] [FluorateGL] glBindVertexBuffer(binding=0, buf=36, offset=0, stride=16) desktop 36 -> GLES 36 (tid=13770)
[DEBUG] [FluorateGL] glBindBuffer(0x8893): desktop 40 -> GLES 40 (tid=13770)
[DEBUG] [FluorateGL] glDrawElements(mode=0x0004, count=30, type=0x1403, indices=0x0) bound_vao=1 bound_buf=40 (tid=13770)
[DEBUG] [FluorateGL] glTexParameteri(target=0x0DE1, pname=0x813C, param=0)
[DEBUG] [FluorateGL] glTexParameteri(target=0x0DE1, pname=0x813D, param=0)
[DEBUG] [FluorateGL] glBindVertexBuffer(binding=0, buf=39, offset=0, stride=24) desktop 39 -> GLES 39 (tid=13770)
[DEBUG] [FluorateGL] glBindBuffer(0x8893): desktop 40 -> GLES 40 (tid=13770)
[DEBUG] [FluorateGL] glDrawElements(mode=0x0004, count=12, type=0x1403, indices=0x0) bound_vao=2 bound_buf=40 (tid=13770)
[DEBUG] [FluorateGL] glFramebufferTexture2D(target=0x8CA9, attachment=0x8CE0, textarget=0x0DE1, texture=8, level=0)
[DEBUG] [FluorateGL] glFramebufferTexture2D(target=0x8CA9, attachment=0x8D00, textarget=0x0DE1, texture=0, level=0)
[DEBUG] [FluorateGL] glBindBuffer(0x8A11): desktop 15 -> GLES 15 (tid=13770)
[DEBUG] [FluorateGL] glFramebufferTexture2D(target=0x8D40, attachment=0x8CE0, textarget=0x0DE1, texture=0, level=0)
[DEBUG] [FluorateGL] glFramebufferTexture2D(target=0x8D40, attachment=0x8D00, textarget=0x0DE1, texture=7, level=0)
[DEBUG] [FluorateGL] glFramebufferTexture2D(target=0x8D40, attachment=0x8D00, textarget=0x0DE1, texture=0, level=0)
[DEBUG] [FluorateGL] glFramebufferTexture2D(target=0x8D40, attachment=0x8CE0, textarget=0x0DE1, texture=8, level=0)
[DEBUG] [FluorateGL] glFramebufferTexture2D(target=0x8D40, attachment=0x8D00, textarget=0x0DE1, texture=0, level=0)
[DEBUG] [FluorateGL] glFramebufferTexture2D(target=0x8D40, attachment=0x8CE0, textarget=0x0DE1, texture=0, level=0)
[DEBUG] [FluorateGL] glBindBuffer(0x8892): desktop 34 -> GLES 34 (tid=13770)
[DEBUG] [FluorateGL] glBindBuffer(0x8892): desktop 37 -> GLES 37 (tid=13770)
[DEBUG] [FluorateGL] glBindBuffer(0x8A11): desktop 1 -> GLES 1 (tid=13770)
[DEBUG] [FluorateGL] glBindVertexBuffer(binding=0, buf=34, offset=0, stride=16) desktop 34 -> GLES 34 (tid=13770)
[DEBUG] [FluorateGL] glBindBuffer(0x8893): desktop 40 -> GLES 40 (tid=13770)
[DEBUG] [FluorateGL] glDrawElements(mode=0x0004, count=30, type=0x1403, indices=0x0) bound_vao=1 bound_buf=40 (tid=13770)
[DEBUG] [FluorateGL] glTexParameteri(target=0x0DE1, pname=0x813C, param=0)
[DEBUG] [FluorateGL] glTexParameteri(target=0x0DE1, pname=0x813D, param=0)
[DEBUG] [FluorateGL] glBindVertexBuffer(binding=0, buf=37, offset=0, stride=24) desktop 37 -> GLES 37 (tid=13770)
[DEBUG] [FluorateGL] glBindBuffer(0x8893): desktop 40 -> GLES 40 (tid=13770)
[DEBUG] [FluorateGL] glDrawElements(mode=0x0004, count=12, type=0x1403, indices=0x0) bound_vao=2 bound_buf=40 (tid=13770)
[DEBUG] [FluorateGL] glFramebufferTexture2D(target=0x8CA9, attachment=0x8CE0, textarget=0x0DE1, texture=8, level=0)
[DEBUG] [FluorateGL] glFramebufferTexture2D(target=0x8CA9, attachment=0x8D00, textarget=0x0DE1, texture=0, level=0)
[DEBUG] [FluorateGL] glBindBuffer(0x8A11): desktop 15 -> GLES 15 (tid=13770)
[DEBUG] [FluorateGL] glFramebufferTexture2D(target=0x8D40, attachment=0x8CE0, textarget=0x0DE1, texture=0, level=0)
[DEBUG] [FluorateGL] glFramebufferTexture2D(target=0x8D40, attachment=0x8D00, textarget=0x0DE1, texture=7, level=0)
[DEBUG] [FluorateGL] glFramebufferTexture2D(target=0x8D40, attachment=0x8D00, textarget=0x0DE1, texture=0, level=0)
[DEBUG] [FluorateGL] glFramebufferTexture2D(target=0x8D40, attachment=0x8CE0, textarget=0x0DE1, texture=8, level=0)
[DEBUG] [FluorateGL] glFramebufferTexture2D(target=0x8D40, attachment=0x8D00, textarget=0x0DE1, texture=0, level=0)
[DEBUG] [FluorateGL] glFramebufferTexture2D(target=0x8D40, attachment=0x8CE0, textarget=0x0DE1, texture=0, level=0)
[DEBUG] [FluorateGL] glBindBuffer(0x8892): desktop 35 -> GLES 35 (tid=13770)
[DEBUG] [FluorateGL] glBindBuffer(0x8892): desktop 38 -> GLES 38 (tid=13770)
[DEBUG] [FluorateGL] glBindBuffer(0x8A11): desktop 2 -> GLES 2 (tid=13770)
[DEBUG] [FluorateGL] glBindVertexBuffer(binding=0, buf=35, offset=0, stride=16) desktop 35 -> GLES 35 (tid=13770)
[DEBUG] [FluorateGL] glBindBuffer(0x8893): desktop 40 -> GLES 40 (tid=13770)
[DEBUG] [FluorateGL] glDrawElements(mode=0x0004, count=30, type=0x1403, indices=0x0) bound_vao=1 bound_buf=40 (tid=13770)
[DEBUG] [FluorateGL] glTexParameteri(target=0x0DE1, pname=0x813C, param=0)
[DEBUG] [FluorateGL] glTexParameteri(target=0x0DE1, pname=0x813D, param=0)
[DEBUG] [FluorateGL] glBindVertexBuffer(binding=0, buf=38, offset=0, stride=24) desktop 38 -> GLES 38 (tid=13770)
[DEBUG] [FluorateGL] glBindBuffer(0x8893): desktop 40 -> GLES 40 (tid=13770)
[DEBUG] [FluorateGL] glDrawElements(mode=0x0004, count=12, type=0x1403, indices=0x0) bound_vao=2 bound_buf=40 (tid=13770)
[DEBUG] [FluorateGL] glFramebufferTexture2D(target=0x8CA9, attachment=0x8CE0, textarget=0x0DE1, texture=8, level=0)
[DEBUG] [FluorateGL] glFramebufferTexture2D(target=0x8CA9, attachment=0x8D00, textarget=0x0DE1, texture=0, level=0)
[DEBUG] [FluorateGL] glBindBuffer(0x8A11): desktop 15 -> GLES 15 (tid=13770)
[DEBUG] [FluorateGL] glFramebufferTexture2D(target=0x8D40, attachment=0x8CE0, textarget=0x0DE1, texture=0, level=0)
[DEBUG] [FluorateGL] glFramebufferTexture2D(target=0x8D40, attachment=0x8D00, textarget=0x0DE1, texture=7, level=0)
[DEBUG] [FluorateGL] glFramebufferTexture2D(target=0x8D40, attachment=0x8D00, textarget=0x0DE1, texture=0, level=0)
[DEBUG] [FluorateGL] glFramebufferTexture2D(target=0x8D40, attachment=0x8CE0, textarget=0x0DE1, texture=8, level=0)
[DEBUG] [FluorateGL] glFramebufferTexture2D(target=0x8D40, attachment=0x8D00, textarget=0x0DE1, texture=0, level=0)
[DEBUG] [FluorateGL] glFramebufferTexture2D(target=0x8D40, attachment=0x8CE0, textarget=0x0DE1, texture=0, level=0)
[DEBUG] [FluorateGL] glBindBuffer(0x8892): desktop 36 -> GLES 36 (tid=13770)
[DEBUG] [FluorateGL] glBindBuffer(0x8892): desktop 39 -> GLES 39 (tid=13770)
[DEBUG] [FluorateGL] glBindBuffer(0x8A11): desktop 3 -> GLES 3 (tid=13770)
[DEBUG] [FluorateGL] glBindVertexBuffer(binding=0, buf=36, offset=0, stride=16) desktop 36 -> GLES 36 (tid=13770)
[DEBUG] [FluorateGL] glBindBuffer(0x8893): desktop 40 -> GLES 40 (tid=13770)
[DEBUG] [FluorateGL] glDrawElements(mode=0x0004, count=30, type=0x1403, indices=0x0) bound_vao=1 bound_buf=40 (tid=13770)
[DEBUG] [FluorateGL] glTexParameteri(target=0x0DE1, pname=0x813C, param=0)
[DEBUG] [FluorateGL] glTexParameteri(target=0x0DE1, pname=0x813D, param=0)
[DEBUG] [FluorateGL] glBindVertexBuffer(binding=0, buf=39, offset=0, stride=24) desktop 39 -> GLES 39 (tid=13770)
[DEBUG] [FluorateGL] glBindBuffer(0x8893): desktop 40 -> GLES 40 (tid=13770)
[DEBUG] [FluorateGL] glDrawElements(mode=0x0004, count=12, type=0x1403, indices=0x0) bound_vao=2 bound_buf=40 (tid=13770)
[DEBUG] [FluorateGL] glFramebufferTexture2D(target=0x8CA9, attachment=0x8CE0, textarget=0x0DE1, texture=8, level=0)
[DEBUG] [FluorateGL] glFramebufferTexture2D(target=0x8CA9, attachment=0x8D00, textarget=0x0DE1, texture=0, level=0)
[DEBUG] [FluorateGL] glBindBuffer(0x8A11): desktop 15 -> GLES 15 (tid=13770)
[DEBUG] [FluorateGL] glFramebufferTexture2D(target=0x8D40, attachment=0x8CE0, textarget=0x0DE1, texture=0, level=0)
[DEBUG] [FluorateGL] glFramebufferTexture2D(target=0x8D40, attachment=0x8D00, textarget=0x0DE1, texture=7, level=0)
[DEBUG] [FluorateGL] glFramebufferTexture2D(target=0x8D40, attachment=0x8D00, textarget=0x0DE1, texture=0, level=0)
[DEBUG] [FluorateGL] glFramebufferTexture2D(target=0x8D40, attachment=0x8CE0, textarget=0x0DE1, texture=8, level=0)
[DEBUG] [FluorateGL] glFramebufferTexture2D(target=0x8D40, attachment=0x8D00, textarget=0x0DE1, texture=0, level=0)
[DEBUG] [FluorateGL] glFramebufferTexture2D(target=0x8D40, attachment=0x8CE0, textarget=0x0DE1, texture=0, level=0)
[DEBUG] [FluorateGL] glBindBuffer(0x8892): desktop 34 -> GLES 34 (tid=13770)
[DEBUG] [FluorateGL] glBindBuffer(0x8892): desktop 37 -> GLES 37 (tid=13770)
[DEBUG] [FluorateGL] glBindBuffer(0x8A11): desktop 1 -> GLES 1 (tid=13770)
[DEBUG] [FluorateGL] glBindVertexBuffer(binding=0, buf=34, offset=0, stride=16) desktop 34 -> GLES 34 (tid=13770)
[DEBUG] [FluorateGL] glBindBuffer(0x8893): desktop 40 -> GLES 40 (tid=13770)
[DEBUG] [FluorateGL] glDrawElements(mode=0x0004, count=30, type=0x1403, indices=0x0) bound_vao=1 bound_buf=40 (tid=13770)
[DEBUG] [FluorateGL] glTexParameteri(target=0x0DE1, pname=0x813C, param=0)
[DEBUG] [FluorateGL] glTexParameteri(target=0x0DE1, pname=0x813D, param=0)
[DEBUG] [FluorateGL] glBindVertexBuffer(binding=0, buf=37, offset=0, stride=24) desktop 37 -> GLES 37 (tid=13770)
[DEBUG] [FluorateGL] glBindBuffer(0x8893): desktop 40 -> GLES 40 (tid=13770)
[DEBUG] [FluorateGL] glDrawElements(mode=0x0004, count=12, type=0x1403, indices=0x0) bound_vao=2 bound_buf=40 (tid=13770)
[DEBUG] [FluorateGL] glFramebufferTexture2D(target=0x8CA9, attachment=0x8CE0, textarget=0x0DE1, texture=8, level=0)
[DEBUG] [FluorateGL] glFramebufferTexture2D(target=0x8CA9, attachment=0x8D00, textarget=0x0DE1, texture=0, level=0)
[DEBUG] [FluorateGL] glBindBuffer(0x8A11): desktop 15 -> GLES 15 (tid=13770)
[DEBUG] [FluorateGL] glFramebufferTexture2D(target=0x8D40, attachment=0x8CE0, textarget=0x0DE1, texture=0, level=0)
[DEBUG] [FluorateGL] glFramebufferTexture2D(target=0x8D40, attachment=0x8D00, textarget=0x0DE1, texture=7, level=0)
[DEBUG] [FluorateGL] glFramebufferTexture2D(target=0x8D40, attachment=0x8D00, textarget=0x0DE1, texture=0, level=0)
[DEBUG] [FluorateGL] glFramebufferTexture2D(target=0x8D40, attachment=0x8CE0, textarget=0x0DE1, texture=8, level=0)
[DEBUG] [FluorateGL] glFramebufferTexture2D(target=0x8D40, attachment=0x8D00, textarget=0x0DE1, texture=0, level=0)
[DEBUG] [FluorateGL] glFramebufferTexture2D(target=0x8D40, attachment=0x8CE0, textarget=0x0DE1, texture=0, level=0)
[DEBUG] [FluorateGL] glBindBuffer(0x8892): desktop 35 -> GLES 35 (tid=13770)
[DEBUG] [FluorateGL] glBindBuffer(0x8892): desktop 38 -> GLES 38 (tid=13770)
[DEBUG] [FluorateGL] glBindBuffer(0x8A11): desktop 2 -> GLES 2 (tid=13770)
[DEBUG] [FluorateGL] glBindVertexBuffer(binding=0, buf=35, offset=0, stride=16) desktop 35 -> GLES 35 (tid=13770)
[DEBUG] [FluorateGL] glBindBuffer(0x8893): desktop 40 -> GLES 40 (tid=13770)
[DEBUG] [FluorateGL] glDrawElements(mode=0x0004, count=30, type=0x1403, indices=0x0) bound_vao=1 bound_buf=40 (tid=13770)
[DEBUG] [FluorateGL] glTexParameteri(target=0x0DE1, pname=0x813C, param=0)
[DEBUG] [FluorateGL] glTexParameteri(target=0x0DE1, pname=0x813D, param=0)
[DEBUG] [FluorateGL] glBindVertexBuffer(binding=0, buf=38, offset=0, stride=24) desktop 38 -> GLES 38 (tid=13770)
[DEBUG] [FluorateGL] glBindBuffer(0x8893): desktop 40 -> GLES 40 (tid=13770)
[DEBUG] [FluorateGL] glDrawElements(mode=0x0004, count=12, type=0x1403, indices=0x0) bound_vao=2 bound_buf=40 (tid=13770)
[DEBUG] [FluorateGL] glFramebufferTexture2D(target=0x8CA9, attachment=0x8CE0, textarget=0x0DE1, texture=8, level=0)
[DEBUG] [FluorateGL] glFramebufferTexture2D(target=0x8CA9, attachment=0x8D00, textarget=0x0DE1, texture=0, level=0)
[DEBUG] [FluorateGL] glBindBuffer(0x8A11): desktop 15 -> GLES 15 (tid=13770)
[DEBUG] [FluorateGL] glFramebufferTexture2D(target=0x8D40, attachment=0x8CE0, textarget=0x0DE1, texture=0, level=0)
[DEBUG] [FluorateGL] glFramebufferTexture2D(target=0x8D40, attachment=0x8D00, textarget=0x0DE1, texture=7, level=0)
[DEBUG] [FluorateGL] glFramebufferTexture2D(target=0x8D40, attachment=0x8D00, textarget=0x0DE1, texture=0, level=0)
[DEBUG] [FluorateGL] glFramebufferTexture2D(target=0x8D40, attachment=0x8CE0, textarget=0x0DE1, texture=8, level=0)
[DEBUG] [FluorateGL] glFramebufferTexture2D(target=0x8D40, attachment=0x8D00, textarget=0x0DE1, texture=0, level=0)
[DEBUG] [FluorateGL] glFramebufferTexture2D(target=0x8D40, attachment=0x8CE0, textarget=0x0DE1, texture=0, level=0)
[DEBUG] [FluorateGL] glBindBuffer(0x8892): desktop 36 -> GLES 36 (tid=13770)
[DEBUG] [FluorateGL] glBindBuffer(0x8892): desktop 39 -> GLES 39 (tid=13770)
[DEBUG] [FluorateGL] glBindBuffer(0x8A11): desktop 3 -> GLES 3 (tid=13770)
[DEBUG] [FluorateGL] glBindVertexBuffer(binding=0, buf=36, offset=0, stride=16) desktop 36 -> GLES 36 (tid=13770)
[DEBUG] [FluorateGL] glBindBuffer(0x8893): desktop 40 -> GLES 40 (tid=13770)
[DEBUG] [FluorateGL] glDrawElements(mode=0x0004, count=30, type=0x1403, indices=0x0) bound_vao=1 bound_buf=40 (tid=13770)
[DEBUG] [FluorateGL] glTexParameteri(target=0x0DE1, pname=0x813C, param=0)
[DEBUG] [FluorateGL] glTexParameteri(target=0x0DE1, pname=0x813D, param=0)
[DEBUG] [FluorateGL] glBindVertexBuffer(binding=0, buf=39, offset=0, stride=24) desktop 39 -> GLES 39 (tid=13770)
[DEBUG] [FluorateGL] glBindBuffer(0x8893): desktop 40 -> GLES 40 (tid=13770)
[DEBUG] [FluorateGL] glDrawElements(mode=0x0004, count=12, type=0x1403, indices=0x0) bound_vao=2 bound_buf=40 (tid=13770)
[DEBUG] [FluorateGL] glFramebufferTexture2D(target=0x8CA9, attachment=0x8CE0, textarget=0x0DE1, texture=8, level=0)
[DEBUG] [FluorateGL] glFramebufferTexture2D(target=0x8CA9, attachment=0x8D00, textarget=0x0DE1, texture=0, level=0)
[DEBUG] [FluorateGL] glBindBuffer(0x8A11): desktop 15 -> GLES 15 (tid=13770)
[DEBUG] [FluorateGL] glFramebufferTexture2D(target=0x8D40, attachment=0x8CE0, textarget=0x0DE1, texture=0, level=0)
[DEBUG] [FluorateGL] glFramebufferTexture2D(target=0x8D40, attachment=0x8D00, textarget=0x0DE1, texture=7, level=0)
[DEBUG] [FluorateGL] glFramebufferTexture2D(target=0x8D40, attachment=0x8D00, textarget=0x0DE1, texture=0, level=0)
[DEBUG] [FluorateGL] glFramebufferTexture2D(target=0x8D40, attachment=0x8CE0, textarget=0x0DE1, texture=8, level=0)
[DEBUG] [FluorateGL] glFramebufferTexture2D(target=0x8D40, attachment=0x8D00, textarget=0x0DE1, texture=0, level=0)
[DEBUG] [FluorateGL] glFramebufferTexture2D(target=0x8D40, attachment=0x8CE0, textarget=0x0DE1, texture=0, level=0)
[DEBUG] [FluorateGL] glBindBuffer(0x8892): desktop 34 -> GLES 34 (tid=13770)
[DEBUG] [FluorateGL] glBindBuffer(0x8892): desktop 37 -> GLES 37 (tid=13770)
[DEBUG] [FluorateGL] glBindBuffer(0x8A11): desktop 1 -> GLES 1 (tid=13770)
[DEBUG] [FluorateGL] glBindVertexBuffer(binding=0, buf=34, offset=0, stride=16) desktop 34 -> GLES 34 (tid=13770)
[DEBUG] [FluorateGL] glBindBuffer(0x8893): desktop 40 -> GLES 40 (tid=13770)
[DEBUG] [FluorateGL] glDrawElements(mode=0x0004, count=30, type=0x1403, indices=0x0) bound_vao=1 bound_buf=40 (tid=13770)
[DEBUG] [FluorateGL] glTexParameteri(target=0x0DE1, pname=0x813C, param=0)
[DEBUG] [FluorateGL] glTexParameteri(target=0x0DE1, pname=0x813D, param=0)
[DEBUG] [FluorateGL] glBindVertexBuffer(binding=0, buf=37, offset=0, stride=24) desktop 37 -> GLES 37 (tid=13770)
[DEBUG] [FluorateGL] glBindBuffer(0x8893): desktop 40 -> GLES 40 (tid=13770)
[DEBUG] [FluorateGL] glDrawElements(mode=0x0004, count=12, type=0x1403, indices=0x0) bound_vao=2 bound_buf=40 (tid=13770)
[DEBUG] [FluorateGL] glFramebufferTexture2D(target=0x8CA9, attachment=0x8CE0, textarget=0x0DE1, texture=8, level=0)
[DEBUG] [FluorateGL] glFramebufferTexture2D(target=0x8CA9, attachment=0x8D00, textarget=0x0DE1, texture=0, level=0)
[DEBUG] [FluorateGL] glBindBuffer(0x8A11): desktop 15 -> GLES 15 (tid=13770)
[DEBUG] [FluorateGL] glFramebufferTexture2D(target=0x8D40, attachment=0x8CE0, textarget=0x0DE1, texture=0, level=0)
[DEBUG] [FluorateGL] glFramebufferTexture2D(target=0x8D40, attachment=0x8D00, textarget=0x0DE1, texture=7, level=0)
[DEBUG] [FluorateGL] glFramebufferTexture2D(target=0x8D40, attachment=0x8D00, textarget=0x0DE1, texture=0, level=0)
[DEBUG] [FluorateGL] glFramebufferTexture2D(target=0x8D40, attachment=0x8CE0, textarget=0x0DE1, texture=8, level=0)
[DEBUG] [FluorateGL] glFramebufferTexture2D(target=0x8D40, attachment=0x8D00, textarget=0x0DE1, texture=0, level=0)
[DEBUG] [FluorateGL] glFramebufferTexture2D(target=0x8D40, attachment=0x8CE0, textarget=0x0DE1, texture=0, level=0)
[DEBUG] [FluorateGL] glBindBuffer(0x8892): desktop 35 -> GLES 35 (tid=13770)
[DEBUG] [FluorateGL] glBindBuffer(0x8892): desktop 38 -> GLES 38 (tid=13770)
[DEBUG] [FluorateGL] glBindBuffer(0x8A11): desktop 2 -> GLES 2 (tid=13770)
[DEBUG] [FluorateGL] glBindVertexBuffer(binding=0, buf=35, offset=0, stride=16) desktop 35 -> GLES 35 (tid=13770)
[DEBUG] [FluorateGL] glBindBuffer(0x8893): desktop 40 -> GLES 40 (tid=13770)
[DEBUG] [FluorateGL] glDrawElements(mode=0x0004, count=30, type=0x1403, indices=0x0) bound_vao=1 bound_buf=40 (tid=13770)
[DEBUG] [FluorateGL] glTexParameteri(target=0x0DE1, pname=0x813C, param=0)
[DEBUG] [FluorateGL] glTexParameteri(target=0x0DE1, pname=0x813D, param=0)
[DEBUG] [FluorateGL] glBindVertexBuffer(binding=0, buf=38, offset=0, stride=24) desktop 38 -> GLES 38 (tid=13770)
[DEBUG] [FluorateGL] glBindBuffer(0x8893): desktop 40 -> GLES 40 (tid=13770)
[DEBUG] [FluorateGL] glDrawElements(mode=0x0004, count=12, type=0x1403, indices=0x0) bound_vao=2 bound_buf=40 (tid=13770)
[DEBUG] [FluorateGL] glFramebufferTexture2D(target=0x8CA9, attachment=0x8CE0, textarget=0x0DE1, texture=8, level=0)
[DEBUG] [FluorateGL] glFramebufferTexture2D(target=0x8CA9, attachment=0x8D00, textarget=0x0DE1, texture=0, level=0)
[DEBUG] [FluorateGL] glBindBuffer(0x8A11): desktop 15 -> GLES 15 (tid=13770)
[DEBUG] [FluorateGL] glFramebufferTexture2D(target=0x8D40, attachment=0x8CE0, textarget=0x0DE1, texture=0, level=0)
[DEBUG] [FluorateGL] glFramebufferTexture2D(target=0x8D40, attachment=0x8D00, textarget=0x0DE1, texture=7, level=0)
[DEBUG] [FluorateGL] glFramebufferTexture2D(target=0x8D40, attachment=0x8D00, textarget=0x0DE1, texture=0, level=0)
[DEBUG] [FluorateGL] glFramebufferTexture2D(target=0x8D40, attachment=0x8CE0, textarget=0x0DE1, texture=8, level=0)
[DEBUG] [FluorateGL] glFramebufferTexture2D(target=0x8D40, attachment=0x8D00, textarget=0x0DE1, texture=0, level=0)
[DEBUG] [FluorateGL] glFramebufferTexture2D(target=0x8D40, attachment=0x8CE0, textarget=0x0DE1, texture=0, level=0)
[DEBUG] [FluorateGL] glBindBuffer(0x8892): desktop 36 -> GLES 36 (tid=13770)
[DEBUG] [FluorateGL] glBindBuffer(0x8892): desktop 39 -> GLES 39 (tid=13770)
[DEBUG] [FluorateGL] glBindBuffer(0x8A11): desktop 3 -> GLES 3 (tid=13770)
[DEBUG] [FluorateGL] glBindVertexBuffer(binding=0, buf=36, offset=0, stride=16) desktop 36 -> GLES 36 (tid=13770)
[DEBUG] [FluorateGL] glBindBuffer(0x8893): desktop 40 -> GLES 40 (tid=13770)
[DEBUG] [FluorateGL] glDrawElements(mode=0x0004, count=30, type=0x1403, indices=0x0) bound_vao=1 bound_buf=40 (tid=13770)
[DEBUG] [FluorateGL] glTexParameteri(target=0x0DE1, pname=0x813C, param=0)
[DEBUG] [FluorateGL] glTexParameteri(target=0x0DE1, pname=0x813D, param=0)
[DEBUG] [FluorateGL] glBindVertexBuffer(binding=0, buf=39, offset=0, stride=24) desktop 39 -> GLES 39 (tid=13770)
[DEBUG] [FluorateGL] glBindBuffer(0x8893): desktop 40 -> GLES 40 (tid=13770)
[DEBUG] [FluorateGL] glDrawElements(mode=0x0004, count=12, type=0x1403, indices=0x0) bound_vao=2 bound_buf=40 (tid=13770)
[DEBUG] [FluorateGL] glFramebufferTexture2D(target=0x8CA9, attachment=0x8CE0, textarget=0x0DE1, texture=8, level=0)
[DEBUG] [FluorateGL] glFramebufferTexture2D(target=0x8CA9, attachment=0x8D00, textarget=0x0DE1, texture=0, level=0)
[DEBUG] [FluorateGL] glBindBuffer(0x8A11): desktop 15 -> GLES 15 (tid=13770)
[DEBUG] [FluorateGL] glFramebufferTexture2D(target=0x8D40, attachment=0x8CE0, textarget=0x0DE1, texture=0, level=0)
[DEBUG] [FluorateGL] glFramebufferTexture2D(target=0x8D40, attachment=0x8D00, textarget=0x0DE1, texture=7, level=0)
[DEBUG] [FluorateGL] glFramebufferTexture2D(target=0x8D40, attachment=0x8D00, textarget=0x0DE1, texture=0, level=0)
[DEBUG] [FluorateGL] glFramebufferTexture2D(target=0x8D40, attachment=0x8CE0, textarget=0x0DE1, texture=8, level=0)
[DEBUG] [FluorateGL] glFramebufferTexture2D(target=0x8D40, attachment=0x8D00, textarget=0x0DE1, texture=0, level=0)
[DEBUG] [FluorateGL] glFramebufferTexture2D(target=0x8D40, attachment=0x8CE0, textarget=0x0DE1, texture=0, level=0)
[DEBUG] [FluorateGL] glBindBuffer(0x8892): desktop 34 -> GLES 34 (tid=13770)
[DEBUG] [FluorateGL] glBindBuffer(0x8892): desktop 37 -> GLES 37 (tid=13770)
[DEBUG] [FluorateGL] glBindBuffer(0x8A11): desktop 1 -> GLES 1 (tid=13770)
[DEBUG] [FluorateGL] glBindVertexBuffer(binding=0, buf=34, offset=0, stride=16) desktop 34 -> GLES 34 (tid=13770)
[DEBUG] [FluorateGL] glBindBuffer(0x8893): desktop 40 -> GLES 40 (tid=13770)
[DEBUG] [FluorateGL] glDrawElements(mode=0x0004, count=30, type=0x1403, indices=0x0) bound_vao=1 bound_buf=40 (tid=13770)
[DEBUG] [FluorateGL] glTexParameteri(target=0x0DE1, pname=0x813C, param=0)
[DEBUG] [FluorateGL] glTexParameteri(target=0x0DE1, pname=0x813D, param=0)
[DEBUG] [FluorateGL] glBindVertexBuffer(binding=0, buf=37, offset=0, stride=24) desktop 37 -> GLES 37 (tid=13770)
[DEBUG] [FluorateGL] glBindBuffer(0x8893): desktop 40 -> GLES 40 (tid=13770)
[DEBUG] [FluorateGL] glDrawElements(mode=0x0004, count=12, type=0x1403, indices=0x0) bound_vao=2 bound_buf=40 (tid=13770)
[DEBUG] [FluorateGL] glFramebufferTexture2D(target=0x8CA9, attachment=0x8CE0, textarget=0x0DE1, texture=8, level=0)
[DEBUG] [FluorateGL] glFramebufferTexture2D(target=0x8CA9, attachment=0x8D00, textarget=0x0DE1, texture=0, level=0)
[DEBUG] [FluorateGL] glBindBuffer(0x8A11): desktop 15 -> GLES 15 (tid=13770)
[DEBUG] [FluorateGL] glFramebufferTexture2D(target=0x8D40, attachment=0x8CE0, textarget=0x0DE1, texture=0, level=0)
[DEBUG] [FluorateGL] glFramebufferTexture2D(target=0x8D40, attachment=0x8D00, textarget=0x0DE1, texture=7, level=0)
[DEBUG] [FluorateGL] glFramebufferTexture2D(target=0x8D40, attachment=0x8D00, textarget=0x0DE1, texture=0, level=0)
[DEBUG] [FluorateGL] glFramebufferTexture2D(target=0x8D40, attachment=0x8CE0, textarget=0x0DE1, texture=8, level=0)
[DEBUG] [FluorateGL] glFramebufferTexture2D(target=0x8D40, attachment=0x8D00, textarget=0x0DE1, texture=0, level=0)
[DEBUG] [FluorateGL] glFramebufferTexture2D(target=0x8D40, attachment=0x8CE0, textarget=0x0DE1, texture=0, level=0)
[DEBUG] [FluorateGL] glBindBuffer(0x8892): desktop 35 -> GLES 35 (tid=13770)
[DEBUG] [FluorateGL] glBindBuffer(0x8892): desktop 38 -> GLES 38 (tid=13770)
[DEBUG] [FluorateGL] glBindBuffer(0x8A11): desktop 2 -> GLES 2 (tid=13770)
[DEBUG] [FluorateGL] glBindVertexBuffer(binding=0, buf=35, offset=0, stride=16) desktop 35 -> GLES 35 (tid=13770)
[DEBUG] [FluorateGL] glBindBuffer(0x8893): desktop 40 -> GLES 40 (tid=13770)
[DEBUG] [FluorateGL] glDrawElements(mode=0x0004, count=30, type=0x1403, indices=0x0) bound_vao=1 bound_buf=40 (tid=13770)
[DEBUG] [FluorateGL] glTexParameteri(target=0x0DE1, pname=0x813C, param=0)
[DEBUG] [FluorateGL] glTexParameteri(target=0x0DE1, pname=0x813D, param=0)
[DEBUG] [FluorateGL] glBindVertexBuffer(binding=0, buf=38, offset=0, stride=24) desktop 38 -> GLES 38 (tid=13770)
[DEBUG] [FluorateGL] glBindBuffer(0x8893): desktop 40 -> GLES 40 (tid=13770)
[DEBUG] [FluorateGL] glDrawElements(mode=0x0004, count=12, type=0x1403, indices=0x0) bound_vao=2 bound_buf=40 (tid=13770)
[DEBUG] [FluorateGL] glFramebufferTexture2D(target=0x8CA9, attachment=0x8CE0, textarget=0x0DE1, texture=8, level=0)
[DEBUG] [FluorateGL] glFramebufferTexture2D(target=0x8CA9, attachment=0x8D00, textarget=0x0DE1, texture=0, level=0)
[DEBUG] [FluorateGL] glBindBuffer(0x8A11): desktop 15 -> GLES 15 (tid=13770)
[DEBUG] [FluorateGL] glFramebufferTexture2D(target=0x8D40, attachment=0x8CE0, textarget=0x0DE1, texture=0, level=0)
[DEBUG] [FluorateGL] glFramebufferTexture2D(target=0x8D40, attachment=0x8D00, textarget=0x0DE1, texture=7, level=0)
[DEBUG] [FluorateGL] glFramebufferTexture2D(target=0x8D40, attachment=0x8D00, textarget=0x0DE1, texture=0, level=0)
[DEBUG] [FluorateGL] glFramebufferTexture2D(target=0x8D40, attachment=0x8CE0, textarget=0x0DE1, texture=8, level=0)
[DEBUG] [FluorateGL] glFramebufferTexture2D(target=0x8D40, attachment=0x8D00, textarget=0x0DE1, texture=0, level=0)
[DEBUG] [FluorateGL] glFramebufferTexture2D(target=0x8D40, attachment=0x8CE0, textarget=0x0DE1, texture=0, level=0)
[DEBUG] [FluorateGL] glBindBuffer(0x8892): desktop 36 -> GLES 36 (tid=13770)
[DEBUG] [FluorateGL] glBindBuffer(0x8892): desktop 39 -> GLES 39 (tid=13770)
[DEBUG] [FluorateGL] glBindBuffer(0x8A11): desktop 3 -> GLES 3 (tid=13770)
[DEBUG] [FluorateGL] glBindVertexBuffer(binding=0, buf=36, offset=0, stride=16) desktop 36 -> GLES 36 (tid=13770)
[DEBUG] [FluorateGL] glBindBuffer(0x8893): desktop 40 -> GLES 40 (tid=13770)
[DEBUG] [FluorateGL] glDrawElements(mode=0x0004, count=30, type=0x1403, indices=0x0) bound_vao=1 bound_buf=40 (tid=13770)
[DEBUG] [FluorateGL] glTexParameteri(target=0x0DE1, pname=0x813C, param=0)
[DEBUG] [FluorateGL] glTexParameteri(target=0x0DE1, pname=0x813D, param=0)
[DEBUG] [FluorateGL] glBindVertexBuffer(binding=0, buf=39, offset=0, stride=24) desktop 39 -> GLES 39 (tid=13770)
[DEBUG] [FluorateGL] glBindBuffer(0x8893): desktop 40 -> GLES 40 (tid=13770)
[DEBUG] [FluorateGL] glDrawElements(mode=0x0004, count=12, type=0x1403, indices=0x0) bound_vao=2 bound_buf=40 (tid=13770)
[DEBUG] [FluorateGL] glFramebufferTexture2D(target=0x8CA9, attachment=0x8CE0, textarget=0x0DE1, texture=8, level=0)
[DEBUG] [FluorateGL] glFramebufferTexture2D(target=0x8CA9, attachment=0x8D00, textarget=0x0DE1, texture=0, level=0)
[DEBUG] [FluorateGL] glBindBuffer(0x8A11): desktop 15 -> GLES 15 (tid=13770)
[DEBUG] [FluorateGL] glFramebufferTexture2D(target=0x8D40, attachment=0x8CE0, textarget=0x0DE1, texture=0, level=0)
[DEBUG] [FluorateGL] glFramebufferTexture2D(target=0x8D40, attachment=0x8D00, textarget=0x0DE1, texture=7, level=0)
[DEBUG] [FluorateGL] glFramebufferTexture2D(target=0x8D40, attachment=0x8D00, textarget=0x0DE1, texture=0, level=0)
[DEBUG] [FluorateGL] glFramebufferTexture2D(target=0x8D40, attachment=0x8CE0, textarget=0x0DE1, texture=8, level=0)
[DEBUG] [FluorateGL] glFramebufferTexture2D(target=0x8D40, attachment=0x8D00, textarget=0x0DE1, texture=0, level=0)
[DEBUG] [FluorateGL] glFramebufferTexture2D(target=0x8D40, attachment=0x8CE0, textarget=0x0DE1, texture=0, level=0)
[DEBUG] [FluorateGL] glBindBuffer(0x8892): desktop 34 -> GLES 34 (tid=13770)
[DEBUG] [FluorateGL] glBindBuffer(0x8892): desktop 37 -> GLES 37 (tid=13770)
[DEBUG] [FluorateGL] glBindBuffer(0x8A11): desktop 1 -> GLES 1 (tid=13770)
[DEBUG] [FluorateGL] glBindVertexBuffer(binding=0, buf=34, offset=0, stride=16) desktop 34 -> GLES 34 (tid=13770)
[DEBUG] [FluorateGL] glBindBuffer(0x8893): desktop 40 -> GLES 40 (tid=13770)
[DEBUG] [FluorateGL] glDrawElements(mode=0x0004, count=30, type=0x1403, indices=0x0) bound_vao=1 bound_buf=40 (tid=13770)
[DEBUG] [FluorateGL] glTexParameteri(target=0x0DE1, pname=0x813C, param=0)
[DEBUG] [FluorateGL] glTexParameteri(target=0x0DE1, pname=0x813D, param=0)
[DEBUG] [FluorateGL] glBindVertexBuffer(binding=0, buf=37, offset=0, stride=24) desktop 37 -> GLES 37 (tid=13770)
[DEBUG] [FluorateGL] glBindBuffer(0x8893): desktop 40 -> GLES 40 (tid=13770)
[DEBUG] [FluorateGL] glDrawElements(mode=0x0004, count=12, type=0x1403, indices=0x0) bound_vao=2 bound_buf=40 (tid=13770)
[DEBUG] [FluorateGL] glFramebufferTexture2D(target=0x8CA9, attachment=0x8CE0, textarget=0x0DE1, texture=8, level=0)
[DEBUG] [FluorateGL] glFramebufferTexture2D(target=0x8CA9, attachment=0x8D00, textarget=0x0DE1, texture=0, level=0)
[DEBUG] [FluorateGL] glBindBuffer(0x8A11): desktop 15 -> GLES 15 (tid=13770)
[DEBUG] [FluorateGL] glFramebufferTexture2D(target=0x8D40, attachment=0x8CE0, textarget=0x0DE1, texture=0, level=0)
[DEBUG] [FluorateGL] glFramebufferTexture2D(target=0x8D40, attachment=0x8D00, textarget=0x0DE1, texture=7, level=0)
[DEBUG] [FluorateGL] glFramebufferTexture2D(target=0x8D40, attachment=0x8D00, textarget=0x0DE1, texture=0, level=0)
[DEBUG] [FluorateGL] glFramebufferTexture2D(target=0x8D40, attachment=0x8CE0, textarget=0x0DE1, texture=8, level=0)
[DEBUG] [FluorateGL] glFramebufferTexture2D(target=0x8D40, attachment=0x8D00, textarget=0x0DE1, texture=0, level=0)
[DEBUG] [FluorateGL] glFramebufferTexture2D(target=0x8D40, attachment=0x8CE0, textarget=0x0DE1, texture=0, level=0)
[DEBUG] [FluorateGL] glBindBuffer(0x8892): desktop 35 -> GLES 35 (tid=13770)
[DEBUG] [FluorateGL] glBindBuffer(0x8892): desktop 38 -> GLES 38 (tid=13770)
[DEBUG] [FluorateGL] glBindBuffer(0x8A11): desktop 2 -> GLES 2 (tid=13770)
[DEBUG] [FluorateGL] glBindVertexBuffer(binding=0, buf=35, offset=0, stride=16) desktop 35 -> GLES 35 (tid=13770)
[DEBUG] [FluorateGL] glBindBuffer(0x8893): desktop 40 -> GLES 40 (tid=13770)
[DEBUG] [FluorateGL] glDrawElements(mode=0x0004, count=30, type=0x1403, indices=0x0) bound_vao=1 bound_buf=40 (tid=13770)
[DEBUG] [FluorateGL] glTexParameteri(target=0x0DE1, pname=0x813C, param=0)
[DEBUG] [FluorateGL] glTexParameteri(target=0x0DE1, pname=0x813D, param=0)
[DEBUG] [FluorateGL] glBindVertexBuffer(binding=0, buf=38, offset=0, stride=24) desktop 38 -> GLES 38 (tid=13770)
[DEBUG] [FluorateGL] glBindBuffer(0x8893): desktop 40 -> GLES 40 (tid=13770)
[DEBUG] [FluorateGL] glDrawElements(mode=0x0004, count=12, type=0x1403, indices=0x0) bound_vao=2 bound_buf=40 (tid=13770)
[DEBUG] [FluorateGL] glFramebufferTexture2D(target=0x8CA9, attachment=0x8CE0, textarget=0x0DE1, texture=8, level=0)
[DEBUG] [FluorateGL] glFramebufferTexture2D(target=0x8CA9, attachment=0x8D00, textarget=0x0DE1, texture=0, level=0)
[DEBUG] [FluorateGL] glBindBuffer(0x8A11): desktop 15 -> GLES 15 (tid=13770)
[DEBUG] [FluorateGL] glFramebufferTexture2D(target=0x8D40, attachment=0x8CE0, textarget=0x0DE1, texture=0, level=0)
[DEBUG] [FluorateGL] glFramebufferTexture2D(target=0x8D40, attachment=0x8D00, textarget=0x0DE1, texture=7, level=0)
[DEBUG] [FluorateGL] glFramebufferTexture2D(target=0x8D40, attachment=0x8D00, textarget=0x0DE1, texture=0, level=0)
[DEBUG] [FluorateGL] glFramebufferTexture2D(target=0x8D40, attachment=0x8CE0, textarget=0x0DE1, texture=8, level=0)
[DEBUG] [FluorateGL] glFramebufferTexture2D(target=0x8D40, attachment=0x8D00, textarget=0x0DE1, texture=0, level=0)
[DEBUG] [FluorateGL] glFramebufferTexture2D(target=0x8D40, attachment=0x8CE0, textarget=0x0DE1, texture=0, level=0)
[DEBUG] [FluorateGL] glBindBuffer(0x8892): desktop 36 -> GLES 36 (tid=13770)
[DEBUG] [FluorateGL] glBindBuffer(0x8892): desktop 39 -> GLES 39 (tid=13770)
[DEBUG] [FluorateGL] glBindBuffer(0x8A11): desktop 3 -> GLES 3 (tid=13770)
[DEBUG] [FluorateGL] glBindVertexBuffer(binding=0, buf=36, offset=0, stride=16) desktop 36 -> GLES 36 (tid=13770)
[DEBUG] [FluorateGL] glBindBuffer(0x8893): desktop 40 -> GLES 40 (tid=13770)
[DEBUG] [FluorateGL] glDrawElements(mode=0x0004, count=30, type=0x1403, indices=0x0) bound_vao=1 bound_buf=40 (tid=13770)
[DEBUG] [FluorateGL] glTexParameteri(target=0x0DE1, pname=0x813C, param=0)
[DEBUG] [FluorateGL] glTexParameteri(target=0x0DE1, pname=0x813D, param=0)
[DEBUG] [FluorateGL] glBindVertexBuffer(binding=0, buf=39, offset=0, stride=24) desktop 39 -> GLES 39 (tid=13770)
[DEBUG] [FluorateGL] glBindBuffer(0x8893): desktop 40 -> GLES 40 (tid=13770)
[DEBUG] [FluorateGL] glDrawElements(mode=0x0004, count=12, type=0x1403, indices=0x0) bound_vao=2 bound_buf=40 (tid=13770)
[DEBUG] [FluorateGL] glFramebufferTexture2D(target=0x8CA9, attachment=0x8CE0, textarget=0x0DE1, texture=8, level=0)
[DEBUG] [FluorateGL] glFramebufferTexture2D(target=0x8CA9, attachment=0x8D00, textarget=0x0DE1, texture=0, level=0)
[DEBUG] [FluorateGL] glBindBuffer(0x8A11): desktop 15 -> GLES 15 (tid=13770)
[DEBUG] [FluorateGL] glFramebufferTexture2D(target=0x8D40, attachment=0x8CE0, textarget=0x0DE1, texture=0, level=0)
[DEBUG] [FluorateGL] glFramebufferTexture2D(target=0x8D40, attachment=0x8D00, textarget=0x0DE1, texture=7, level=0)
[DEBUG] [FluorateGL] glFramebufferTexture2D(target=0x8D40, attachment=0x8D00, textarget=0x0DE1, texture=0, level=0)
[DEBUG] [FluorateGL] glFramebufferTexture2D(target=0x8D40, attachment=0x8CE0, textarget=0x0DE1, texture=8, level=0)
[DEBUG] [FluorateGL] glFramebufferTexture2D(target=0x8D40, attachment=0x8D00, textarget=0x0DE1, texture=0, level=0)
[DEBUG] [FluorateGL] glFramebufferTexture2D(target=0x8D40, attachment=0x8CE0, textarget=0x0DE1, texture=0, level=0)
[DEBUG] [FluorateGL] glBindBuffer(0x8892): desktop 34 -> GLES 34 (tid=13770)
[DEBUG] [FluorateGL] glBindBuffer(0x8892): desktop 37 -> GLES 37 (tid=13770)
[DEBUG] [FluorateGL] glBindBuffer(0x8A11): desktop 1 -> GLES 1 (tid=13770)
[DEBUG] [FluorateGL] glBindVertexBuffer(binding=0, buf=34, offset=0, stride=16) desktop 34 -> GLES 34 (tid=13770)
[DEBUG] [FluorateGL] glBindBuffer(0x8893): desktop 40 -> GLES 40 (tid=13770)
[DEBUG] [FluorateGL] glDrawElements(mode=0x0004, count=30, type=0x1403, indices=0x0) bound_vao=1 bound_buf=40 (tid=13770)
[DEBUG] [FluorateGL] glTexParameteri(target=0x0DE1, pname=0x813C, param=0)
[DEBUG] [FluorateGL] glTexParameteri(target=0x0DE1, pname=0x813D, param=0)
[DEBUG] [FluorateGL] glBindVertexBuffer(binding=0, buf=37, offset=0, stride=24) desktop 37 -> GLES 37 (tid=13770)
[DEBUG] [FluorateGL] glBindBuffer(0x8893): desktop 40 -> GLES 40 (tid=13770)
[DEBUG] [FluorateGL] glDrawElements(mode=0x0004, count=12, type=0x1403, indices=0x0) bound_vao=2 bound_buf=40 (tid=13770)
[DEBUG] [FluorateGL] glFramebufferTexture2D(target=0x8CA9, attachment=0x8CE0, textarget=0x0DE1, texture=8, level=0)
[DEBUG] [FluorateGL] glFramebufferTexture2D(target=0x8CA9, attachment=0x8D00, textarget=0x0DE1, texture=0, level=0)
[DEBUG] [FluorateGL] glBindBuffer(0x8A11): desktop 15 -> GLES 15 (tid=13770)
[DEBUG] [FluorateGL] glFramebufferTexture2D(target=0x8D40, attachment=0x8CE0, textarget=0x0DE1, texture=0, level=0)
[DEBUG] [FluorateGL] glFramebufferTexture2D(target=0x8D40, attachment=0x8D00, textarget=0x0DE1, texture=7, level=0)
[DEBUG] [FluorateGL] glFramebufferTexture2D(target=0x8D40, attachment=0x8D00, textarget=0x0DE1, texture=0, level=0)
[DEBUG] [FluorateGL] glFramebufferTexture2D(target=0x8D40, attachment=0x8CE0, textarget=0x0DE1, texture=8, level=0)
[DEBUG] [FluorateGL] glFramebufferTexture2D(target=0x8D40, attachment=0x8D00, textarget=0x0DE1, texture=0, level=0)
[DEBUG] [FluorateGL] glFramebufferTexture2D(target=0x8D40, attachment=0x8CE0, textarget=0x0DE1, texture=0, level=0)
[DEBUG] [FluorateGL] glBindBuffer(0x8892): desktop 35 -> GLES 35 (tid=13770)
[DEBUG] [FluorateGL] glBindBuffer(0x8892): desktop 38 -> GLES 38 (tid=13770)
[DEBUG] [FluorateGL] glBindBuffer(0x8A11): desktop 2 -> GLES 2 (tid=13770)
[DEBUG] [FluorateGL] glBindVertexBuffer(binding=0, buf=35, offset=0, stride=16) desktop 35 -> GLES 35 (tid=13770)
[DEBUG] [FluorateGL] glBindBuffer(0x8893): desktop 40 -> GLES 40 (tid=13770)
[DEBUG] [FluorateGL] glDrawElements(mode=0x0004, count=30, type=0x1403, indices=0x0) bound_vao=1 bound_buf=40 (tid=13770)
[DEBUG] [FluorateGL] glTexParameteri(target=0x0DE1, pname=0x813C, param=0)
[DEBUG] [FluorateGL] glTexParameteri(target=0x0DE1, pname=0x813D, param=0)
[DEBUG] [FluorateGL] glBindVertexBuffer(binding=0, buf=38, offset=0, stride=24) desktop 38 -> GLES 38 (tid=13770)
[DEBUG] [FluorateGL] glBindBuffer(0x8893): desktop 40 -> GLES 40 (tid=13770)
[DEBUG] [FluorateGL] glDrawElements(mode=0x0004, count=12, type=0x1403, indices=0x0) bound_vao=2 bound_buf=40 (tid=13770)
[DEBUG] [FluorateGL] glFramebufferTexture2D(target=0x8CA9, attachment=0x8CE0, textarget=0x0DE1, texture=8, level=0)
[DEBUG] [FluorateGL] glFramebufferTexture2D(target=0x8CA9, attachment=0x8D00, textarget=0x0DE1, texture=0, level=0)
[DEBUG] [FluorateGL] glBindBuffer(0x8A11): desktop 15 -> GLES 15 (tid=13770)
[DEBUG] [FluorateGL] glFramebufferTexture2D(target=0x8D40, attachment=0x8CE0, textarget=0x0DE1, texture=0, level=0)
[DEBUG] [FluorateGL] glFramebufferTexture2D(target=0x8D40, attachment=0x8D00, textarget=0x0DE1, texture=7, level=0)
[DEBUG] [FluorateGL] glFramebufferTexture2D(target=0x8D40, attachment=0x8D00, textarget=0x0DE1, texture=0, level=0)
[DEBUG] [FluorateGL] glFramebufferTexture2D(target=0x8D40, attachment=0x8CE0, textarget=0x0DE1, texture=8, level=0)
[DEBUG] [FluorateGL] glFramebufferTexture2D(target=0x8D40, attachment=0x8D00, textarget=0x0DE1, texture=0, level=0)
[DEBUG] [FluorateGL] glFramebufferTexture2D(target=0x8D40, attachment=0x8CE0, textarget=0x0DE1, texture=0, level=0)
[DEBUG] [FluorateGL] glBindBuffer(0x8892): desktop 36 -> GLES 36 (tid=13770)
[DEBUG] [FluorateGL] glBindBuffer(0x8892): desktop 39 -> GLES 39 (tid=13770)
[DEBUG] [FluorateGL] glBindBuffer(0x8A11): desktop 3 -> GLES 3 (tid=13770)
[DEBUG] [FluorateGL] glBindVertexBuffer(binding=0, buf=36, offset=0, stride=16) desktop 36 -> GLES 36 (tid=13770)
[DEBUG] [FluorateGL] glBindBuffer(0x8893): desktop 40 -> GLES 40 (tid=13770)
[DEBUG] [FluorateGL] glDrawElements(mode=0x0004, count=30, type=0x1403, indices=0x0) bound_vao=1 bound_buf=40 (tid=13770)
[DEBUG] [FluorateGL] glTexParameteri(target=0x0DE1, pname=0x813C, param=0)
[DEBUG] [FluorateGL] glTexParameteri(target=0x0DE1, pname=0x813D, param=0)
[DEBUG] [FluorateGL] glBindVertexBuffer(binding=0, buf=39, offset=0, stride=24) desktop 39 -> GLES 39 (tid=13770)
[DEBUG] [FluorateGL] glBindBuffer(0x8893): desktop 40 -> GLES 40 (tid=13770)
[DEBUG] [FluorateGL] glDrawElements(mode=0x0004, count=12, type=0x1403, indices=0x0) bound_vao=2 bound_buf=40 (tid=13770)
[DEBUG] [FluorateGL] glFramebufferTexture2D(target=0x8CA9, attachment=0x8CE0, textarget=0x0DE1, texture=8, level=0)
[DEBUG] [FluorateGL] glFramebufferTexture2D(target=0x8CA9, attachment=0x8D00, textarget=0x0DE1, texture=0, level=0)
[DEBUG] [FluorateGL] glBindBuffer(0x8A11): desktop 15 -> GLES 15 (tid=13770)
[DEBUG] [FluorateGL] glFramebufferTexture2D(target=0x8D40, attachment=0x8CE0, textarget=0x0DE1, texture=0, level=0)
[DEBUG] [FluorateGL] glFramebufferTexture2D(target=0x8D40, attachment=0x8D00, textarget=0x0DE1, texture=7, level=0)
[DEBUG] [FluorateGL] glFramebufferTexture2D(target=0x8D40, attachment=0x8D00, textarget=0x0DE1, texture=0, level=0)
[DEBUG] [FluorateGL] glFramebufferTexture2D(target=0x8D40, attachment=0x8CE0, textarget=0x0DE1, texture=8, level=0)
[DEBUG] [FluorateGL] glFramebufferTexture2D(target=0x8D40, attachment=0x8D00, textarget=0x0DE1, texture=0, level=0)
[DEBUG] [FluorateGL] glFramebufferTexture2D(target=0x8D40, attachment=0x8CE0, textarget=0x0DE1, texture=0, level=0)
[DEBUG] [FluorateGL] glBindBuffer(0x8892): desktop 34 -> GLES 34 (tid=13770)
[DEBUG] [FluorateGL] glBindBuffer(0x8892): desktop 37 -> GLES 37 (tid=13770)
[DEBUG] [FluorateGL] glBindBuffer(0x8A11): desktop 1 -> GLES 1 (tid=13770)
[DEBUG] [FluorateGL] glBindVertexBuffer(binding=0, buf=34, offset=0, stride=16) desktop 34 -> GLES 34 (tid=13770)
[DEBUG] [FluorateGL] glBindBuffer(0x8893): desktop 40 -> GLES 40 (tid=13770)
[DEBUG] [FluorateGL] glDrawElements(mode=0x0004, count=30, type=0x1403, indices=0x0) bound_vao=1 bound_buf=40 (tid=13770)
[DEBUG] [FluorateGL] glTexParameteri(target=0x0DE1, pname=0x813C, param=0)
[DEBUG] [FluorateGL] glTexParameteri(target=0x0DE1, pname=0x813D, param=0)
[DEBUG] [FluorateGL] glBindVertexBuffer(binding=0, buf=37, offset=0, stride=24) desktop 37 -> GLES 37 (tid=13770)
[DEBUG] [FluorateGL] glBindBuffer(0x8893): desktop 40 -> GLES 40 (tid=13770)
[DEBUG] [FluorateGL] glDrawElements(mode=0x0004, count=12, type=0x1403, indices=0x0) bound_vao=2 bound_buf=40 (tid=13770)
[DEBUG] [FluorateGL] glFramebufferTexture2D(target=0x8CA9, attachment=0x8CE0, textarget=0x0DE1, texture=8, level=0)
[DEBUG] [FluorateGL] glFramebufferTexture2D(target=0x8CA9, attachment=0x8D00, textarget=0x0DE1, texture=0, level=0)
[DEBUG] [FluorateGL] glBindBuffer(0x8A11): desktop 15 -> GLES 15 (tid=13770)
[DEBUG] [FluorateGL] glFramebufferTexture2D(target=0x8D40, attachment=0x8CE0, textarget=0x0DE1, texture=0, level=0)
[DEBUG] [FluorateGL] glFramebufferTexture2D(target=0x8D40, attachment=0x8D00, textarget=0x0DE1, texture=7, level=0)
[DEBUG] [FluorateGL] glFramebufferTexture2D(target=0x8D40, attachment=0x8D00, textarget=0x0DE1, texture=0, level=0)
[DEBUG] [FluorateGL] glFramebufferTexture2D(target=0x8D40, attachment=0x8CE0, textarget=0x0DE1, texture=8, level=0)
[DEBUG] [FluorateGL] glFramebufferTexture2D(target=0x8D40, attachment=0x8D00, textarget=0x0DE1, texture=0, level=0)
[DEBUG] [FluorateGL] glFramebufferTexture2D(target=0x8D40, attachment=0x8CE0, textarget=0x0DE1, texture=0, level=0)
[DEBUG] [FluorateGL] glBindBuffer(0x8892): desktop 35 -> GLES 35 (tid=13770)
[DEBUG] [FluorateGL] glBindBuffer(0x8892): desktop 38 -> GLES 38 (tid=13770)
[DEBUG] [FluorateGL] glBindBuffer(0x8A11): desktop 2 -> GLES 2 (tid=13770)
[DEBUG] [FluorateGL] glBindVertexBuffer(binding=0, buf=35, offset=0, stride=16) desktop 35 -> GLES 35 (tid=13770)
[DEBUG] [FluorateGL] glBindBuffer(0x8893): desktop 40 -> GLES 40 (tid=13770)
[DEBUG] [FluorateGL] glDrawElements(mode=0x0004, count=30, type=0x1403, indices=0x0) bound_vao=1 bound_buf=40 (tid=13770)
[DEBUG] [FluorateGL] glTexParameteri(target=0x0DE1, pname=0x813C, param=0)
[DEBUG] [FluorateGL] glTexParameteri(target=0x0DE1, pname=0x813D, param=0)
[DEBUG] [FluorateGL] glBindVertexBuffer(binding=0, buf=38, offset=0, stride=24) desktop 38 -> GLES 38 (tid=13770)
[DEBUG] [FluorateGL] glBindBuffer(0x8893): desktop 40 -> GLES 40 (tid=13770)
[DEBUG] [FluorateGL] glDrawElements(mode=0x0004, count=12, type=0x1403, indices=0x0) bound_vao=2 bound_buf=40 (tid=13770)
[DEBUG] [FluorateGL] glFramebufferTexture2D(target=0x8CA9, attachment=0x8CE0, textarget=0x0DE1, texture=8, level=0)
[DEBUG] [FluorateGL] glFramebufferTexture2D(target=0x8CA9, attachment=0x8D00, textarget=0x0DE1, texture=0, level=0)
[DEBUG] [FluorateGL] glBindBuffer(0x8A11): desktop 15 -> GLES 15 (tid=13770)
[DEBUG] [FluorateGL] glFramebufferTexture2D(target=0x8D40, attachment=0x8CE0, textarget=0x0DE1, texture=0, level=0)
[DEBUG] [FluorateGL] glFramebufferTexture2D(target=0x8D40, attachment=0x8D00, textarget=0x0DE1, texture=7, level=0)
[DEBUG] [FluorateGL] glFramebufferTexture2D(target=0x8D40, attachment=0x8D00, textarget=0x0DE1, texture=0, level=0)
[DEBUG] [FluorateGL] glFramebufferTexture2D(target=0x8D40, attachment=0x8CE0, textarget=0x0DE1, texture=8, level=0)
[DEBUG] [FluorateGL] glFramebufferTexture2D(target=0x8D40, attachment=0x8D00, textarget=0x0DE1, texture=0, level=0)
[DEBUG] [FluorateGL] glFramebufferTexture2D(target=0x8D40, attachment=0x8CE0, textarget=0x0DE1, texture=0, level=0)
[DEBUG] [FluorateGL] glBindBuffer(0x8892): desktop 36 -> GLES 36 (tid=13770)
[DEBUG] [FluorateGL] glBindBuffer(0x8892): desktop 39 -> GLES 39 (tid=13770)
[DEBUG] [FluorateGL] glBindBuffer(0x8A11): desktop 3 -> GLES 3 (tid=13770)
[DEBUG] [FluorateGL] glBindVertexBuffer(binding=0, buf=36, offset=0, stride=16) desktop 36 -> GLES 36 (tid=13770)
[DEBUG] [FluorateGL] glBindBuffer(0x8893): desktop 40 -> GLES 40 (tid=13770)
[DEBUG] [FluorateGL] glDrawElements(mode=0x0004, count=30, type=0x1403, indices=0x0) bound_vao=1 bound_buf=40 (tid=13770)
[DEBUG] [FluorateGL] glTexParameteri(target=0x0DE1, pname=0x813C, param=0)
[DEBUG] [FluorateGL] glTexParameteri(target=0x0DE1, pname=0x813D, param=0)
[DEBUG] [FluorateGL] glBindVertexBuffer(binding=0, buf=39, offset=0, stride=24) desktop 39 -> GLES 39 (tid=13770)
[DEBUG] [FluorateGL] glBindBuffer(0x8893): desktop 40 -> GLES 40 (tid=13770)
[DEBUG] [FluorateGL] glDrawElements(mode=0x0004, count=12, type=0x1403, indices=0x0) bound_vao=2 bound_buf=40 (tid=13770)
[DEBUG] [FluorateGL] glFramebufferTexture2D(target=0x8CA9, attachment=0x8CE0, textarget=0x0DE1, texture=8, level=0)
[DEBUG] [FluorateGL] glFramebufferTexture2D(target=0x8CA9, attachment=0x8D00, textarget=0x0DE1, texture=0, level=0)
[DEBUG] [FluorateGL] glBindBuffer(0x8A11): desktop 15 -> GLES 15 (tid=13770)
[DEBUG] [FluorateGL] glFramebufferTexture2D(target=0x8D40, attachment=0x8CE0, textarget=0x0DE1, texture=0, level=0)
[DEBUG] [FluorateGL] glFramebufferTexture2D(target=0x8D40, attachment=0x8D00, textarget=0x0DE1, texture=7, level=0)
[DEBUG] [FluorateGL] glFramebufferTexture2D(target=0x8D40, attachment=0x8D00, textarget=0x0DE1, texture=0, level=0)
[DEBUG] [FluorateGL] glFramebufferTexture2D(target=0x8D40, attachment=0x8CE0, textarget=0x0DE1, texture=8, level=0)
[DEBUG] [FluorateGL] glFramebufferTexture2D(target=0x8D40, attachment=0x8D00, textarget=0x0DE1, texture=0, level=0)
[DEBUG] [FluorateGL] glFramebufferTexture2D(target=0x8D40, attachment=0x8CE0, textarget=0x0DE1, texture=0, level=0)
[DEBUG] [FluorateGL] glBindBuffer(0x8892): desktop 34 -> GLES 34 (tid=13770)
[DEBUG] [FluorateGL] glBindBuffer(0x8892): desktop 37 -> GLES 37 (tid=13770)
[DEBUG] [FluorateGL] glBindBuffer(0x8A11): desktop 1 -> GLES 1 (tid=13770)
[DEBUG] [FluorateGL] glBindVertexBuffer(binding=0, buf=34, offset=0, stride=16) desktop 34 -> GLES 34 (tid=13770)
[DEBUG] [FluorateGL] glBindBuffer(0x8893): desktop 40 -> GLES 40 (tid=13770)
[DEBUG] [FluorateGL] glDrawElements(mode=0x0004, count=30, type=0x1403, indices=0x0) bound_vao=1 bound_buf=40 (tid=13770)
[DEBUG] [FluorateGL] glTexParameteri(target=0x0DE1, pname=0x813C, param=0)
[DEBUG] [FluorateGL] glTexParameteri(target=0x0DE1, pname=0x813D, param=0)
[DEBUG] [FluorateGL] glBindVertexBuffer(binding=0, buf=37, offset=0, stride=24) desktop 37 -> GLES 37 (tid=13770)
[DEBUG] [FluorateGL] glBindBuffer(0x8893): desktop 40 -> GLES 40 (tid=13770)
[DEBUG] [FluorateGL] glDrawElements(mode=0x0004, count=12, type=0x1403, indices=0x0) bound_vao=2 bound_buf=40 (tid=13770)
[DEBUG] [FluorateGL] glFramebufferTexture2D(target=0x8CA9, attachment=0x8CE0, textarget=0x0DE1, texture=8, level=0)
[DEBUG] [FluorateGL] glFramebufferTexture2D(target=0x8CA9, attachment=0x8D00, textarget=0x0DE1, texture=0, level=0)
[DEBUG] [FluorateGL] glBindBuffer(0x8A11): desktop 15 -> GLES 15 (tid=13770)
[DEBUG] [FluorateGL] glFramebufferTexture2D(target=0x8D40, attachment=0x8CE0, textarget=0x0DE1, texture=0, level=0)
[DEBUG] [FluorateGL] glFramebufferTexture2D(target=0x8D40, attachment=0x8D00, textarget=0x0DE1, texture=7, level=0)
[DEBUG] [FluorateGL] glFramebufferTexture2D(target=0x8D40, attachment=0x8D00, textarget=0x0DE1, texture=0, level=0)
[DEBUG] [FluorateGL] glFramebufferTexture2D(target=0x8D40, attachment=0x8CE0, textarget=0x0DE1, texture=8, level=0)
[DEBUG] [FluorateGL] glFramebufferTexture2D(target=0x8D40, attachment=0x8D00, textarget=0x0DE1, texture=0, level=0)
[DEBUG] [FluorateGL] glFramebufferTexture2D(target=0x8D40, attachment=0x8CE0, textarget=0x0DE1, texture=0, level=0)
[DEBUG] [FluorateGL] glBindBuffer(0x8892): desktop 35 -> GLES 35 (tid=13770)
[DEBUG] [FluorateGL] glBindBuffer(0x8892): desktop 38 -> GLES 38 (tid=13770)
[DEBUG] [FluorateGL] glBindBuffer(0x8A11): desktop 2 -> GLES 2 (tid=13770)
[DEBUG] [FluorateGL] glBindVertexBuffer(binding=0, buf=35, offset=0, stride=16) desktop 35 -> GLES 35 (tid=13770)
[DEBUG] [FluorateGL] glBindBuffer(0x8893): desktop 40 -> GLES 40 (tid=13770)
[DEBUG] [FluorateGL] glDrawElements(mode=0x0004, count=30, type=0x1403, indices=0x0) bound_vao=1 bound_buf=40 (tid=13770)
[DEBUG] [FluorateGL] glTexParameteri(target=0x0DE1, pname=0x813C, param=0)
[DEBUG] [FluorateGL] glTexParameteri(target=0x0DE1, pname=0x813D, param=0)
[DEBUG] [FluorateGL] glBindVertexBuffer(binding=0, buf=38, offset=0, stride=24) desktop 38 -> GLES 38 (tid=13770)
[DEBUG] [FluorateGL] glBindBuffer(0x8893): desktop 40 -> GLES 40 (tid=13770)
[DEBUG] [FluorateGL] glDrawElements(mode=0x0004, count=12, type=0x1403, indices=0x0) bound_vao=2 bound_buf=40 (tid=13770)
[DEBUG] [FluorateGL] glFramebufferTexture2D(target=0x8CA9, attachment=0x8CE0, textarget=0x0DE1, texture=8, level=0)
[DEBUG] [FluorateGL] glFramebufferTexture2D(target=0x8CA9, attachment=0x8D00, textarget=0x0DE1, texture=0, level=0)
[DEBUG] [FluorateGL] glBindBuffer(0x8A11): desktop 15 -> GLES 15 (tid=13770)
[DEBUG] [FluorateGL] glFramebufferTexture2D(target=0x8D40, attachment=0x8CE0, textarget=0x0DE1, texture=0, level=0)
[DEBUG] [FluorateGL] glFramebufferTexture2D(target=0x8D40, attachment=0x8D00, textarget=0x0DE1, texture=7, level=0)
[DEBUG] [FluorateGL] glFramebufferTexture2D(target=0x8D40, attachment=0x8D00, textarget=0x0DE1, texture=0, level=0)
[DEBUG] [FluorateGL] glFramebufferTexture2D(target=0x8D40, attachment=0x8CE0, textarget=0x0DE1, texture=8, level=0)
[DEBUG] [FluorateGL] glFramebufferTexture2D(target=0x8D40, attachment=0x8D00, textarget=0x0DE1, texture=0, level=0)
[DEBUG] [FluorateGL] glFramebufferTexture2D(target=0x8D40, attachment=0x8CE0, textarget=0x0DE1, texture=0, level=0)
[DEBUG] [FluorateGL] glBindBuffer(0x8892): desktop 36 -> GLES 36 (tid=13770)
[DEBUG] [FluorateGL] glBindBuffer(0x8892): desktop 39 -> GLES 39 (tid=13770)
[DEBUG] [FluorateGL] glBindBuffer(0x8A11): desktop 3 -> GLES 3 (tid=13770)
[DEBUG] [FluorateGL] glBindVertexBuffer(binding=0, buf=36, offset=0, stride=16) desktop 36 -> GLES 36 (tid=13770)
[DEBUG] [FluorateGL] glBindBuffer(0x8893): desktop 40 -> GLES 40 (tid=13770)
[DEBUG] [FluorateGL] glDrawElements(mode=0x0004, count=30, type=0x1403, indices=0x0) bound_vao=1 bound_buf=40 (tid=13770)
[DEBUG] [FluorateGL] glTexParameteri(target=0x0DE1, pname=0x813C, param=0)
[DEBUG] [FluorateGL] glTexParameteri(target=0x0DE1, pname=0x813D, param=0)
[DEBUG] [FluorateGL] glBindVertexBuffer(binding=0, buf=39, offset=0, stride=24) desktop 39 -> GLES 39 (tid=13770)
[DEBUG] [FluorateGL] glBindBuffer(0x8893): desktop 40 -> GLES 40 (tid=13770)
[DEBUG] [FluorateGL] glDrawElements(mode=0x0004, count=12, type=0x1403, indices=0x0) bound_vao=2 bound_buf=40 (tid=13770)
[DEBUG] [FluorateGL] glFramebufferTexture2D(target=0x8CA9, attachment=0x8CE0, textarget=0x0DE1, texture=8, level=0)
[DEBUG] [FluorateGL] glFramebufferTexture2D(target=0x8CA9, attachment=0x8D00, textarget=0x0DE1, texture=0, level=0)
[DEBUG] [FluorateGL] glBindBuffer(0x8A11): desktop 15 -> GLES 15 (tid=13770)
[DEBUG] [FluorateGL] glFramebufferTexture2D(target=0x8D40, attachment=0x8CE0, textarget=0x0DE1, texture=0, level=0)
[DEBUG] [FluorateGL] glFramebufferTexture2D(target=0x8D40, attachment=0x8D00, textarget=0x0DE1, texture=7, level=0)
[DEBUG] [FluorateGL] glFramebufferTexture2D(target=0x8D40, attachment=0x8D00, textarget=0x0DE1, texture=0, level=0)
[DEBUG] [FluorateGL] glFramebufferTexture2D(target=0x8D40, attachment=0x8CE0, textarget=0x0DE1, texture=8, level=0)
[DEBUG] [FluorateGL] glFramebufferTexture2D(target=0x8D40, attachment=0x8D00, textarget=0x0DE1, texture=0, level=0)
[DEBUG] [FluorateGL] glFramebufferTexture2D(target=0x8D40, attachment=0x8CE0, textarget=0x0DE1, texture=0, level=0)
[DEBUG] [FluorateGL] glBindBuffer(0x8892): desktop 34 -> GLES 34 (tid=13770)
[DEBUG] [FluorateGL] glBindBuffer(0x8892): desktop 37 -> GLES 37 (tid=13770)
[DEBUG] [FluorateGL] glBindBuffer(0x8A11): desktop 1 -> GLES 1 (tid=13770)
[DEBUG] [FluorateGL] glBindVertexBuffer(binding=0, buf=34, offset=0, stride=16) desktop 34 -> GLES 34 (tid=13770)
[DEBUG] [FluorateGL] glBindBuffer(0x8893): desktop 40 -> GLES 40 (tid=13770)
[DEBUG] [FluorateGL] glDrawElements(mode=0x0004, count=30, type=0x1403, indices=0x0) bound_vao=1 bound_buf=40 (tid=13770)
[DEBUG] [FluorateGL] glTexParameteri(target=0x0DE1, pname=0x813C, param=0)
[DEBUG] [FluorateGL] glTexParameteri(target=0x0DE1, pname=0x813D, param=0)
[DEBUG] [FluorateGL] glBindVertexBuffer(binding=0, buf=37, offset=0, stride=24) desktop 37 -> GLES 37 (tid=13770)
[DEBUG] [FluorateGL] glBindBuffer(0x8893): desktop 40 -> GLES 40 (tid=13770)
[DEBUG] [FluorateGL] glDrawElements(mode=0x0004, count=12, type=0x1403, indices=0x0) bound_vao=2 bound_buf=40 (tid=13770)
[DEBUG] [FluorateGL] glFramebufferTexture2D(target=0x8CA9, attachment=0x8CE0, textarget=0x0DE1, texture=8, level=0)
[DEBUG] [FluorateGL] glFramebufferTexture2D(target=0x8CA9, attachment=0x8D00, textarget=0x0DE1, texture=0, level=0)
[DEBUG] [FluorateGL] glBindBuffer(0x8A11): desktop 15 -> GLES 15 (tid=13770)
[DEBUG] [FluorateGL] glFramebufferTexture2D(target=0x8D40, attachment=0x8CE0, textarget=0x0DE1, texture=0, level=0)
[DEBUG] [FluorateGL] glFramebufferTexture2D(target=0x8D40, attachment=0x8D00, textarget=0x0DE1, texture=7, level=0)
[DEBUG] [FluorateGL] glFramebufferTexture2D(target=0x8D40, attachment=0x8D00, textarget=0x0DE1, texture=0, level=0)
[DEBUG] [FluorateGL] glFramebufferTexture2D(target=0x8D40, attachment=0x8CE0, textarget=0x0DE1, texture=8, level=0)
[DEBUG] [FluorateGL] glFramebufferTexture2D(target=0x8D40, attachment=0x8D00, textarget=0x0DE1, texture=0, level=0)
[DEBUG] [FluorateGL] glFramebufferTexture2D(target=0x8D40, attachment=0x8CE0, textarget=0x0DE1, texture=0, level=0)
[DEBUG] [FluorateGL] glBindBuffer(0x8892): desktop 35 -> GLES 35 (tid=13770)
[DEBUG] [FluorateGL] glBindBuffer(0x8892): desktop 38 -> GLES 38 (tid=13770)
[DEBUG] [FluorateGL] glBindBuffer(0x8A11): desktop 2 -> GLES 2 (tid=13770)
[DEBUG] [FluorateGL] glBindVertexBuffer(binding=0, buf=35, offset=0, stride=16) desktop 35 -> GLES 35 (tid=13770)
[DEBUG] [FluorateGL] glBindBuffer(0x8893): desktop 40 -> GLES 40 (tid=13770)
[DEBUG] [FluorateGL] glDrawElements(mode=0x0004, count=30, type=0x1403, indices=0x0) bound_vao=1 bound_buf=40 (tid=13770)
[DEBUG] [FluorateGL] glTexParameteri(target=0x0DE1, pname=0x813C, param=0)
[DEBUG] [FluorateGL] glTexParameteri(target=0x0DE1, pname=0x813D, param=0)
[DEBUG] [FluorateGL] glBindVertexBuffer(binding=0, buf=38, offset=0, stride=24) desktop 38 -> GLES 38 (tid=13770)
[DEBUG] [FluorateGL] glBindBuffer(0x8893): desktop 40 -> GLES 40 (tid=13770)
[DEBUG] [FluorateGL] glDrawElements(mode=0x0004, count=12, type=0x1403, indices=0x0) bound_vao=2 bound_buf=40 (tid=13770)
[DEBUG] [FluorateGL] glFramebufferTexture2D(target=0x8CA9, attachment=0x8CE0, textarget=0x0DE1, texture=8, level=0)
[DEBUG] [FluorateGL] glFramebufferTexture2D(target=0x8CA9, attachment=0x8D00, textarget=0x0DE1, texture=0, level=0)
[DEBUG] [FluorateGL] glBindBuffer(0x8A11): desktop 15 -> GLES 15 (tid=13770)
[DEBUG] [FluorateGL] glFramebufferTexture2D(target=0x8D40, attachment=0x8CE0, textarget=0x0DE1, texture=0, level=0)
[DEBUG] [FluorateGL] glFramebufferTexture2D(target=0x8D40, attachment=0x8D00, textarget=0x0DE1, texture=7, level=0)
[DEBUG] [FluorateGL] glFramebufferTexture2D(target=0x8D40, attachment=0x8D00, textarget=0x0DE1, texture=0, level=0)
[DEBUG] [FluorateGL] glFramebufferTexture2D(target=0x8D40, attachment=0x8CE0, textarget=0x0DE1, texture=8, level=0)
[DEBUG] [FluorateGL] glFramebufferTexture2D(target=0x8D40, attachment=0x8D00, textarget=0x0DE1, texture=0, level=0)
[DEBUG] [FluorateGL] glFramebufferTexture2D(target=0x8D40, attachment=0x8CE0, textarget=0x0DE1, texture=0, level=0)
[DEBUG] [FluorateGL] glBindBuffer(0x8892): desktop 36 -> GLES 36 (tid=13770)
[DEBUG] [FluorateGL] glBindBuffer(0x8892): desktop 39 -> GLES 39 (tid=13770)
[DEBUG] [FluorateGL] glBindBuffer(0x8A11): desktop 3 -> GLES 3 (tid=13770)
[DEBUG] [FluorateGL] glBindVertexBuffer(binding=0, buf=36, offset=0, stride=16) desktop 36 -> GLES 36 (tid=13770)
[DEBUG] [FluorateGL] glBindBuffer(0x8893): desktop 40 -> GLES 40 (tid=13770)
[DEBUG] [FluorateGL] glDrawElements(mode=0x0004, count=30, type=0x1403, indices=0x0) bound_vao=1 bound_buf=40 (tid=13770)
[DEBUG] [FluorateGL] glTexParameteri(target=0x0DE1, pname=0x813C, param=0)
[DEBUG] [FluorateGL] glTexParameteri(target=0x0DE1, pname=0x813D, param=0)
[DEBUG] [FluorateGL] glBindVertexBuffer(binding=0, buf=39, offset=0, stride=24) desktop 39 -> GLES 39 (tid=13770)
[DEBUG] [FluorateGL] glBindBuffer(0x8893): desktop 40 -> GLES 40 (tid=13770)
[DEBUG] [FluorateGL] glDrawElements(mode=0x0004, count=12, type=0x1403, indices=0x0) bound_vao=2 bound_buf=40 (tid=13770)
[DEBUG] [FluorateGL] glFramebufferTexture2D(target=0x8CA9, attachment=0x8CE0, textarget=0x0DE1, texture=8, level=0)
[DEBUG] [FluorateGL] glFramebufferTexture2D(target=0x8CA9, attachment=0x8D00, textarget=0x0DE1, texture=0, level=0)
[DEBUG] [FluorateGL] glBindBuffer(0x8A11): desktop 15 -> GLES 15 (tid=13770)
[DEBUG] [FluorateGL] glFramebufferTexture2D(target=0x8D40, attachment=0x8CE0, textarget=0x0DE1, texture=0, level=0)
[DEBUG] [FluorateGL] glFramebufferTexture2D(target=0x8D40, attachment=0x8D00, textarget=0x0DE1, texture=7, level=0)
[DEBUG] [FluorateGL] glFramebufferTexture2D(target=0x8D40, attachment=0x8D00, textarget=0x0DE1, texture=0, level=0)
[DEBUG] [FluorateGL] glFramebufferTexture2D(target=0x8D40, attachment=0x8CE0, textarget=0x0DE1, texture=8, level=0)
[DEBUG] [FluorateGL] glFramebufferTexture2D(target=0x8D40, attachment=0x8D00, textarget=0x0DE1, texture=0, level=0)
[DEBUG] [FluorateGL] glFramebufferTexture2D(target=0x8D40, attachment=0x8CE0, textarget=0x0DE1, texture=0, level=0)
[DEBUG] [FluorateGL] glBindBuffer(0x8892): desktop 34 -> GLES 34 (tid=13770)
[DEBUG] [FluorateGL] glBindBuffer(0x8892): desktop 37 -> GLES 37 (tid=13770)
[DEBUG] [FluorateGL] glBindBuffer(0x8A11): desktop 1 -> GLES 1 (tid=13770)
[DEBUG] [FluorateGL] glBindVertexBuffer(binding=0, buf=34, offset=0, stride=16) desktop 34 -> GLES 34 (tid=13770)
[DEBUG] [FluorateGL] glBindBuffer(0x8893): desktop 40 -> GLES 40 (tid=13770)
[DEBUG] [FluorateGL] glDrawElements(mode=0x0004, count=30, type=0x1403, indices=0x0) bound_vao=1 bound_buf=40 (tid=13770)
[DEBUG] [FluorateGL] glTexParameteri(target=0x0DE1, pname=0x813C, param=0)
[DEBUG] [FluorateGL] glTexParameteri(target=0x0DE1, pname=0x813D, param=0)
[DEBUG] [FluorateGL] glBindVertexBuffer(binding=0, buf=37, offset=0, stride=24) desktop 37 -> GLES 37 (tid=13770)
[DEBUG] [FluorateGL] glBindBuffer(0x8893): desktop 40 -> GLES 40 (tid=13770)
[DEBUG] [FluorateGL] glDrawElements(mode=0x0004, count=12, type=0x1403, indices=0x0) bound_vao=2 bound_buf=40 (tid=13770)
[DEBUG] [FluorateGL] glFramebufferTexture2D(target=0x8CA9, attachment=0x8CE0, textarget=0x0DE1, texture=8, level=0)
[DEBUG] [FluorateGL] glFramebufferTexture2D(target=0x8CA9, attachment=0x8D00, textarget=0x0DE1, texture=0, level=0)
[DEBUG] [FluorateGL] glBindBuffer(0x8A11): desktop 15 -> GLES 15 (tid=13770)
[DEBUG] [FluorateGL] glFramebufferTexture2D(target=0x8D40, attachment=0x8CE0, textarget=0x0DE1, texture=0, level=0)
[DEBUG] [FluorateGL] glFramebufferTexture2D(target=0x8D40, attachment=0x8D00, textarget=0x0DE1, texture=7, level=0)
[DEBUG] [FluorateGL] glFramebufferTexture2D(target=0x8D40, attachment=0x8D00, textarget=0x0DE1, texture=0, level=0)
[DEBUG] [FluorateGL] glFramebufferTexture2D(target=0x8D40, attachment=0x8CE0, textarget=0x0DE1, texture=8, level=0)
[DEBUG] [FluorateGL] glFramebufferTexture2D(target=0x8D40, attachment=0x8D00, textarget=0x0DE1, texture=0, level=0)
[DEBUG] [FluorateGL] glFramebufferTexture2D(target=0x8D40, attachment=0x8CE0, textarget=0x0DE1, texture=0, level=0)
[DEBUG] [FluorateGL] glBindBuffer(0x8892): desktop 35 -> GLES 35 (tid=13770)
[DEBUG] [FluorateGL] glBindBuffer(0x8892): desktop 38 -> GLES 38 (tid=13770)
[DEBUG] [FluorateGL] glBindBuffer(0x8A11): desktop 2 -> GLES 2 (tid=13770)
[DEBUG] [FluorateGL] glBindVertexBuffer(binding=0, buf=35, offset=0, stride=16) desktop 35 -> GLES 35 (tid=13770)
[DEBUG] [FluorateGL] glBindBuffer(0x8893): desktop 40 -> GLES 40 (tid=13770)
[DEBUG] [FluorateGL] glDrawElements(mode=0x0004, count=30, type=0x1403, indices=0x0) bound_vao=1 bound_buf=40 (tid=13770)
[DEBUG] [FluorateGL] glTexParameteri(target=0x0DE1, pname=0x813C, param=0)
[DEBUG] [FluorateGL] glTexParameteri(target=0x0DE1, pname=0x813D, param=0)
[DEBUG] [FluorateGL] glBindVertexBuffer(binding=0, buf=38, offset=0, stride=24) desktop 38 -> GLES 38 (tid=13770)
[DEBUG] [FluorateGL] glBindBuffer(0x8893): desktop 40 -> GLES 40 (tid=13770)
[DEBUG] [FluorateGL] glDrawElements(mode=0x0004, count=12, type=0x1403, indices=0x0) bound_vao=2 bound_buf=40 (tid=13770)
[DEBUG] [FluorateGL] glFramebufferTexture2D(target=0x8CA9, attachment=0x8CE0, textarget=0x0DE1, texture=8, level=0)
[DEBUG] [FluorateGL] glFramebufferTexture2D(target=0x8CA9, attachment=0x8D00, textarget=0x0DE1, texture=0, level=0)
[DEBUG] [FluorateGL] glBindBuffer(0x8A11): desktop 15 -> GLES 15 (tid=13770)
[DEBUG] [FluorateGL] glFramebufferTexture2D(target=0x8D40, attachment=0x8CE0, textarget=0x0DE1, texture=0, level=0)
[DEBUG] [FluorateGL] glFramebufferTexture2D(target=0x8D40, attachment=0x8D00, textarget=0x0DE1, texture=7, level=0)
[DEBUG] [FluorateGL] glFramebufferTexture2D(target=0x8D40, attachment=0x8D00, textarget=0x0DE1, texture=0, level=0)
[DEBUG] [FluorateGL] glFramebufferTexture2D(target=0x8D40, attachment=0x8CE0, textarget=0x0DE1, texture=8, level=0)
[DEBUG] [FluorateGL] glFramebufferTexture2D(target=0x8D40, attachment=0x8D00, textarget=0x0DE1, texture=0, level=0)
[DEBUG] [FluorateGL] glFramebufferTexture2D(target=0x8D40, attachment=0x8CE0, textarget=0x0DE1, texture=0, level=0)
[DEBUG] [FluorateGL] glBindBuffer(0x8892): desktop 36 -> GLES 36 (tid=13770)
[DEBUG] [FluorateGL] glBindBuffer(0x8892): desktop 39 -> GLES 39 (tid=13770)
[DEBUG] [FluorateGL] glBindBuffer(0x8A11): desktop 3 -> GLES 3 (tid=13770)
[DEBUG] [FluorateGL] glBindVertexBuffer(binding=0, buf=36, offset=0, stride=16) desktop 36 -> GLES 36 (tid=13770)
[DEBUG] [FluorateGL] glBindBuffer(0x8893): desktop 40 -> GLES 40 (tid=13770)
[DEBUG] [FluorateGL] glDrawElements(mode=0x0004, count=30, type=0x1403, indices=0x0) bound_vao=1 bound_buf=40 (tid=13770)
[DEBUG] [FluorateGL] glTexParameteri(target=0x0DE1, pname=0x813C, param=0)
[DEBUG] [FluorateGL] glTexParameteri(target=0x0DE1, pname=0x813D, param=0)
[DEBUG] [FluorateGL] glBindVertexBuffer(binding=0, buf=39, offset=0, stride=24) desktop 39 -> GLES 39 (tid=13770)
[DEBUG] [FluorateGL] glBindBuffer(0x8893): desktop 40 -> GLES 40 (tid=13770)
[DEBUG] [FluorateGL] glDrawElements(mode=0x0004, count=12, type=0x1403, indices=0x0) bound_vao=2 bound_buf=40 (tid=13770)
[DEBUG] [FluorateGL] glFramebufferTexture2D(target=0x8CA9, attachment=0x8CE0, textarget=0x0DE1, texture=8, level=0)
[DEBUG] [FluorateGL] glFramebufferTexture2D(target=0x8CA9, attachment=0x8D00, textarget=0x0DE1, texture=0, level=0)
[DEBUG] [FluorateGL] glBindBuffer(0x8A11): desktop 15 -> GLES 15 (tid=13770)
[DEBUG] [FluorateGL] glFramebufferTexture2D(target=0x8D40, attachment=0x8CE0, textarget=0x0DE1, texture=0, level=0)
[DEBUG] [FluorateGL] glFramebufferTexture2D(target=0x8D40, attachment=0x8D00, textarget=0x0DE1, texture=7, level=0)
[DEBUG] [FluorateGL] glFramebufferTexture2D(target=0x8D40, attachment=0x8D00, textarget=0x0DE1, texture=0, level=0)
[DEBUG] [FluorateGL] glFramebufferTexture2D(target=0x8D40, attachment=0x8CE0, textarget=0x0DE1, texture=8, level=0)
[DEBUG] [FluorateGL] glFramebufferTexture2D(target=0x8D40, attachment=0x8D00, textarget=0x0DE1, texture=0, level=0)
[DEBUG] [FluorateGL] glFramebufferTexture2D(target=0x8D40, attachment=0x8CE0, textarget=0x0DE1, texture=0, level=0)
[DEBUG] [FluorateGL] glBindBuffer(0x8892): desktop 34 -> GLES 34 (tid=13770)
[DEBUG] [FluorateGL] glBindBuffer(0x8892): desktop 37 -> GLES 37 (tid=13770)
[DEBUG] [FluorateGL] glBindBuffer(0x8A11): desktop 1 -> GLES 1 (tid=13770)
[DEBUG] [FluorateGL] glBindVertexBuffer(binding=0, buf=34, offset=0, stride=16) desktop 34 -> GLES 34 (tid=13770)
[DEBUG] [FluorateGL] glBindBuffer(0x8893): desktop 40 -> GLES 40 (tid=13770)
[DEBUG] [FluorateGL] glDrawElements(mode=0x0004, count=30, type=0x1403, indices=0x0) bound_vao=1 bound_buf=40 (tid=13770)
[DEBUG] [FluorateGL] glTexParameteri(target=0x0DE1, pname=0x813C, param=0)
[DEBUG] [FluorateGL] glTexParameteri(target=0x0DE1, pname=0x813D, param=0)
[DEBUG] [FluorateGL] glBindVertexBuffer(binding=0, buf=37, offset=0, stride=24) desktop 37 -> GLES 37 (tid=13770)
[DEBUG] [FluorateGL] glBindBuffer(0x8893): desktop 40 -> GLES 40 (tid=13770)
[DEBUG] [FluorateGL] glDrawElements(mode=0x0004, count=12, type=0x1403, indices=0x0) bound_vao=2 bound_buf=40 (tid=13770)
[DEBUG] [FluorateGL] glFramebufferTexture2D(target=0x8CA9, attachment=0x8CE0, textarget=0x0DE1, texture=8, level=0)
[DEBUG] [FluorateGL] glFramebufferTexture2D(target=0x8CA9, attachment=0x8D00, textarget=0x0DE1, texture=0, level=0)
[DEBUG] [FluorateGL] glBindBuffer(0x8A11): desktop 15 -> GLES 15 (tid=13770)
[DEBUG] [FluorateGL] glFramebufferTexture2D(target=0x8D40, attachment=0x8CE0, textarget=0x0DE1, texture=0, level=0)
[DEBUG] [FluorateGL] glFramebufferTexture2D(target=0x8D40, attachment=0x8D00, textarget=0x0DE1, texture=7, level=0)
[DEBUG] [FluorateGL] glFramebufferTexture2D(target=0x8D40, attachment=0x8D00, textarget=0x0DE1, texture=0, level=0)
[DEBUG] [FluorateGL] glFramebufferTexture2D(target=0x8D40, attachment=0x8CE0, textarget=0x0DE1, texture=8, level=0)
[DEBUG] [FluorateGL] glFramebufferTexture2D(target=0x8D40, attachment=0x8D00, textarget=0x0DE1, texture=0, level=0)
[DEBUG] [FluorateGL] glFramebufferTexture2D(target=0x8D40, attachment=0x8CE0, textarget=0x0DE1, texture=0, level=0)
[DEBUG] [FluorateGL] glBindBuffer(0x8892): desktop 35 -> GLES 35 (tid=13770)
[DEBUG] [FluorateGL] glBindBuffer(0x8892): desktop 38 -> GLES 38 (tid=13770)
[DEBUG] [FluorateGL] glBindBuffer(0x8A11): desktop 2 -> GLES 2 (tid=13770)
[DEBUG] [FluorateGL] glBindVertexBuffer(binding=0, buf=35, offset=0, stride=16) desktop 35 -> GLES 35 (tid=13770)
[DEBUG] [FluorateGL] glBindBuffer(0x8893): desktop 40 -> GLES 40 (tid=13770)
[DEBUG] [FluorateGL] glDrawElements(mode=0x0004, count=30, type=0x1403, indices=0x0) bound_vao=1 bound_buf=40 (tid=13770)
[DEBUG] [FluorateGL] glTexParameteri(target=0x0DE1, pname=0x813C, param=0)
[DEBUG] [FluorateGL] glTexParameteri(target=0x0DE1, pname=0x813D, param=0)
[DEBUG] [FluorateGL] glBindVertexBuffer(binding=0, buf=38, offset=0, stride=24) desktop 38 -> GLES 38 (tid=13770)
[DEBUG] [FluorateGL] glBindBuffer(0x8893): desktop 40 -> GLES 40 (tid=13770)
[DEBUG] [FluorateGL] glDrawElements(mode=0x0004, count=12, type=0x1403, indices=0x0) bound_vao=2 bound_buf=40 (tid=13770)
[DEBUG] [FluorateGL] glFramebufferTexture2D(target=0x8CA9, attachment=0x8CE0, textarget=0x0DE1, texture=8, level=0)
[DEBUG] [FluorateGL] glFramebufferTexture2D(target=0x8CA9, attachment=0x8D00, textarget=0x0DE1, texture=0, level=0)
[DEBUG] [FluorateGL] glBindBuffer(0x8A11): desktop 15 -> GLES 15 (tid=13770)
[DEBUG] [FluorateGL] glFramebufferTexture2D(target=0x8D40, attachment=0x8CE0, textarget=0x0DE1, texture=0, level=0)
[DEBUG] [FluorateGL] glFramebufferTexture2D(target=0x8D40, attachment=0x8D00, textarget=0x0DE1, texture=7, level=0)
[DEBUG] [FluorateGL] glFramebufferTexture2D(target=0x8D40, attachment=0x8D00, textarget=0x0DE1, texture=0, level=0)
[DEBUG] [FluorateGL] glFramebufferTexture2D(target=0x8D40, attachment=0x8CE0, textarget=0x0DE1, texture=8, level=0)
[DEBUG] [FluorateGL] glFramebufferTexture2D(target=0x8D40, attachment=0x8D00, textarget=0x0DE1, texture=0, level=0)
[DEBUG] [FluorateGL] glFramebufferTexture2D(target=0x8D40, attachment=0x8CE0, textarget=0x0DE1, texture=0, level=0)
[DEBUG] [FluorateGL] glBindBuffer(0x8892): desktop 36 -> GLES 36 (tid=13770)
[DEBUG] [FluorateGL] glBindBuffer(0x8892): desktop 39 -> GLES 39 (tid=13770)
[DEBUG] [FluorateGL] glBindBuffer(0x8A11): desktop 3 -> GLES 3 (tid=13770)
[DEBUG] [FluorateGL] glBindVertexBuffer(binding=0, buf=36, offset=0, stride=16) desktop 36 -> GLES 36 (tid=13770)
[DEBUG] [FluorateGL] glBindBuffer(0x8893): desktop 40 -> GLES 40 (tid=13770)
[DEBUG] [FluorateGL] glDrawElements(mode=0x0004, count=30, type=0x1403, indices=0x0) bound_vao=1 bound_buf=40 (tid=13770)
[DEBUG] [FluorateGL] glTexParameteri(target=0x0DE1, pname=0x813C, param=0)
[DEBUG] [FluorateGL] glTexParameteri(target=0x0DE1, pname=0x813D, param=0)
[DEBUG] [FluorateGL] glBindVertexBuffer(binding=0, buf=39, offset=0, stride=24) desktop 39 -> GLES 39 (tid=13770)
[DEBUG] [FluorateGL] glBindBuffer(0x8893): desktop 40 -> GLES 40 (tid=13770)
[DEBUG] [FluorateGL] glDrawElements(mode=0x0004, count=12, type=0x1403, indices=0x0) bound_vao=2 bound_buf=40 (tid=13770)
[DEBUG] [FluorateGL] glFramebufferTexture2D(target=0x8CA9, attachment=0x8CE0, textarget=0x0DE1, texture=8, level=0)
[DEBUG] [FluorateGL] glFramebufferTexture2D(target=0x8CA9, attachment=0x8D00, textarget=0x0DE1, texture=0, level=0)
[DEBUG] [FluorateGL] glBindBuffer(0x8A11): desktop 15 -> GLES 15 (tid=13770)
[DEBUG] [FluorateGL] glFramebufferTexture2D(target=0x8D40, attachment=0x8CE0, textarget=0x0DE1, texture=0, level=0)
[DEBUG] [FluorateGL] glFramebufferTexture2D(target=0x8D40, attachment=0x8D00, textarget=0x0DE1, texture=7, level=0)
[DEBUG] [FluorateGL] glFramebufferTexture2D(target=0x8D40, attachment=0x8D00, textarget=0x0DE1, texture=0, level=0)
[DEBUG] [FluorateGL] glFramebufferTexture2D(target=0x8D40, attachment=0x8CE0, textarget=0x0DE1, texture=8, level=0)
[DEBUG] [FluorateGL] glFramebufferTexture2D(target=0x8D40, attachment=0x8D00, textarget=0x0DE1, texture=0, level=0)
[DEBUG] [FluorateGL] glFramebufferTexture2D(target=0x8D40, attachment=0x8CE0, textarget=0x0DE1, texture=0, level=0)
[DEBUG] [FluorateGL] glBindBuffer(0x8892): desktop 34 -> GLES 34 (tid=13770)
[DEBUG] [FluorateGL] glBindBuffer(0x8892): desktop 37 -> GLES 37 (tid=13770)
[DEBUG] [FluorateGL] glBindBuffer(0x8A11): desktop 1 -> GLES 1 (tid=13770)
[DEBUG] [FluorateGL] glBindVertexBuffer(binding=0, buf=34, offset=0, stride=16) desktop 34 -> GLES 34 (tid=13770)
[DEBUG] [FluorateGL] glBindBuffer(0x8893): desktop 40 -> GLES 40 (tid=13770)
[DEBUG] [FluorateGL] glDrawElements(mode=0x0004, count=30, type=0x1403, indices=0x0) bound_vao=1 bound_buf=40 (tid=13770)
[DEBUG] [FluorateGL] glTexParameteri(target=0x0DE1, pname=0x813C, param=0)
[DEBUG] [FluorateGL] glTexParameteri(target=0x0DE1, pname=0x813D, param=0)
[DEBUG] [FluorateGL] glBindVertexBuffer(binding=0, buf=37, offset=0, stride=24) desktop 37 -> GLES 37 (tid=13770)
[DEBUG] [FluorateGL] glBindBuffer(0x8893): desktop 40 -> GLES 40 (tid=13770)
[DEBUG] [FluorateGL] glDrawElements(mode=0x0004, count=12, type=0x1403, indices=0x0) bound_vao=2 bound_buf=40 (tid=13770)
[DEBUG] [FluorateGL] glFramebufferTexture2D(target=0x8CA9, attachment=0x8CE0, textarget=0x0DE1, texture=8, level=0)
[DEBUG] [FluorateGL] glFramebufferTexture2D(target=0x8CA9, attachment=0x8D00, textarget=0x0DE1, texture=0, level=0)
[DEBUG] [FluorateGL] glBindBuffer(0x8A11): desktop 15 -> GLES 15 (tid=13770)
[DEBUG] [FluorateGL] glFramebufferTexture2D(target=0x8D40, attachment=0x8CE0, textarget=0x0DE1, texture=0, level=0)
[DEBUG] [FluorateGL] glFramebufferTexture2D(target=0x8D40, attachment=0x8D00, textarget=0x0DE1, texture=7, level=0)
[DEBUG] [FluorateGL] glFramebufferTexture2D(target=0x8D40, attachment=0x8D00, textarget=0x0DE1, texture=0, level=0)
[DEBUG] [FluorateGL] glFramebufferTexture2D(target=0x8D40, attachment=0x8CE0, textarget=0x0DE1, texture=8, level=0)
[DEBUG] [FluorateGL] glFramebufferTexture2D(target=0x8D40, attachment=0x8D00, textarget=0x0DE1, texture=0, level=0)
[DEBUG] [FluorateGL] glFramebufferTexture2D(target=0x8D40, attachment=0x8CE0, textarget=0x0DE1, texture=0, level=0)
[DEBUG] [FluorateGL] glBindBuffer(0x8892): desktop 35 -> GLES 35 (tid=13770)
[DEBUG] [FluorateGL] glBindBuffer(0x8892): desktop 38 -> GLES 38 (tid=13770)
[DEBUG] [FluorateGL] glBindBuffer(0x8A11): desktop 2 -> GLES 2 (tid=13770)
[DEBUG] [FluorateGL] glBindVertexBuffer(binding=0, buf=35, offset=0, stride=16) desktop 35 -> GLES 35 (tid=13770)
[DEBUG] [FluorateGL] glBindBuffer(0x8893): desktop 40 -> GLES 40 (tid=13770)
[DEBUG] [FluorateGL] glDrawElements(mode=0x0004, count=30, type=0x1403, indices=0x0) bound_vao=1 bound_buf=40 (tid=13770)
[DEBUG] [FluorateGL] glTexParameteri(target=0x0DE1, pname=0x813C, param=0)
[DEBUG] [FluorateGL] glTexParameteri(target=0x0DE1, pname=0x813D, param=0)
[DEBUG] [FluorateGL] glBindVertexBuffer(binding=0, buf=38, offset=0, stride=24) desktop 38 -> GLES 38 (tid=13770)
[DEBUG] [FluorateGL] glBindBuffer(0x8893): desktop 40 -> GLES 40 (tid=13770)
[DEBUG] [FluorateGL] glDrawElements(mode=0x0004, count=12, type=0x1403, indices=0x0) bound_vao=2 bound_buf=40 (tid=13770)
[DEBUG] [FluorateGL] glFramebufferTexture2D(target=0x8CA9, attachment=0x8CE0, textarget=0x0DE1, texture=8, level=0)
[DEBUG] [FluorateGL] glFramebufferTexture2D(target=0x8CA9, attachment=0x8D00, textarget=0x0DE1, texture=0, level=0)
[DEBUG] [FluorateGL] glBindBuffer(0x8A11): desktop 15 -> GLES 15 (tid=13770)
[DEBUG] [FluorateGL] glFramebufferTexture2D(target=0x8D40, attachment=0x8CE0, textarget=0x0DE1, texture=0, level=0)
[DEBUG] [FluorateGL] glFramebufferTexture2D(target=0x8D40, attachment=0x8D00, textarget=0x0DE1, texture=7, level=0)
[DEBUG] [FluorateGL] glFramebufferTexture2D(target=0x8D40, attachment=0x8D00, textarget=0x0DE1, texture=0, level=0)
[DEBUG] [FluorateGL] glFramebufferTexture2D(target=0x8D40, attachment=0x8CE0, textarget=0x0DE1, texture=8, level=0)
[DEBUG] [FluorateGL] glFramebufferTexture2D(target=0x8D40, attachment=0x8D00, textarget=0x0DE1, texture=0, level=0)
[DEBUG] [FluorateGL] glFramebufferTexture2D(target=0x8D40, attachment=0x8CE0, textarget=0x0DE1, texture=0, level=0)
[DEBUG] [FluorateGL] glBindBuffer(0x8892): desktop 36 -> GLES 36 (tid=13770)
[DEBUG] [FluorateGL] glBindBuffer(0x8892): desktop 39 -> GLES 39 (tid=13770)
[DEBUG] [FluorateGL] glBindBuffer(0x8A11): desktop 3 -> GLES 3 (tid=13770)
[DEBUG] [FluorateGL] glBindVertexBuffer(binding=0, buf=36, offset=0, stride=16) desktop 36 -> GLES 36 (tid=13770)
[DEBUG] [FluorateGL] glBindBuffer(0x8893): desktop 40 -> GLES 40 (tid=13770)
[DEBUG] [FluorateGL] glDrawElements(mode=0x0004, count=30, type=0x1403, indices=0x0) bound_vao=1 bound_buf=40 (tid=13770)
[DEBUG] [FluorateGL] glTexParameteri(target=0x0DE1, pname=0x813C, param=0)
[DEBUG] [FluorateGL] glTexParameteri(target=0x0DE1, pname=0x813D, param=0)
[DEBUG] [FluorateGL] glBindVertexBuffer(binding=0, buf=39, offset=0, stride=24) desktop 39 -> GLES 39 (tid=13770)
[DEBUG] [FluorateGL] glBindBuffer(0x8893): desktop 40 -> GLES 40 (tid=13770)
[DEBUG] [FluorateGL] glDrawElements(mode=0x0004, count=12, type=0x1403, indices=0x0) bound_vao=2 bound_buf=40 (tid=13770)
[DEBUG] [FluorateGL] glFramebufferTexture2D(target=0x8CA9, attachment=0x8CE0, textarget=0x0DE1, texture=8, level=0)
[DEBUG] [FluorateGL] glFramebufferTexture2D(target=0x8CA9, attachment=0x8D00, textarget=0x0DE1, texture=0, level=0)
[DEBUG] [FluorateGL] glBindBuffer(0x8A11): desktop 15 -> GLES 15 (tid=13770)
[DEBUG] [FluorateGL] glFramebufferTexture2D(target=0x8D40, attachment=0x8CE0, textarget=0x0DE1, texture=0, level=0)
[DEBUG] [FluorateGL] glFramebufferTexture2D(target=0x8D40, attachment=0x8D00, textarget=0x0DE1, texture=7, level=0)
[DEBUG] [FluorateGL] glFramebufferTexture2D(target=0x8D40, attachment=0x8D00, textarget=0x0DE1, texture=0, level=0)
[DEBUG] [FluorateGL] glFramebufferTexture2D(target=0x8D40, attachment=0x8CE0, textarget=0x0DE1, texture=8, level=0)
[DEBUG] [FluorateGL] glFramebufferTexture2D(target=0x8D40, attachment=0x8D00, textarget=0x0DE1, texture=0, level=0)
[DEBUG] [FluorateGL] glFramebufferTexture2D(target=0x8D40, attachment=0x8CE0, textarget=0x0DE1, texture=0, level=0)
[DEBUG] [FluorateGL] glBindBuffer(0x8892): desktop 34 -> GLES 34 (tid=13770)
[DEBUG] [FluorateGL] glBindBuffer(0x8892): desktop 37 -> GLES 37 (tid=13770)
[DEBUG] [FluorateGL] glBindBuffer(0x8A11): desktop 1 -> GLES 1 (tid=13770)
[DEBUG] [FluorateGL] glBindVertexBuffer(binding=0, buf=34, offset=0, stride=16) desktop 34 -> GLES 34 (tid=13770)
[DEBUG] [FluorateGL] glBindBuffer(0x8893): desktop 40 -> GLES 40 (tid=13770)
[DEBUG] [FluorateGL] glDrawElements(mode=0x0004, count=30, type=0x1403, indices=0x0) bound_vao=1 bound_buf=40 (tid=13770)
[DEBUG] [FluorateGL] glTexParameteri(target=0x0DE1, pname=0x813C, param=0)
[DEBUG] [FluorateGL] glTexParameteri(target=0x0DE1, pname=0x813D, param=0)
[DEBUG] [FluorateGL] glBindVertexBuffer(binding=0, buf=37, offset=0, stride=24) desktop 37 -> GLES 37 (tid=13770)
[DEBUG] [FluorateGL] glBindBuffer(0x8893): desktop 40 -> GLES 40 (tid=13770)
[DEBUG] [FluorateGL] glDrawElements(mode=0x0004, count=12, type=0x1403, indices=0x0) bound_vao=2 bound_buf=40 (tid=13770)
[DEBUG] [FluorateGL] glFramebufferTexture2D(target=0x8CA9, attachment=0x8CE0, textarget=0x0DE1, texture=8, level=0)
[DEBUG] [FluorateGL] glFramebufferTexture2D(target=0x8CA9, attachment=0x8D00, textarget=0x0DE1, texture=0, level=0)
[DEBUG] [FluorateGL] glBindBuffer(0x8A11): desktop 15 -> GLES 15 (tid=13770)
[DEBUG] [FluorateGL] glFramebufferTexture2D(target=0x8D40, attachment=0x8CE0, textarget=0x0DE1, texture=0, level=0)
[DEBUG] [FluorateGL] glFramebufferTexture2D(target=0x8D40, attachment=0x8D00, textarget=0x0DE1, texture=7, level=0)
[DEBUG] [FluorateGL] glFramebufferTexture2D(target=0x8D40, attachment=0x8D00, textarget=0x0DE1, texture=0, level=0)
[DEBUG] [FluorateGL] glFramebufferTexture2D(target=0x8D40, attachment=0x8CE0, textarget=0x0DE1, texture=8, level=0)
[DEBUG] [FluorateGL] glFramebufferTexture2D(target=0x8D40, attachment=0x8D00, textarget=0x0DE1, texture=0, level=0)
[DEBUG] [FluorateGL] glFramebufferTexture2D(target=0x8D40, attachment=0x8CE0, textarget=0x0DE1, texture=0, level=0)
[DEBUG] [FluorateGL] glBindBuffer(0x8892): desktop 35 -> GLES 35 (tid=13770)
[DEBUG] [FluorateGL] glBindBuffer(0x8892): desktop 38 -> GLES 38 (tid=13770)
[DEBUG] [FluorateGL] glBindBuffer(0x8A11): desktop 2 -> GLES 2 (tid=13770)
[DEBUG] [FluorateGL] glBindVertexBuffer(binding=0, buf=35, offset=0, stride=16) desktop 35 -> GLES 35 (tid=13770)
[DEBUG] [FluorateGL] glBindBuffer(0x8893): desktop 40 -> GLES 40 (tid=13770)
[DEBUG] [FluorateGL] glDrawElements(mode=0x0004, count=30, type=0x1403, indices=0x0) bound_vao=1 bound_buf=40 (tid=13770)
[DEBUG] [FluorateGL] glTexParameteri(target=0x0DE1, pname=0x813C, param=0)
[DEBUG] [FluorateGL] glTexParameteri(target=0x0DE1, pname=0x813D, param=0)
[DEBUG] [FluorateGL] glBindVertexBuffer(binding=0, buf=38, offset=0, stride=24) desktop 38 -> GLES 38 (tid=13770)
[DEBUG] [FluorateGL] glBindBuffer(0x8893): desktop 40 -> GLES 40 (tid=13770)
[DEBUG] [FluorateGL] glDrawElements(mode=0x0004, count=12, type=0x1403, indices=0x0) bound_vao=2 bound_buf=40 (tid=13770)
[DEBUG] [FluorateGL] glFramebufferTexture2D(target=0x8CA9, attachment=0x8CE0, textarget=0x0DE1, texture=8, level=0)
[DEBUG] [FluorateGL] glFramebufferTexture2D(target=0x8CA9, attachment=0x8D00, textarget=0x0DE1, texture=0, level=0)
[DEBUG] [FluorateGL] glBindBuffer(0x8A11): desktop 15 -> GLES 15 (tid=13770)
[DEBUG] [FluorateGL] glFramebufferTexture2D(target=0x8D40, attachment=0x8CE0, textarget=0x0DE1, texture=0, level=0)
[DEBUG] [FluorateGL] glFramebufferTexture2D(target=0x8D40, attachment=0x8D00, textarget=0x0DE1, texture=7, level=0)
[DEBUG] [FluorateGL] glFramebufferTexture2D(target=0x8D40, attachment=0x8D00, textarget=0x0DE1, texture=0, level=0)
[DEBUG] [FluorateGL] glFramebufferTexture2D(target=0x8D40, attachment=0x8CE0, textarget=0x0DE1, texture=8, level=0)
[DEBUG] [FluorateGL] glFramebufferTexture2D(target=0x8D40, attachment=0x8D00, textarget=0x0DE1, texture=0, level=0)
[DEBUG] [FluorateGL] glFramebufferTexture2D(target=0x8D40, attachment=0x8CE0, textarget=0x0DE1, texture=0, level=0)
[DEBUG] [FluorateGL] glBindBuffer(0x8892): desktop 36 -> GLES 36 (tid=13770)
[DEBUG] [FluorateGL] glBindBuffer(0x8892): desktop 39 -> GLES 39 (tid=13770)
[DEBUG] [FluorateGL] glBindBuffer(0x8A11): desktop 3 -> GLES 3 (tid=13770)
[DEBUG] [FluorateGL] glBindVertexBuffer(binding=0, buf=36, offset=0, stride=16) desktop 36 -> GLES 36 (tid=13770)
[DEBUG] [FluorateGL] glBindBuffer(0x8893): desktop 40 -> GLES 40 (tid=13770)
[DEBUG] [FluorateGL] glDrawElements(mode=0x0004, count=30, type=0x1403, indices=0x0) bound_vao=1 bound_buf=40 (tid=13770)
[DEBUG] [FluorateGL] glTexParameteri(target=0x0DE1, pname=0x813C, param=0)
[DEBUG] [FluorateGL] glTexParameteri(target=0x0DE1, pname=0x813D, param=0)
[DEBUG] [FluorateGL] glBindVertexBuffer(binding=0, buf=39, offset=0, stride=24) desktop 39 -> GLES 39 (tid=13770)
[DEBUG] [FluorateGL] glBindBuffer(0x8893): desktop 40 -> GLES 40 (tid=13770)
[DEBUG] [FluorateGL] glDrawElements(mode=0x0004, count=12, type=0x1403, indices=0x0) bound_vao=2 bound_buf=40 (tid=13770)
[DEBUG] [FluorateGL] glFramebufferTexture2D(target=0x8CA9, attachment=0x8CE0, textarget=0x0DE1, texture=8, level=0)
[DEBUG] [FluorateGL] glFramebufferTexture2D(target=0x8CA9, attachment=0x8D00, textarget=0x0DE1, texture=0, level=0)
[DEBUG] [FluorateGL] glBindBuffer(0x8A11): desktop 15 -> GLES 15 (tid=13770)
[DEBUG] [FluorateGL] glFramebufferTexture2D(target=0x8D40, attachment=0x8CE0, textarget=0x0DE1, texture=0, level=0)
[DEBUG] [FluorateGL] glFramebufferTexture2D(target=0x8D40, attachment=0x8D00, textarget=0x0DE1, texture=7, level=0)
[DEBUG] [FluorateGL] glFramebufferTexture2D(target=0x8D40, attachment=0x8D00, textarget=0x0DE1, texture=0, level=0)
[DEBUG] [FluorateGL] glFramebufferTexture2D(target=0x8D40, attachment=0x8CE0, textarget=0x0DE1, texture=8, level=0)
[DEBUG] [FluorateGL] glFramebufferTexture2D(target=0x8D40, attachment=0x8D00, textarget=0x0DE1, texture=0, level=0)
[DEBUG] [FluorateGL] glFramebufferTexture2D(target=0x8D40, attachment=0x8CE0, textarget=0x0DE1, texture=0, level=0)
[DEBUG] [FluorateGL] glBindBuffer(0x8892): desktop 34 -> GLES 34 (tid=13770)
[DEBUG] [FluorateGL] glBindBuffer(0x8892): desktop 37 -> GLES 37 (tid=13770)
[DEBUG] [FluorateGL] glBindBuffer(0x8A11): desktop 1 -> GLES 1 (tid=13770)
[DEBUG] [FluorateGL] glBindVertexBuffer(binding=0, buf=34, offset=0, stride=16) desktop 34 -> GLES 34 (tid=13770)
[DEBUG] [FluorateGL] glBindBuffer(0x8893): desktop 40 -> GLES 40 (tid=13770)
[DEBUG] [FluorateGL] glDrawElements(mode=0x0004, count=30, type=0x1403, indices=0x0) bound_vao=1 bound_buf=40 (tid=13770)
[DEBUG] [FluorateGL] glTexParameteri(target=0x0DE1, pname=0x813C, param=0)
[DEBUG] [FluorateGL] glTexParameteri(target=0x0DE1, pname=0x813D, param=0)
[DEBUG] [FluorateGL] glBindVertexBuffer(binding=0, buf=37, offset=0, stride=24) desktop 37 -> GLES 37 (tid=13770)
[DEBUG] [FluorateGL] glBindBuffer(0x8893): desktop 40 -> GLES 40 (tid=13770)
[DEBUG] [FluorateGL] glDrawElements(mode=0x0004, count=12, type=0x1403, indices=0x0) bound_vao=2 bound_buf=40 (tid=13770)
[DEBUG] [FluorateGL] glFramebufferTexture2D(target=0x8CA9, attachment=0x8CE0, textarget=0x0DE1, texture=8, level=0)
[DEBUG] [FluorateGL] glFramebufferTexture2D(target=0x8CA9, attachment=0x8D00, textarget=0x0DE1, texture=0, level=0)
[DEBUG] [FluorateGL] glBindBuffer(0x8A11): desktop 15 -> GLES 15 (tid=13770)
[DEBUG] [FluorateGL] glFramebufferTexture2D(target=0x8D40, attachment=0x8CE0, textarget=0x0DE1, texture=0, level=0)
[DEBUG] [FluorateGL] glFramebufferTexture2D(target=0x8D40, attachment=0x8D00, textarget=0x0DE1, texture=7, level=0)
[DEBUG] [FluorateGL] glFramebufferTexture2D(target=0x8D40, attachment=0x8D00, textarget=0x0DE1, texture=0, level=0)
[DEBUG] [FluorateGL] glFramebufferTexture2D(target=0x8D40, attachment=0x8CE0, textarget=0x0DE1, texture=8, level=0)
[DEBUG] [FluorateGL] glFramebufferTexture2D(target=0x8D40, attachment=0x8D00, textarget=0x0DE1, texture=0, level=0)
[DEBUG] [FluorateGL] glFramebufferTexture2D(target=0x8D40, attachment=0x8CE0, textarget=0x0DE1, texture=0, level=0)
[DEBUG] [FluorateGL] glBindBuffer(0x8892): desktop 35 -> GLES 35 (tid=13770)
[DEBUG] [FluorateGL] glBindBuffer(0x8892): desktop 38 -> GLES 38 (tid=13770)
[DEBUG] [FluorateGL] glBindBuffer(0x8A11): desktop 2 -> GLES 2 (tid=13770)
[DEBUG] [FluorateGL] glBindVertexBuffer(binding=0, buf=35, offset=0, stride=16) desktop 35 -> GLES 35 (tid=13770)
[DEBUG] [FluorateGL] glBindBuffer(0x8893): desktop 40 -> GLES 40 (tid=13770)
[DEBUG] [FluorateGL] glDrawElements(mode=0x0004, count=30, type=0x1403, indices=0x0) bound_vao=1 bound_buf=40 (tid=13770)
[DEBUG] [FluorateGL] glTexParameteri(target=0x0DE1, pname=0x813C, param=0)
[DEBUG] [FluorateGL] glTexParameteri(target=0x0DE1, pname=0x813D, param=0)
[DEBUG] [FluorateGL] glBindVertexBuffer(binding=0, buf=38, offset=0, stride=24) desktop 38 -> GLES 38 (tid=13770)
[DEBUG] [FluorateGL] glBindBuffer(0x8893): desktop 40 -> GLES 40 (tid=13770)
[DEBUG] [FluorateGL] glDrawElements(mode=0x0004, count=12, type=0x1403, indices=0x0) bound_vao=2 bound_buf=40 (tid=13770)
[DEBUG] [FluorateGL] glFramebufferTexture2D(target=0x8CA9, attachment=0x8CE0, textarget=0x0DE1, texture=8, level=0)
[DEBUG] [FluorateGL] glFramebufferTexture2D(target=0x8CA9, attachment=0x8D00, textarget=0x0DE1, texture=0, level=0)
[DEBUG] [FluorateGL] glBindBuffer(0x8A11): desktop 15 -> GLES 15 (tid=13770)
[DEBUG] [FluorateGL] glFramebufferTexture2D(target=0x8D40, attachment=0x8CE0, textarget=0x0DE1, texture=0, level=0)
[DEBUG] [FluorateGL] glFramebufferTexture2D(target=0x8D40, attachment=0x8D00, textarget=0x0DE1, texture=7, level=0)
[DEBUG] [FluorateGL] glFramebufferTexture2D(target=0x8D40, attachment=0x8D00, textarget=0x0DE1, texture=0, level=0)
[DEBUG] [FluorateGL] glFramebufferTexture2D(target=0x8D40, attachment=0x8CE0, textarget=0x0DE1, texture=8, level=0)
[DEBUG] [FluorateGL] glFramebufferTexture2D(target=0x8D40, attachment=0x8D00, textarget=0x0DE1, texture=0, level=0)
[DEBUG] [FluorateGL] glFramebufferTexture2D(target=0x8D40, attachment=0x8CE0, textarget=0x0DE1, texture=0, level=0)
[DEBUG] [FluorateGL] glBindBuffer(0x8892): desktop 36 -> GLES 36 (tid=13770)
[DEBUG] [FluorateGL] glBindBuffer(0x8892): desktop 39 -> GLES 39 (tid=13770)
[DEBUG] [FluorateGL] glBindBuffer(0x8A11): desktop 3 -> GLES 3 (tid=13770)
[DEBUG] [FluorateGL] glBindVertexBuffer(binding=0, buf=36, offset=0, stride=16) desktop 36 -> GLES 36 (tid=13770)
[DEBUG] [FluorateGL] glBindBuffer(0x8893): desktop 40 -> GLES 40 (tid=13770)
[DEBUG] [FluorateGL] glDrawElements(mode=0x0004, count=30, type=0x1403, indices=0x0) bound_vao=1 bound_buf=40 (tid=13770)
[DEBUG] [FluorateGL] glTexParameteri(target=0x0DE1, pname=0x813C, param=0)
[DEBUG] [FluorateGL] glTexParameteri(target=0x0DE1, pname=0x813D, param=0)
[DEBUG] [FluorateGL] glBindVertexBuffer(binding=0, buf=39, offset=0, stride=24) desktop 39 -> GLES 39 (tid=13770)
[DEBUG] [FluorateGL] glBindBuffer(0x8893): desktop 40 -> GLES 40 (tid=13770)
[DEBUG] [FluorateGL] glDrawElements(mode=0x0004, count=12, type=0x1403, indices=0x0) bound_vao=2 bound_buf=40 (tid=13770)
[DEBUG] [FluorateGL] glFramebufferTexture2D(target=0x8CA9, attachment=0x8CE0, textarget=0x0DE1, texture=8, level=0)
[DEBUG] [FluorateGL] glFramebufferTexture2D(target=0x8CA9, attachment=0x8D00, textarget=0x0DE1, texture=0, level=0)
[DEBUG] [FluorateGL] glBindBuffer(0x8A11): desktop 15 -> GLES 15 (tid=13770)
[DEBUG] [FluorateGL] glFramebufferTexture2D(target=0x8D40, attachment=0x8CE0, textarget=0x0DE1, texture=0, level=0)
[DEBUG] [FluorateGL] glFramebufferTexture2D(target=0x8D40, attachment=0x8D00, textarget=0x0DE1, texture=7, level=0)
[DEBUG] [FluorateGL] glFramebufferTexture2D(target=0x8D40, attachment=0x8D00, textarget=0x0DE1, texture=0, level=0)
[DEBUG] [FluorateGL] glFramebufferTexture2D(target=0x8D40, attachment=0x8CE0, textarget=0x0DE1, texture=8, level=0)
[DEBUG] [FluorateGL] glFramebufferTexture2D(target=0x8D40, attachment=0x8D00, textarget=0x0DE1, texture=0, level=0)
[DEBUG] [FluorateGL] glFramebufferTexture2D(target=0x8D40, attachment=0x8CE0, textarget=0x0DE1, texture=0, level=0)
[DEBUG] [FluorateGL] glBindBuffer(0x8892): desktop 34 -> GLES 34 (tid=13770)
[DEBUG] [FluorateGL] glBindBuffer(0x8892): desktop 37 -> GLES 37 (tid=13770)
[DEBUG] [FluorateGL] glBindBuffer(0x8A11): desktop 1 -> GLES 1 (tid=13770)
[DEBUG] [FluorateGL] glBindVertexBuffer(binding=0, buf=34, offset=0, stride=16) desktop 34 -> GLES 34 (tid=13770)
[DEBUG] [FluorateGL] glBindBuffer(0x8893): desktop 40 -> GLES 40 (tid=13770)
[DEBUG] [FluorateGL] glDrawElements(mode=0x0004, count=30, type=0x1403, indices=0x0) bound_vao=1 bound_buf=40 (tid=13770)
[DEBUG] [FluorateGL] glTexParameteri(target=0x0DE1, pname=0x813C, param=0)
[DEBUG] [FluorateGL] glTexParameteri(target=0x0DE1, pname=0x813D, param=0)
[DEBUG] [FluorateGL] glBindVertexBuffer(binding=0, buf=37, offset=0, stride=24) desktop 37 -> GLES 37 (tid=13770)
[DEBUG] [FluorateGL] glBindBuffer(0x8893): desktop 40 -> GLES 40 (tid=13770)
[DEBUG] [FluorateGL] glDrawElements(mode=0x0004, count=12, type=0x1403, indices=0x0) bound_vao=2 bound_buf=40 (tid=13770)
[DEBUG] [FluorateGL] glFramebufferTexture2D(target=0x8CA9, attachment=0x8CE0, textarget=0x0DE1, texture=8, level=0)
[DEBUG] [FluorateGL] glFramebufferTexture2D(target=0x8CA9, attachment=0x8D00, textarget=0x0DE1, texture=0, level=0)
[DEBUG] [FluorateGL] glBindBuffer(0x8A11): desktop 15 -> GLES 15 (tid=13770)
[DEBUG] [FluorateGL] glFramebufferTexture2D(target=0x8D40, attachment=0x8CE0, textarget=0x0DE1, texture=0, level=0)
[DEBUG] [FluorateGL] glFramebufferTexture2D(target=0x8D40, attachment=0x8D00, textarget=0x0DE1, texture=7, level=0)
[DEBUG] [FluorateGL] glFramebufferTexture2D(target=0x8D40, attachment=0x8D00, textarget=0x0DE1, texture=0, level=0)
[DEBUG] [FluorateGL] glFramebufferTexture2D(target=0x8D40, attachment=0x8CE0, textarget=0x0DE1, texture=8, level=0)
[DEBUG] [FluorateGL] glFramebufferTexture2D(target=0x8D40, attachment=0x8D00, textarget=0x0DE1, texture=0, level=0)
[DEBUG] [FluorateGL] glFramebufferTexture2D(target=0x8D40, attachment=0x8CE0, textarget=0x0DE1, texture=0, level=0)
[DEBUG] [FluorateGL] glBindBuffer(0x8892): desktop 35 -> GLES 35 (tid=13770)
[DEBUG] [FluorateGL] glBindBuffer(0x8892): desktop 38 -> GLES 38 (tid=13770)
[DEBUG] [FluorateGL] glBindBuffer(0x8A11): desktop 2 -> GLES 2 (tid=13770)
[DEBUG] [FluorateGL] glBindVertexBuffer(binding=0, buf=35, offset=0, stride=16) desktop 35 -> GLES 35 (tid=13770)
[DEBUG] [FluorateGL] glBindBuffer(0x8893): desktop 40 -> GLES 40 (tid=13770)
[DEBUG] [FluorateGL] glDrawElements(mode=0x0004, count=30, type=0x1403, indices=0x0) bound_vao=1 bound_buf=40 (tid=13770)
[DEBUG] [FluorateGL] glTexParameteri(target=0x0DE1, pname=0x813C, param=0)
[DEBUG] [FluorateGL] glTexParameteri(target=0x0DE1, pname=0x813D, param=0)
[DEBUG] [FluorateGL] glBindVertexBuffer(binding=0, buf=38, offset=0, stride=24) desktop 38 -> GLES 38 (tid=13770)
[DEBUG] [FluorateGL] glBindBuffer(0x8893): desktop 40 -> GLES 40 (tid=13770)
[DEBUG] [FluorateGL] glDrawElements(mode=0x0004, count=12, type=0x1403, indices=0x0) bound_vao=2 bound_buf=40 (tid=13770)
[DEBUG] [FluorateGL] glFramebufferTexture2D(target=0x8CA9, attachment=0x8CE0, textarget=0x0DE1, texture=8, level=0)
[DEBUG] [FluorateGL] glFramebufferTexture2D(target=0x8CA9, attachment=0x8D00, textarget=0x0DE1, texture=0, level=0)
[DEBUG] [FluorateGL] glBindBuffer(0x8A11): desktop 15 -> GLES 15 (tid=13770)
[DEBUG] [FluorateGL] glFramebufferTexture2D(target=0x8D40, attachment=0x8CE0, textarget=0x0DE1, texture=0, level=0)
[DEBUG] [FluorateGL] glFramebufferTexture2D(target=0x8D40, attachment=0x8D00, textarget=0x0DE1, texture=7, level=0)
[DEBUG] [FluorateGL] glFramebufferTexture2D(target=0x8D40, attachment=0x8D00, textarget=0x0DE1, texture=0, level=0)
[DEBUG] [FluorateGL] glFramebufferTexture2D(target=0x8D40, attachment=0x8CE0, textarget=0x0DE1, texture=8, level=0)
[DEBUG] [FluorateGL] glFramebufferTexture2D(target=0x8D40, attachment=0x8D00, textarget=0x0DE1, texture=0, level=0)
[DEBUG] [FluorateGL] glFramebufferTexture2D(target=0x8D40, attachment=0x8CE0, textarget=0x0DE1, texture=0, level=0)
[DEBUG] [FluorateGL] glBindBuffer(0x8892): desktop 36 -> GLES 36 (tid=13770)
[DEBUG] [FluorateGL] glBindBuffer(0x8892): desktop 39 -> GLES 39 (tid=13770)
[DEBUG] [FluorateGL] glBindBuffer(0x8A11): desktop 3 -> GLES 3 (tid=13770)
[DEBUG] [FluorateGL] glBindVertexBuffer(binding=0, buf=36, offset=0, stride=16) desktop 36 -> GLES 36 (tid=13770)
[DEBUG] [FluorateGL] glBindBuffer(0x8893): desktop 40 -> GLES 40 (tid=13770)
[DEBUG] [FluorateGL] glDrawElements(mode=0x0004, count=30, type=0x1403, indices=0x0) bound_vao=1 bound_buf=40 (tid=13770)
[DEBUG] [FluorateGL] glTexParameteri(target=0x0DE1, pname=0x813C, param=0)
[DEBUG] [FluorateGL] glTexParameteri(target=0x0DE1, pname=0x813D, param=0)
[DEBUG] [FluorateGL] glBindVertexBuffer(binding=0, buf=39, offset=0, stride=24) desktop 39 -> GLES 39 (tid=13770)
[DEBUG] [FluorateGL] glBindBuffer(0x8893): desktop 40 -> GLES 40 (tid=13770)
[DEBUG] [FluorateGL] glDrawElements(mode=0x0004, count=12, type=0x1403, indices=0x0) bound_vao=2 bound_buf=40 (tid=13770)
[DEBUG] [FluorateGL] glFramebufferTexture2D(target=0x8CA9, attachment=0x8CE0, textarget=0x0DE1, texture=8, level=0)
[DEBUG] [FluorateGL] glFramebufferTexture2D(target=0x8CA9, attachment=0x8D00, textarget=0x0DE1, texture=0, level=0)
[DEBUG] [FluorateGL] glBindBuffer(0x8A11): desktop 15 -> GLES 15 (tid=13770)
[DEBUG] [FluorateGL] glFramebufferTexture2D(target=0x8D40, attachment=0x8CE0, textarget=0x0DE1, texture=0, level=0)
[DEBUG] [FluorateGL] glFramebufferTexture2D(target=0x8D40, attachment=0x8D00, textarget=0x0DE1, texture=7, level=0)
[DEBUG] [FluorateGL] glFramebufferTexture2D(target=0x8D40, attachment=0x8D00, textarget=0x0DE1, texture=0, level=0)
[DEBUG] [FluorateGL] glFramebufferTexture2D(target=0x8D40, attachment=0x8CE0, textarget=0x0DE1, texture=8, level=0)
[DEBUG] [FluorateGL] glFramebufferTexture2D(target=0x8D40, attachment=0x8D00, textarget=0x0DE1, texture=0, level=0)
[DEBUG] [FluorateGL] glFramebufferTexture2D(target=0x8D40, attachment=0x8CE0, textarget=0x0DE1, texture=0, level=0)
[DEBUG] [FluorateGL] glBindBuffer(0x8892): desktop 34 -> GLES 34 (tid=13770)
[DEBUG] [FluorateGL] glBindBuffer(0x8892): desktop 37 -> GLES 37 (tid=13770)
[DEBUG] [FluorateGL] glBindBuffer(0x8A11): desktop 1 -> GLES 1 (tid=13770)
[DEBUG] [FluorateGL] glBindVertexBuffer(binding=0, buf=34, offset=0, stride=16) desktop 34 -> GLES 34 (tid=13770)
[DEBUG] [FluorateGL] glBindBuffer(0x8893): desktop 40 -> GLES 40 (tid=13770)
[DEBUG] [FluorateGL] glDrawElements(mode=0x0004, count=30, type=0x1403, indices=0x0) bound_vao=1 bound_buf=40 (tid=13770)
[DEBUG] [FluorateGL] glTexParameteri(target=0x0DE1, pname=0x813C, param=0)
[DEBUG] [FluorateGL] glTexParameteri(target=0x0DE1, pname=0x813D, param=0)
[DEBUG] [FluorateGL] glBindVertexBuffer(binding=0, buf=37, offset=0, stride=24) desktop 37 -> GLES 37 (tid=13770)
[DEBUG] [FluorateGL] glBindBuffer(0x8893): desktop 40 -> GLES 40 (tid=13770)
[DEBUG] [FluorateGL] glDrawElements(mode=0x0004, count=12, type=0x1403, indices=0x0) bound_vao=2 bound_buf=40 (tid=13770)
[DEBUG] [FluorateGL] glFramebufferTexture2D(target=0x8CA9, attachment=0x8CE0, textarget=0x0DE1, texture=8, level=0)
[DEBUG] [FluorateGL] glFramebufferTexture2D(target=0x8CA9, attachment=0x8D00, textarget=0x0DE1, texture=0, level=0)
[DEBUG] [FluorateGL] glBindBuffer(0x8A11): desktop 15 -> GLES 15 (tid=13770)
[DEBUG] [FluorateGL] glFramebufferTexture2D(target=0x8D40, attachment=0x8CE0, textarget=0x0DE1, texture=0, level=0)
[DEBUG] [FluorateGL] glFramebufferTexture2D(target=0x8D40, attachment=0x8D00, textarget=0x0DE1, texture=7, level=0)
[DEBUG] [FluorateGL] glFramebufferTexture2D(target=0x8D40, attachment=0x8D00, textarget=0x0DE1, texture=0, level=0)
[DEBUG] [FluorateGL] glFramebufferTexture2D(target=0x8D40, attachment=0x8CE0, textarget=0x0DE1, texture=8, level=0)
[DEBUG] [FluorateGL] glFramebufferTexture2D(target=0x8D40, attachment=0x8D00, textarget=0x0DE1, texture=0, level=0)
[DEBUG] [FluorateGL] glFramebufferTexture2D(target=0x8D40, attachment=0x8CE0, textarget=0x0DE1, texture=0, level=0)
[DEBUG] [FluorateGL] glBindBuffer(0x8892): desktop 35 -> GLES 35 (tid=13770)
[DEBUG] [FluorateGL] glBindBuffer(0x8892): desktop 38 -> GLES 38 (tid=13770)
[DEBUG] [FluorateGL] glBindBuffer(0x8A11): desktop 2 -> GLES 2 (tid=13770)
[DEBUG] [FluorateGL] glBindVertexBuffer(binding=0, buf=35, offset=0, stride=16) desktop 35 -> GLES 35 (tid=13770)
[DEBUG] [FluorateGL] glBindBuffer(0x8893): desktop 40 -> GLES 40 (tid=13770)
[DEBUG] [FluorateGL] glDrawElements(mode=0x0004, count=30, type=0x1403, indices=0x0) bound_vao=1 bound_buf=40 (tid=13770)
[DEBUG] [FluorateGL] glTexParameteri(target=0x0DE1, pname=0x813C, param=0)
[DEBUG] [FluorateGL] glTexParameteri(target=0x0DE1, pname=0x813D, param=0)
[DEBUG] [FluorateGL] glBindVertexBuffer(binding=0, buf=38, offset=0, stride=24) desktop 38 -> GLES 38 (tid=13770)
[DEBUG] [FluorateGL] glBindBuffer(0x8893): desktop 40 -> GLES 40 (tid=13770)
[DEBUG] [FluorateGL] glDrawElements(mode=0x0004, count=12, type=0x1403, indices=0x0) bound_vao=2 bound_buf=40 (tid=13770)
[DEBUG] [FluorateGL] glFramebufferTexture2D(target=0x8CA9, attachment=0x8CE0, textarget=0x0DE1, texture=8, level=0)
[DEBUG] [FluorateGL] glFramebufferTexture2D(target=0x8CA9, attachment=0x8D00, textarget=0x0DE1, texture=0, level=0)
[DEBUG] [FluorateGL] glBindBuffer(0x8A11): desktop 15 -> GLES 15 (tid=13770)
[DEBUG] [FluorateGL] glFramebufferTexture2D(target=0x8D40, attachment=0x8CE0, textarget=0x0DE1, texture=0, level=0)
[DEBUG] [FluorateGL] glFramebufferTexture2D(target=0x8D40, attachment=0x8D00, textarget=0x0DE1, texture=7, level=0)
[DEBUG] [FluorateGL] glFramebufferTexture2D(target=0x8D40, attachment=0x8D00, textarget=0x0DE1, texture=0, level=0)
[DEBUG] [FluorateGL] glFramebufferTexture2D(target=0x8D40, attachment=0x8CE0, textarget=0x0DE1, texture=8, level=0)
[DEBUG] [FluorateGL] glFramebufferTexture2D(target=0x8D40, attachment=0x8D00, textarget=0x0DE1, texture=0, level=0)
[DEBUG] [FluorateGL] glFramebufferTexture2D(target=0x8D40, attachment=0x8CE0, textarget=0x0DE1, texture=0, level=0)
[DEBUG] [FluorateGL] glBindBuffer(0x8892): desktop 36 -> GLES 36 (tid=13770)
[DEBUG] [FluorateGL] glBindBuffer(0x8892): desktop 39 -> GLES 39 (tid=13770)
[DEBUG] [FluorateGL] glBindBuffer(0x8A11): desktop 3 -> GLES 3 (tid=13770)
[DEBUG] [FluorateGL] glBindVertexBuffer(binding=0, buf=36, offset=0, stride=16) desktop 36 -> GLES 36 (tid=13770)
[DEBUG] [FluorateGL] glBindBuffer(0x8893): desktop 40 -> GLES 40 (tid=13770)
[DEBUG] [FluorateGL] glDrawElements(mode=0x0004, count=30, type=0x1403, indices=0x0) bound_vao=1 bound_buf=40 (tid=13770)
[DEBUG] [FluorateGL] glTexParameteri(target=0x0DE1, pname=0x813C, param=0)
[DEBUG] [FluorateGL] glTexParameteri(target=0x0DE1, pname=0x813D, param=0)
[DEBUG] [FluorateGL] glBindVertexBuffer(binding=0, buf=39, offset=0, stride=24) desktop 39 -> GLES 39 (tid=13770)
[DEBUG] [FluorateGL] glBindBuffer(0x8893): desktop 40 -> GLES 40 (tid=13770)
[DEBUG] [FluorateGL] glDrawElements(mode=0x0004, count=12, type=0x1403, indices=0x0) bound_vao=2 bound_buf=40 (tid=13770)
[DEBUG] [FluorateGL] glFramebufferTexture2D(target=0x8CA9, attachment=0x8CE0, textarget=0x0DE1, texture=8, level=0)
[DEBUG] [FluorateGL] glFramebufferTexture2D(target=0x8CA9, attachment=0x8D00, textarget=0x0DE1, texture=0, level=0)
[DEBUG] [FluorateGL] glBindBuffer(0x8A11): desktop 15 -> GLES 15 (tid=13770)
[DEBUG] [FluorateGL] glFramebufferTexture2D(target=0x8D40, attachment=0x8CE0, textarget=0x0DE1, texture=0, level=0)
[DEBUG] [FluorateGL] glFramebufferTexture2D(target=0x8D40, attachment=0x8D00, textarget=0x0DE1, texture=7, level=0)
[DEBUG] [FluorateGL] glFramebufferTexture2D(target=0x8D40, attachment=0x8D00, textarget=0x0DE1, texture=0, level=0)
[DEBUG] [FluorateGL] glFramebufferTexture2D(target=0x8D40, attachment=0x8CE0, textarget=0x0DE1, texture=8, level=0)
[DEBUG] [FluorateGL] glFramebufferTexture2D(target=0x8D40, attachment=0x8D00, textarget=0x0DE1, texture=0, level=0)
[DEBUG] [FluorateGL] glFramebufferTexture2D(target=0x8D40, attachment=0x8CE0, textarget=0x0DE1, texture=0, level=0)
[DEBUG] [FluorateGL] glBindBuffer(0x8892): desktop 34 -> GLES 34 (tid=13770)
[DEBUG] [FluorateGL] glBindBuffer(0x8892): desktop 37 -> GLES 37 (tid=13770)
[DEBUG] [FluorateGL] glBindBuffer(0x8A11): desktop 1 -> GLES 1 (tid=13770)
[DEBUG] [FluorateGL] glBindVertexBuffer(binding=0, buf=34, offset=0, stride=16) desktop 34 -> GLES 34 (tid=13770)
[DEBUG] [FluorateGL] glBindBuffer(0x8893): desktop 40 -> GLES 40 (tid=13770)
[DEBUG] [FluorateGL] glDrawElements(mode=0x0004, count=30, type=0x1403, indices=0x0) bound_vao=1 bound_buf=40 (tid=13770)
[DEBUG] [FluorateGL] glTexParameteri(target=0x0DE1, pname=0x813C, param=0)
[DEBUG] [FluorateGL] glTexParameteri(target=0x0DE1, pname=0x813D, param=0)
[DEBUG] [FluorateGL] glBindVertexBuffer(binding=0, buf=37, offset=0, stride=24) desktop 37 -> GLES 37 (tid=13770)
[DEBUG] [FluorateGL] glBindBuffer(0x8893): desktop 40 -> GLES 40 (tid=13770)
[DEBUG] [FluorateGL] glDrawElements(mode=0x0004, count=12, type=0x1403, indices=0x0) bound_vao=2 bound_buf=40 (tid=13770)
[DEBUG] [FluorateGL] glFramebufferTexture2D(target=0x8CA9, attachment=0x8CE0, textarget=0x0DE1, texture=8, level=0)
[DEBUG] [FluorateGL] glFramebufferTexture2D(target=0x8CA9, attachment=0x8D00, textarget=0x0DE1, texture=0, level=0)
[DEBUG] [FluorateGL] glBindBuffer(0x8A11): desktop 15 -> GLES 15 (tid=13770)
[DEBUG] [FluorateGL] glFramebufferTexture2D(target=0x8D40, attachment=0x8CE0, textarget=0x0DE1, texture=0, level=0)
[DEBUG] [FluorateGL] glFramebufferTexture2D(target=0x8D40, attachment=0x8D00, textarget=0x0DE1, texture=7, level=0)
[DEBUG] [FluorateGL] glFramebufferTexture2D(target=0x8D40, attachment=0x8D00, textarget=0x0DE1, texture=0, level=0)
[DEBUG] [FluorateGL] glFramebufferTexture2D(target=0x8D40, attachment=0x8CE0, textarget=0x0DE1, texture=8, level=0)
[DEBUG] [FluorateGL] glFramebufferTexture2D(target=0x8D40, attachment=0x8D00, textarget=0x0DE1, texture=0, level=0)
[DEBUG] [FluorateGL] glFramebufferTexture2D(target=0x8D40, attachment=0x8CE0, textarget=0x0DE1, texture=0, level=0)
[DEBUG] [FluorateGL] glBindBuffer(0x8892): desktop 35 -> GLES 35 (tid=13770)
[DEBUG] [FluorateGL] glBindBuffer(0x8892): desktop 38 -> GLES 38 (tid=13770)
[DEBUG] [FluorateGL] glBindBuffer(0x8A11): desktop 2 -> GLES 2 (tid=13770)
[DEBUG] [FluorateGL] glBindVertexBuffer(binding=0, buf=35, offset=0, stride=16) desktop 35 -> GLES 35 (tid=13770)
[DEBUG] [FluorateGL] glBindBuffer(0x8893): desktop 40 -> GLES 40 (tid=13770)
[DEBUG] [FluorateGL] glDrawElements(mode=0x0004, count=30, type=0x1403, indices=0x0) bound_vao=1 bound_buf=40 (tid=13770)
[DEBUG] [FluorateGL] glTexParameteri(target=0x0DE1, pname=0x813C, param=0)
[DEBUG] [FluorateGL] glTexParameteri(target=0x0DE1, pname=0x813D, param=0)
[DEBUG] [FluorateGL] glBindVertexBuffer(binding=0, buf=38, offset=0, stride=24) desktop 38 -> GLES 38 (tid=13770)
[DEBUG] [FluorateGL] glBindBuffer(0x8893): desktop 40 -> GLES 40 (tid=13770)
[DEBUG] [FluorateGL] glDrawElements(mode=0x0004, count=12, type=0x1403, indices=0x0) bound_vao=2 bound_buf=40 (tid=13770)
[DEBUG] [FluorateGL] glFramebufferTexture2D(target=0x8CA9, attachment=0x8CE0, textarget=0x0DE1, texture=8, level=0)
[DEBUG] [FluorateGL] glFramebufferTexture2D(target=0x8CA9, attachment=0x8D00, textarget=0x0DE1, texture=0, level=0)
[DEBUG] [FluorateGL] glBindBuffer(0x8A11): desktop 15 -> GLES 15 (tid=13770)
[DEBUG] [FluorateGL] glFramebufferTexture2D(target=0x8D40, attachment=0x8CE0, textarget=0x0DE1, texture=0, level=0)
[DEBUG] [FluorateGL] glFramebufferTexture2D(target=0x8D40, attachment=0x8D00, textarget=0x0DE1, texture=7, level=0)
[DEBUG] [FluorateGL] glFramebufferTexture2D(target=0x8D40, attachment=0x8D00, textarget=0x0DE1, texture=0, level=0)
[DEBUG] [FluorateGL] glFramebufferTexture2D(target=0x8D40, attachment=0x8CE0, textarget=0x0DE1, texture=8, level=0)
[DEBUG] [FluorateGL] glFramebufferTexture2D(target=0x8D40, attachment=0x8D00, textarget=0x0DE1, texture=0, level=0)
[DEBUG] [FluorateGL] glFramebufferTexture2D(target=0x8D40, attachment=0x8CE0, textarget=0x0DE1, texture=0, level=0)
[DEBUG] [FluorateGL] glBindBuffer(0x8892): desktop 36 -> GLES 36 (tid=13770)
[DEBUG] [FluorateGL] glBindBuffer(0x8892): desktop 39 -> GLES 39 (tid=13770)
[DEBUG] [FluorateGL] glBindBuffer(0x8A11): desktop 3 -> GLES 3 (tid=13770)
[DEBUG] [FluorateGL] glBindVertexBuffer(binding=0, buf=36, offset=0, stride=16) desktop 36 -> GLES 36 (tid=13770)
[DEBUG] [FluorateGL] glBindBuffer(0x8893): desktop 40 -> GLES 40 (tid=13770)
[DEBUG] [FluorateGL] glDrawElements(mode=0x0004, count=30, type=0x1403, indices=0x0) bound_vao=1 bound_buf=40 (tid=13770)
[DEBUG] [FluorateGL] glTexParameteri(target=0x0DE1, pname=0x813C, param=0)
[DEBUG] [FluorateGL] glTexParameteri(target=0x0DE1, pname=0x813D, param=0)
[DEBUG] [FluorateGL] glBindVertexBuffer(binding=0, buf=39, offset=0, stride=24) desktop 39 -> GLES 39 (tid=13770)
[DEBUG] [FluorateGL] glBindBuffer(0x8893): desktop 40 -> GLES 40 (tid=13770)
[DEBUG] [FluorateGL] glDrawElements(mode=0x0004, count=12, type=0x1403, indices=0x0) bound_vao=2 bound_buf=40 (tid=13770)
[DEBUG] [FluorateGL] glFramebufferTexture2D(target=0x8CA9, attachment=0x8CE0, textarget=0x0DE1, texture=8, level=0)
[DEBUG] [FluorateGL] glFramebufferTexture2D(target=0x8CA9, attachment=0x8D00, textarget=0x0DE1, texture=0, level=0)
[DEBUG] [FluorateGL] glBindBuffer(0x8A11): desktop 15 -> GLES 15 (tid=13770)
[DEBUG] [FluorateGL] glFramebufferTexture2D(target=0x8D40, attachment=0x8CE0, textarget=0x0DE1, texture=0, level=0)
[DEBUG] [FluorateGL] glFramebufferTexture2D(target=0x8D40, attachment=0x8D00, textarget=0x0DE1, texture=7, level=0)
[DEBUG] [FluorateGL] glFramebufferTexture2D(target=0x8D40, attachment=0x8D00, textarget=0x0DE1, texture=0, level=0)
[DEBUG] [FluorateGL] glFramebufferTexture2D(target=0x8D40, attachment=0x8CE0, textarget=0x0DE1, texture=8, level=0)
[DEBUG] [FluorateGL] glFramebufferTexture2D(target=0x8D40, attachment=0x8D00, textarget=0x0DE1, texture=0, level=0)
[DEBUG] [FluorateGL] glFramebufferTexture2D(target=0x8D40, attachment=0x8CE0, textarget=0x0DE1, texture=0, level=0)
[DEBUG] [FluorateGL] glBindBuffer(0x8892): desktop 34 -> GLES 34 (tid=13770)
[DEBUG] [FluorateGL] glBindBuffer(0x8892): desktop 37 -> GLES 37 (tid=13770)
[DEBUG] [FluorateGL] glBindBuffer(0x8A11): desktop 1 -> GLES 1 (tid=13770)
[DEBUG] [FluorateGL] glBindVertexBuffer(binding=0, buf=34, offset=0, stride=16) desktop 34 -> GLES 34 (tid=13770)
[DEBUG] [FluorateGL] glBindBuffer(0x8893): desktop 40 -> GLES 40 (tid=13770)
[DEBUG] [FluorateGL] glDrawElements(mode=0x0004, count=30, type=0x1403, indices=0x0) bound_vao=1 bound_buf=40 (tid=13770)
[DEBUG] [FluorateGL] glTexParameteri(target=0x0DE1, pname=0x813C, param=0)
[DEBUG] [FluorateGL] glTexParameteri(target=0x0DE1, pname=0x813D, param=0)
[DEBUG] [FluorateGL] glBindVertexBuffer(binding=0, buf=37, offset=0, stride=24) desktop 37 -> GLES 37 (tid=13770)
[DEBUG] [FluorateGL] glBindBuffer(0x8893): desktop 40 -> GLES 40 (tid=13770)
[DEBUG] [FluorateGL] glDrawElements(mode=0x0004, count=12, type=0x1403, indices=0x0) bound_vao=2 bound_buf=40 (tid=13770)
[DEBUG] [FluorateGL] glFramebufferTexture2D(target=0x8CA9, attachment=0x8CE0, textarget=0x0DE1, texture=8, level=0)
[DEBUG] [FluorateGL] glFramebufferTexture2D(target=0x8CA9, attachment=0x8D00, textarget=0x0DE1, texture=0, level=0)
[DEBUG] [FluorateGL] glBindBuffer(0x8A11): desktop 15 -> GLES 15 (tid=13770)
[DEBUG] [FluorateGL] glFramebufferTexture2D(target=0x8D40, attachment=0x8CE0, textarget=0x0DE1, texture=0, level=0)
[DEBUG] [FluorateGL] glFramebufferTexture2D(target=0x8D40, attachment=0x8D00, textarget=0x0DE1, texture=7, level=0)
[DEBUG] [FluorateGL] glFramebufferTexture2D(target=0x8D40, attachment=0x8D00, textarget=0x0DE1, texture=0, level=0)
[DEBUG] [FluorateGL] glFramebufferTexture2D(target=0x8D40, attachment=0x8CE0, textarget=0x0DE1, texture=8, level=0)
[DEBUG] [FluorateGL] glFramebufferTexture2D(target=0x8D40, attachment=0x8D00, textarget=0x0DE1, texture=0, level=0)
[DEBUG] [FluorateGL] glFramebufferTexture2D(target=0x8D40, attachment=0x8CE0, textarget=0x0DE1, texture=0, level=0)
[DEBUG] [FluorateGL] glBindBuffer(0x8892): desktop 35 -> GLES 35 (tid=13770)
[DEBUG] [FluorateGL] glBindBuffer(0x8892): desktop 38 -> GLES 38 (tid=13770)
[DEBUG] [FluorateGL] glBindBuffer(0x8A11): desktop 2 -> GLES 2 (tid=13770)
[DEBUG] [FluorateGL] glBindVertexBuffer(binding=0, buf=35, offset=0, stride=16) desktop 35 -> GLES 35 (tid=13770)
[DEBUG] [FluorateGL] glBindBuffer(0x8893): desktop 40 -> GLES 40 (tid=13770)
[DEBUG] [FluorateGL] glDrawElements(mode=0x0004, count=30, type=0x1403, indices=0x0) bound_vao=1 bound_buf=40 (tid=13770)
[DEBUG] [FluorateGL] glTexParameteri(target=0x0DE1, pname=0x813C, param=0)
[DEBUG] [FluorateGL] glTexParameteri(target=0x0DE1, pname=0x813D, param=0)
[DEBUG] [FluorateGL] glBindVertexBuffer(binding=0, buf=38, offset=0, stride=24) desktop 38 -> GLES 38 (tid=13770)
[DEBUG] [FluorateGL] glBindBuffer(0x8893): desktop 40 -> GLES 40 (tid=13770)
[DEBUG] [FluorateGL] glDrawElements(mode=0x0004, count=12, type=0x1403, indices=0x0) bound_vao=2 bound_buf=40 (tid=13770)
[DEBUG] [FluorateGL] glFramebufferTexture2D(target=0x8CA9, attachment=0x8CE0, textarget=0x0DE1, texture=8, level=0)
[DEBUG] [FluorateGL] glFramebufferTexture2D(target=0x8CA9, attachment=0x8D00, textarget=0x0DE1, texture=0, level=0)
[DEBUG] [FluorateGL] glBindBuffer(0x8A11): desktop 15 -> GLES 15 (tid=13770)
[DEBUG] [FluorateGL] glFramebufferTexture2D(target=0x8D40, attachment=0x8CE0, textarget=0x0DE1, texture=0, level=0)
[DEBUG] [FluorateGL] glFramebufferTexture2D(target=0x8D40, attachment=0x8D00, textarget=0x0DE1, texture=7, level=0)
[DEBUG] [FluorateGL] glFramebufferTexture2D(target=0x8D40, attachment=0x8D00, textarget=0x0DE1, texture=0, level=0)
[DEBUG] [FluorateGL] glFramebufferTexture2D(target=0x8D40, attachment=0x8CE0, textarget=0x0DE1, texture=8, level=0)
[DEBUG] [FluorateGL] glFramebufferTexture2D(target=0x8D40, attachment=0x8D00, textarget=0x0DE1, texture=0, level=0)
[DEBUG] [FluorateGL] glFramebufferTexture2D(target=0x8D40, attachment=0x8CE0, textarget=0x0DE1, texture=0, level=0)
[DEBUG] [FluorateGL] glBindBuffer(0x8892): desktop 36 -> GLES 36 (tid=13770)
[DEBUG] [FluorateGL] glBindBuffer(0x8892): desktop 39 -> GLES 39 (tid=13770)
[DEBUG] [FluorateGL] glBindBuffer(0x8A11): desktop 3 -> GLES 3 (tid=13770)
[DEBUG] [FluorateGL] glBindVertexBuffer(binding=0, buf=36, offset=0, stride=16) desktop 36 -> GLES 36 (tid=13770)
[DEBUG] [FluorateGL] glBindBuffer(0x8893): desktop 40 -> GLES 40 (tid=13770)
[DEBUG] [FluorateGL] glDrawElements(mode=0x0004, count=30, type=0x1403, indices=0x0) bound_vao=1 bound_buf=40 (tid=13770)
[DEBUG] [FluorateGL] glTexParameteri(target=0x0DE1, pname=0x813C, param=0)
[DEBUG] [FluorateGL] glTexParameteri(target=0x0DE1, pname=0x813D, param=0)
[DEBUG] [FluorateGL] glBindVertexBuffer(binding=0, buf=39, offset=0, stride=24) desktop 39 -> GLES 39 (tid=13770)
[DEBUG] [FluorateGL] glBindBuffer(0x8893): desktop 40 -> GLES 40 (tid=13770)
[DEBUG] [FluorateGL] glDrawElements(mode=0x0004, count=12, type=0x1403, indices=0x0) bound_vao=2 bound_buf=40 (tid=13770)
[DEBUG] [FluorateGL] glFramebufferTexture2D(target=0x8CA9, attachment=0x8CE0, textarget=0x0DE1, texture=8, level=0)
[DEBUG] [FluorateGL] glFramebufferTexture2D(target=0x8CA9, attachment=0x8D00, textarget=0x0DE1, texture=0, level=0)
[DEBUG] [FluorateGL] glBindBuffer(0x8A11): desktop 15 -> GLES 15 (tid=13770)
[DEBUG] [FluorateGL] glFramebufferTexture2D(target=0x8D40, attachment=0x8CE0, textarget=0x0DE1, texture=0, level=0)
[DEBUG] [FluorateGL] glFramebufferTexture2D(target=0x8D40, attachment=0x8D00, textarget=0x0DE1, texture=7, level=0)
[DEBUG] [FluorateGL] glFramebufferTexture2D(target=0x8D40, attachment=0x8D00, textarget=0x0DE1, texture=0, level=0)
[DEBUG] [FluorateGL] glFramebufferTexture2D(target=0x8D40, attachment=0x8CE0, textarget=0x0DE1, texture=8, level=0)
[DEBUG] [FluorateGL] glFramebufferTexture2D(target=0x8D40, attachment=0x8D00, textarget=0x0DE1, texture=0, level=0)
[DEBUG] [FluorateGL] glFramebufferTexture2D(target=0x8D40, attachment=0x8CE0, textarget=0x0DE1, texture=0, level=0)
[DEBUG] [FluorateGL] glBindBuffer(0x8892): desktop 34 -> GLES 34 (tid=13770)
[DEBUG] [FluorateGL] glBindBuffer(0x8892): desktop 37 -> GLES 37 (tid=13770)
[DEBUG] [FluorateGL] glBindBuffer(0x8A11): desktop 1 -> GLES 1 (tid=13770)
[DEBUG] [FluorateGL] glBindVertexBuffer(binding=0, buf=34, offset=0, stride=16) desktop 34 -> GLES 34 (tid=13770)
[DEBUG] [FluorateGL] glBindBuffer(0x8893): desktop 40 -> GLES 40 (tid=13770)
[DEBUG] [FluorateGL] glDrawElements(mode=0x0004, count=30, type=0x1403, indices=0x0) bound_vao=1 bound_buf=40 (tid=13770)
[DEBUG] [FluorateGL] glTexParameteri(target=0x0DE1, pname=0x813C, param=0)
[DEBUG] [FluorateGL] glTexParameteri(target=0x0DE1, pname=0x813D, param=0)
[DEBUG] [FluorateGL] glBindVertexBuffer(binding=0, buf=37, offset=0, stride=24) desktop 37 -> GLES 37 (tid=13770)
[DEBUG] [FluorateGL] glBindBuffer(0x8893): desktop 40 -> GLES 40 (tid=13770)
[DEBUG] [FluorateGL] glDrawElements(mode=0x0004, count=12, type=0x1403, indices=0x0) bound_vao=2 bound_buf=40 (tid=13770)
[DEBUG] [FluorateGL] glFramebufferTexture2D(target=0x8CA9, attachment=0x8CE0, textarget=0x0DE1, texture=8, level=0)
[DEBUG] [FluorateGL] glFramebufferTexture2D(target=0x8CA9, attachment=0x8D00, textarget=0x0DE1, texture=0, level=0)
[DEBUG] [FluorateGL] glBindBuffer(0x8A11): desktop 15 -> GLES 15 (tid=13770)
[DEBUG] [FluorateGL] glFramebufferTexture2D(target=0x8D40, attachment=0x8CE0, textarget=0x0DE1, texture=0, level=0)
[DEBUG] [FluorateGL] glFramebufferTexture2D(target=0x8D40, attachment=0x8D00, textarget=0x0DE1, texture=7, level=0)
[DEBUG] [FluorateGL] glFramebufferTexture2D(target=0x8D40, attachment=0x8D00, textarget=0x0DE1, texture=0, level=0)
[DEBUG] [FluorateGL] glFramebufferTexture2D(target=0x8D40, attachment=0x8CE0, textarget=0x0DE1, texture=8, level=0)
[DEBUG] [FluorateGL] glFramebufferTexture2D(target=0x8D40, attachment=0x8D00, textarget=0x0DE1, texture=0, level=0)
[DEBUG] [FluorateGL] glFramebufferTexture2D(target=0x8D40, attachment=0x8CE0, textarget=0x0DE1, texture=0, level=0)
[DEBUG] [FluorateGL] glBindBuffer(0x8892): desktop 35 -> GLES 35 (tid=13770)
[DEBUG] [FluorateGL] glBindBuffer(0x8892): desktop 38 -> GLES 38 (tid=13770)
[DEBUG] [FluorateGL] glBindBuffer(0x8A11): desktop 2 -> GLES 2 (tid=13770)
[DEBUG] [FluorateGL] glBindVertexBuffer(binding=0, buf=35, offset=0, stride=16) desktop 35 -> GLES 35 (tid=13770)
[DEBUG] [FluorateGL] glBindBuffer(0x8893): desktop 40 -> GLES 40 (tid=13770)
[DEBUG] [FluorateGL] glDrawElements(mode=0x0004, count=30, type=0x1403, indices=0x0) bound_vao=1 bound_buf=40 (tid=13770)
[DEBUG] [FluorateGL] glTexParameteri(target=0x0DE1, pname=0x813C, param=0)
[DEBUG] [FluorateGL] glTexParameteri(target=0x0DE1, pname=0x813D, param=0)
[DEBUG] [FluorateGL] glBindVertexBuffer(binding=0, buf=38, offset=0, stride=24) desktop 38 -> GLES 38 (tid=13770)
[DEBUG] [FluorateGL] glBindBuffer(0x8893): desktop 40 -> GLES 40 (tid=13770)
[DEBUG] [FluorateGL] glDrawElements(mode=0x0004, count=12, type=0x1403, indices=0x0) bound_vao=2 bound_buf=40 (tid=13770)
[DEBUG] [FluorateGL] glFramebufferTexture2D(target=0x8CA9, attachment=0x8CE0, textarget=0x0DE1, texture=8, level=0)
[DEBUG] [FluorateGL] glFramebufferTexture2D(target=0x8CA9, attachment=0x8D00, textarget=0x0DE1, texture=0, level=0)
[DEBUG] [FluorateGL] glBindBuffer(0x8A11): desktop 15 -> GLES 15 (tid=13770)
[DEBUG] [FluorateGL] glFramebufferTexture2D(target=0x8D40, attachment=0x8CE0, textarget=0x0DE1, texture=0, level=0)
[DEBUG] [FluorateGL] glFramebufferTexture2D(target=0x8D40, attachment=0x8D00, textarget=0x0DE1, texture=7, level=0)
[DEBUG] [FluorateGL] glFramebufferTexture2D(target=0x8D40, attachment=0x8D00, textarget=0x0DE1, texture=0, level=0)
[DEBUG] [FluorateGL] glFramebufferTexture2D(target=0x8D40, attachment=0x8CE0, textarget=0x0DE1, texture=8, level=0)
[DEBUG] [FluorateGL] glFramebufferTexture2D(target=0x8D40, attachment=0x8D00, textarget=0x0DE1, texture=0, level=0)
[DEBUG] [FluorateGL] glFramebufferTexture2D(target=0x8D40, attachment=0x8CE0, textarget=0x0DE1, texture=0, level=0)
[DEBUG] [FluorateGL] glBindBuffer(0x8892): desktop 36 -> GLES 36 (tid=13770)
[DEBUG] [FluorateGL] glBindBuffer(0x8892): desktop 39 -> GLES 39 (tid=13770)
[DEBUG] [FluorateGL] glBindBuffer(0x8A11): desktop 3 -> GLES 3 (tid=13770)
[DEBUG] [FluorateGL] glBindVertexBuffer(binding=0, buf=36, offset=0, stride=16) desktop 36 -> GLES 36 (tid=13770)
[DEBUG] [FluorateGL] glBindBuffer(0x8893): desktop 40 -> GLES 40 (tid=13770)
[DEBUG] [FluorateGL] glDrawElements(mode=0x0004, count=30, type=0x1403, indices=0x0) bound_vao=1 bound_buf=40 (tid=13770)
[DEBUG] [FluorateGL] glTexParameteri(target=0x0DE1, pname=0x813C, param=0)
[DEBUG] [FluorateGL] glTexParameteri(target=0x0DE1, pname=0x813D, param=0)
[DEBUG] [FluorateGL] glBindVertexBuffer(binding=0, buf=39, offset=0, stride=24) desktop 39 -> GLES 39 (tid=13770)
[DEBUG] [FluorateGL] glBindBuffer(0x8893): desktop 40 -> GLES 40 (tid=13770)
[DEBUG] [FluorateGL] glDrawElements(mode=0x0004, count=12, type=0x1403, indices=0x0) bound_vao=2 bound_buf=40 (tid=13770)
[DEBUG] [FluorateGL] glFramebufferTexture2D(target=0x8CA9, attachment=0x8CE0, textarget=0x0DE1, texture=8, level=0)
[DEBUG] [FluorateGL] glFramebufferTexture2D(target=0x8CA9, attachment=0x8D00, textarget=0x0DE1, texture=0, level=0)
[DEBUG] [FluorateGL] glBindBuffer(0x8A11): desktop 15 -> GLES 15 (tid=13770)
[DEBUG] [FluorateGL] glFramebufferTexture2D(target=0x8D40, attachment=0x8CE0, textarget=0x0DE1, texture=0, level=0)
[DEBUG] [FluorateGL] glFramebufferTexture2D(target=0x8D40, attachment=0x8D00, textarget=0x0DE1, texture=7, level=0)
[DEBUG] [FluorateGL] glFramebufferTexture2D(target=0x8D40, attachment=0x8D00, textarget=0x0DE1, texture=0, level=0)
[DEBUG] [FluorateGL] glFramebufferTexture2D(target=0x8D40, attachment=0x8CE0, textarget=0x0DE1, texture=8, level=0)
[DEBUG] [FluorateGL] glFramebufferTexture2D(target=0x8D40, attachment=0x8D00, textarget=0x0DE1, texture=0, level=0)
[DEBUG] [FluorateGL] glFramebufferTexture2D(target=0x8D40, attachment=0x8CE0, textarget=0x0DE1, texture=0, level=0)
[DEBUG] [FluorateGL] glBindBuffer(0x8892): desktop 34 -> GLES 34 (tid=13770)
[DEBUG] [FluorateGL] glBindBuffer(0x8892): desktop 37 -> GLES 37 (tid=13770)
[DEBUG] [FluorateGL] glBindBuffer(0x8A11): desktop 1 -> GLES 1 (tid=13770)
[DEBUG] [FluorateGL] glBindVertexBuffer(binding=0, buf=34, offset=0, stride=16) desktop 34 -> GLES 34 (tid=13770)
[DEBUG] [FluorateGL] glBindBuffer(0x8893): desktop 40 -> GLES 40 (tid=13770)
[DEBUG] [FluorateGL] glDrawElements(mode=0x0004, count=30, type=0x1403, indices=0x0) bound_vao=1 bound_buf=40 (tid=13770)
[DEBUG] [FluorateGL] glTexParameteri(target=0x0DE1, pname=0x813C, param=0)
[DEBUG] [FluorateGL] glTexParameteri(target=0x0DE1, pname=0x813D, param=0)
[DEBUG] [FluorateGL] glBindVertexBuffer(binding=0, buf=37, offset=0, stride=24) desktop 37 -> GLES 37 (tid=13770)
[DEBUG] [FluorateGL] glBindBuffer(0x8893): desktop 40 -> GLES 40 (tid=13770)
[DEBUG] [FluorateGL] glDrawElements(mode=0x0004, count=12, type=0x1403, indices=0x0) bound_vao=2 bound_buf=40 (tid=13770)
[DEBUG] [FluorateGL] glFramebufferTexture2D(target=0x8CA9, attachment=0x8CE0, textarget=0x0DE1, texture=8, level=0)
[DEBUG] [FluorateGL] glFramebufferTexture2D(target=0x8CA9, attachment=0x8D00, textarget=0x0DE1, texture=0, level=0)
[DEBUG] [FluorateGL] glBindBuffer(0x8A11): desktop 15 -> GLES 15 (tid=13770)
[DEBUG] [FluorateGL] glFramebufferTexture2D(target=0x8D40, attachment=0x8CE0, textarget=0x0DE1, texture=0, level=0)
[DEBUG] [FluorateGL] glFramebufferTexture2D(target=0x8D40, attachment=0x8D00, textarget=0x0DE1, texture=7, level=0)
[DEBUG] [FluorateGL] glFramebufferTexture2D(target=0x8D40, attachment=0x8D00, textarget=0x0DE1, texture=0, level=0)
[DEBUG] [FluorateGL] glFramebufferTexture2D(target=0x8D40, attachment=0x8CE0, textarget=0x0DE1, texture=8, level=0)
[DEBUG] [FluorateGL] glFramebufferTexture2D(target=0x8D40, attachment=0x8D00, textarget=0x0DE1, texture=0, level=0)
[DEBUG] [FluorateGL] glFramebufferTexture2D(target=0x8D40, attachment=0x8CE0, textarget=0x0DE1, texture=0, level=0)
[DEBUG] [FluorateGL] glBindBuffer(0x8892): desktop 35 -> GLES 35 (tid=13770)
[DEBUG] [FluorateGL] glBindBuffer(0x8892): desktop 38 -> GLES 38 (tid=13770)
[DEBUG] [FluorateGL] glBindBuffer(0x8A11): desktop 2 -> GLES 2 (tid=13770)
[DEBUG] [FluorateGL] glBindVertexBuffer(binding=0, buf=35, offset=0, stride=16) desktop 35 -> GLES 35 (tid=13770)
[DEBUG] [FluorateGL] glBindBuffer(0x8893): desktop 40 -> GLES 40 (tid=13770)
[DEBUG] [FluorateGL] glDrawElements(mode=0x0004, count=30, type=0x1403, indices=0x0) bound_vao=1 bound_buf=40 (tid=13770)
[DEBUG] [FluorateGL] glTexParameteri(target=0x0DE1, pname=0x813C, param=0)
[DEBUG] [FluorateGL] glTexParameteri(target=0x0DE1, pname=0x813D, param=0)
[DEBUG] [FluorateGL] glBindVertexBuffer(binding=0, buf=38, offset=0, stride=24) desktop 38 -> GLES 38 (tid=13770)
[DEBUG] [FluorateGL] glBindBuffer(0x8893): desktop 40 -> GLES 40 (tid=13770)
[DEBUG] [FluorateGL] glDrawElements(mode=0x0004, count=12, type=0x1403, indices=0x0) bound_vao=2 bound_buf=40 (tid=13770)
[DEBUG] [FluorateGL] glFramebufferTexture2D(target=0x8CA9, attachment=0x8CE0, textarget=0x0DE1, texture=8, level=0)
[DEBUG] [FluorateGL] glFramebufferTexture2D(target=0x8CA9, attachment=0x8D00, textarget=0x0DE1, texture=0, level=0)
[DEBUG] [FluorateGL] glBindBuffer(0x8A11): desktop 15 -> GLES 15 (tid=13770)
[DEBUG] [FluorateGL] glFramebufferTexture2D(target=0x8D40, attachment=0x8CE0, textarget=0x0DE1, texture=0, level=0)
[DEBUG] [FluorateGL] glFramebufferTexture2D(target=0x8D40, attachment=0x8D00, textarget=0x0DE1, texture=7, level=0)
[DEBUG] [FluorateGL] glFramebufferTexture2D(target=0x8D40, attachment=0x8D00, textarget=0x0DE1, texture=0, level=0)
[DEBUG] [FluorateGL] glFramebufferTexture2D(target=0x8D40, attachment=0x8CE0, textarget=0x0DE1, texture=8, level=0)
[DEBUG] [FluorateGL] glFramebufferTexture2D(target=0x8D40, attachment=0x8D00, textarget=0x0DE1, texture=0, level=0)
[DEBUG] [FluorateGL] glFramebufferTexture2D(target=0x8D40, attachment=0x8CE0, textarget=0x0DE1, texture=0, level=0)
[DEBUG] [FluorateGL] glBindBuffer(0x8892): desktop 36 -> GLES 36 (tid=13770)
[DEBUG] [FluorateGL] glBindBuffer(0x8892): desktop 39 -> GLES 39 (tid=13770)
[DEBUG] [FluorateGL] glBindBuffer(0x8A11): desktop 3 -> GLES 3 (tid=13770)
[DEBUG] [FluorateGL] glBindVertexBuffer(binding=0, buf=36, offset=0, stride=16) desktop 36 -> GLES 36 (tid=13770)
[DEBUG] [FluorateGL] glBindBuffer(0x8893): desktop 40 -> GLES 40 (tid=13770)
[DEBUG] [FluorateGL] glDrawElements(mode=0x0004, count=30, type=0x1403, indices=0x0) bound_vao=1 bound_buf=40 (tid=13770)
[DEBUG] [FluorateGL] glTexParameteri(target=0x0DE1, pname=0x813C, param=0)
[DEBUG] [FluorateGL] glTexParameteri(target=0x0DE1, pname=0x813D, param=0)
[DEBUG] [FluorateGL] glBindVertexBuffer(binding=0, buf=39, offset=0, stride=24) desktop 39 -> GLES 39 (tid=13770)
[DEBUG] [FluorateGL] glBindBuffer(0x8893): desktop 40 -> GLES 40 (tid=13770)
[DEBUG] [FluorateGL] glDrawElements(mode=0x0004, count=12, type=0x1403, indices=0x0) bound_vao=2 bound_buf=40 (tid=13770)
[DEBUG] [FluorateGL] glFramebufferTexture2D(target=0x8CA9, attachment=0x8CE0, textarget=0x0DE1, texture=8, level=0)
[DEBUG] [FluorateGL] glFramebufferTexture2D(target=0x8CA9, attachment=0x8D00, textarget=0x0DE1, texture=0, level=0)
[DEBUG] [FluorateGL] glBindBuffer(0x8A11): desktop 15 -> GLES 15 (tid=13770)
[DEBUG] [FluorateGL] glFramebufferTexture2D(target=0x8D40, attachment=0x8CE0, textarget=0x0DE1, texture=0, level=0)
[DEBUG] [FluorateGL] glFramebufferTexture2D(target=0x8D40, attachment=0x8D00, textarget=0x0DE1, texture=7, level=0)
[DEBUG] [FluorateGL] glFramebufferTexture2D(target=0x8D40, attachment=0x8D00, textarget=0x0DE1, texture=0, level=0)
[DEBUG] [FluorateGL] glFramebufferTexture2D(target=0x8D40, attachment=0x8CE0, textarget=0x0DE1, texture=8, level=0)
[DEBUG] [FluorateGL] glFramebufferTexture2D(target=0x8D40, attachment=0x8D00, textarget=0x0DE1, texture=0, level=0)
[DEBUG] [FluorateGL] glFramebufferTexture2D(target=0x8D40, attachment=0x8CE0, textarget=0x0DE1, texture=0, level=0)
[DEBUG] [FluorateGL] glBindBuffer(0x8892): desktop 34 -> GLES 34 (tid=13770)
[DEBUG] [FluorateGL] glBindBuffer(0x8892): desktop 37 -> GLES 37 (tid=13770)
[DEBUG] [FluorateGL] glBindBuffer(0x8A11): desktop 1 -> GLES 1 (tid=13770)
[DEBUG] [FluorateGL] glBindVertexBuffer(binding=0, buf=34, offset=0, stride=16) desktop 34 -> GLES 34 (tid=13770)
[DEBUG] [FluorateGL] glBindBuffer(0x8893): desktop 40 -> GLES 40 (tid=13770)
[DEBUG] [FluorateGL] glDrawElements(mode=0x0004, count=30, type=0x1403, indices=0x0) bound_vao=1 bound_buf=40 (tid=13770)
[DEBUG] [FluorateGL] glTexParameteri(target=0x0DE1, pname=0x813C, param=0)
[DEBUG] [FluorateGL] glTexParameteri(target=0x0DE1, pname=0x813D, param=0)
[DEBUG] [FluorateGL] glBindVertexBuffer(binding=0, buf=37, offset=0, stride=24) desktop 37 -> GLES 37 (tid=13770)
[DEBUG] [FluorateGL] glBindBuffer(0x8893): desktop 40 -> GLES 40 (tid=13770)
[DEBUG] [FluorateGL] glDrawElements(mode=0x0004, count=12, type=0x1403, indices=0x0) bound_vao=2 bound_buf=40 (tid=13770)
[DEBUG] [FluorateGL] glFramebufferTexture2D(target=0x8CA9, attachment=0x8CE0, textarget=0x0DE1, texture=8, level=0)
[DEBUG] [FluorateGL] glFramebufferTexture2D(target=0x8CA9, attachment=0x8D00, textarget=0x0DE1, texture=0, level=0)
[DEBUG] [FluorateGL] glBindBuffer(0x8A11): desktop 15 -> GLES 15 (tid=13770)
[DEBUG] [FluorateGL] glFramebufferTexture2D(target=0x8D40, attachment=0x8CE0, textarget=0x0DE1, texture=0, level=0)
[DEBUG] [FluorateGL] glFramebufferTexture2D(target=0x8D40, attachment=0x8D00, textarget=0x0DE1, texture=7, level=0)
[DEBUG] [FluorateGL] glFramebufferTexture2D(target=0x8D40, attachment=0x8D00, textarget=0x0DE1, texture=0, level=0)
[DEBUG] [FluorateGL] glFramebufferTexture2D(target=0x8D40, attachment=0x8CE0, textarget=0x0DE1, texture=8, level=0)
[DEBUG] [FluorateGL] glFramebufferTexture2D(target=0x8D40, attachment=0x8D00, textarget=0x0DE1, texture=0, level=0)
[DEBUG] [FluorateGL] glFramebufferTexture2D(target=0x8D40, attachment=0x8CE0, textarget=0x0DE1, texture=0, level=0)
[DEBUG] [FluorateGL] glBindBuffer(0x8892): desktop 35 -> GLES 35 (tid=13770)
[DEBUG] [FluorateGL] glBindBuffer(0x8892): desktop 38 -> GLES 38 (tid=13770)
[DEBUG] [FluorateGL] glBindBuffer(0x8A11): desktop 2 -> GLES 2 (tid=13770)
[DEBUG] [FluorateGL] glBindVertexBuffer(binding=0, buf=35, offset=0, stride=16) desktop 35 -> GLES 35 (tid=13770)
[DEBUG] [FluorateGL] glBindBuffer(0x8893): desktop 40 -> GLES 40 (tid=13770)
[DEBUG] [FluorateGL] glDrawElements(mode=0x0004, count=30, type=0x1403, indices=0x0) bound_vao=1 bound_buf=40 (tid=13770)
[DEBUG] [FluorateGL] glTexParameteri(target=0x0DE1, pname=0x813C, param=0)
[DEBUG] [FluorateGL] glTexParameteri(target=0x0DE1, pname=0x813D, param=0)
[DEBUG] [FluorateGL] glBindVertexBuffer(binding=0, buf=38, offset=0, stride=24) desktop 38 -> GLES 38 (tid=13770)
[DEBUG] [FluorateGL] glBindBuffer(0x8893): desktop 40 -> GLES 40 (tid=13770)
[DEBUG] [FluorateGL] glDrawElements(mode=0x0004, count=12, type=0x1403, indices=0x0) bound_vao=2 bound_buf=40 (tid=13770)
[DEBUG] [FluorateGL] glFramebufferTexture2D(target=0x8CA9, attachment=0x8CE0, textarget=0x0DE1, texture=8, level=0)
[DEBUG] [FluorateGL] glFramebufferTexture2D(target=0x8CA9, attachment=0x8D00, textarget=0x0DE1, texture=0, level=0)
[DEBUG] [FluorateGL] glBindBuffer(0x8A11): desktop 15 -> GLES 15 (tid=13770)
[DEBUG] [FluorateGL] glFramebufferTexture2D(target=0x8D40, attachment=0x8CE0, textarget=0x0DE1, texture=0, level=0)
[DEBUG] [FluorateGL] glFramebufferTexture2D(target=0x8D40, attachment=0x8D00, textarget=0x0DE1, texture=7, level=0)
[DEBUG] [FluorateGL] glFramebufferTexture2D(target=0x8D40, attachment=0x8D00, textarget=0x0DE1, texture=0, level=0)
[DEBUG] [FluorateGL] glFramebufferTexture2D(target=0x8D40, attachment=0x8CE0, textarget=0x0DE1, texture=8, level=0)
[DEBUG] [FluorateGL] glFramebufferTexture2D(target=0x8D40, attachment=0x8D00, textarget=0x0DE1, texture=0, level=0)
[DEBUG] [FluorateGL] glFramebufferTexture2D(target=0x8D40, attachment=0x8CE0, textarget=0x0DE1, texture=0, level=0)
[DEBUG] [FluorateGL] glBindBuffer(0x8892): desktop 36 -> GLES 36 (tid=13770)
[DEBUG] [FluorateGL] glBindBuffer(0x8892): desktop 39 -> GLES 39 (tid=13770)
[DEBUG] [FluorateGL] glBindBuffer(0x8A11): desktop 3 -> GLES 3 (tid=13770)
[DEBUG] [FluorateGL] glBindVertexBuffer(binding=0, buf=36, offset=0, stride=16) desktop 36 -> GLES 36 (tid=13770)
[DEBUG] [FluorateGL] glBindBuffer(0x8893): desktop 40 -> GLES 40 (tid=13770)
[DEBUG] [FluorateGL] glDrawElements(mode=0x0004, count=30, type=0x1403, indices=0x0) bound_vao=1 bound_buf=40 (tid=13770)
[DEBUG] [FluorateGL] glTexParameteri(target=0x0DE1, pname=0x813C, param=0)
[DEBUG] [FluorateGL] glTexParameteri(target=0x0DE1, pname=0x813D, param=0)
[DEBUG] [FluorateGL] glBindVertexBuffer(binding=0, buf=39, offset=0, stride=24) desktop 39 -> GLES 39 (tid=13770)
[DEBUG] [FluorateGL] glBindBuffer(0x8893): desktop 40 -> GLES 40 (tid=13770)
[DEBUG] [FluorateGL] glDrawElements(mode=0x0004, count=12, type=0x1403, indices=0x0) bound_vao=2 bound_buf=40 (tid=13770)
[DEBUG] [FluorateGL] glFramebufferTexture2D(target=0x8CA9, attachment=0x8CE0, textarget=0x0DE1, texture=8, level=0)
[DEBUG] [FluorateGL] glFramebufferTexture2D(target=0x8CA9, attachment=0x8D00, textarget=0x0DE1, texture=0, level=0)
[DEBUG] [FluorateGL] glBindBuffer(0x8A11): desktop 15 -> GLES 15 (tid=13770)
[DEBUG] [FluorateGL] glFramebufferTexture2D(target=0x8D40, attachment=0x8CE0, textarget=0x0DE1, texture=0, level=0)
[DEBUG] [FluorateGL] glFramebufferTexture2D(target=0x8D40, attachment=0x8D00, textarget=0x0DE1, texture=7, level=0)
[DEBUG] [FluorateGL] glFramebufferTexture2D(target=0x8D40, attachment=0x8D00, textarget=0x0DE1, texture=0, level=0)
[DEBUG] [FluorateGL] glFramebufferTexture2D(target=0x8D40, attachment=0x8CE0, textarget=0x0DE1, texture=8, level=0)
[DEBUG] [FluorateGL] glFramebufferTexture2D(target=0x8D40, attachment=0x8D00, textarget=0x0DE1, texture=0, level=0)
[DEBUG] [FluorateGL] glFramebufferTexture2D(target=0x8D40, attachment=0x8CE0, textarget=0x0DE1, texture=0, level=0)
[DEBUG] [FluorateGL] glBindBuffer(0x8892): desktop 34 -> GLES 34 (tid=13770)
[DEBUG] [FluorateGL] glBindBuffer(0x8892): desktop 37 -> GLES 37 (tid=13770)
[DEBUG] [FluorateGL] glBindBuffer(0x8A11): desktop 1 -> GLES 1 (tid=13770)
[DEBUG] [FluorateGL] glBindVertexBuffer(binding=0, buf=34, offset=0, stride=16) desktop 34 -> GLES 34 (tid=13770)
[DEBUG] [FluorateGL] glBindBuffer(0x8893): desktop 40 -> GLES 40 (tid=13770)
[DEBUG] [FluorateGL] glDrawElements(mode=0x0004, count=30, type=0x1403, indices=0x0) bound_vao=1 bound_buf=40 (tid=13770)
[DEBUG] [FluorateGL] glTexParameteri(target=0x0DE1, pname=0x813C, param=0)
[DEBUG] [FluorateGL] glTexParameteri(target=0x0DE1, pname=0x813D, param=0)
[DEBUG] [FluorateGL] glBindVertexBuffer(binding=0, buf=37, offset=0, stride=24) desktop 37 -> GLES 37 (tid=13770)
[DEBUG] [FluorateGL] glBindBuffer(0x8893): desktop 40 -> GLES 40 (tid=13770)
[DEBUG] [FluorateGL] glDrawElements(mode=0x0004, count=12, type=0x1403, indices=0x0) bound_vao=2 bound_buf=40 (tid=13770)
[DEBUG] [FluorateGL] glFramebufferTexture2D(target=0x8CA9, attachment=0x8CE0, textarget=0x0DE1, texture=8, level=0)
[DEBUG] [FluorateGL] glFramebufferTexture2D(target=0x8CA9, attachment=0x8D00, textarget=0x0DE1, texture=0, level=0)
[DEBUG] [FluorateGL] glBindBuffer(0x8A11): desktop 15 -> GLES 15 (tid=13770)
[DEBUG] [FluorateGL] glFramebufferTexture2D(target=0x8D40, attachment=0x8CE0, textarget=0x0DE1, texture=0, level=0)
[DEBUG] [FluorateGL] glFramebufferTexture2D(target=0x8D40, attachment=0x8D00, textarget=0x0DE1, texture=7, level=0)
[DEBUG] [FluorateGL] glFramebufferTexture2D(target=0x8D40, attachment=0x8D00, textarget=0x0DE1, texture=0, level=0)
[DEBUG] [FluorateGL] glFramebufferTexture2D(target=0x8D40, attachment=0x8CE0, textarget=0x0DE1, texture=8, level=0)
[DEBUG] [FluorateGL] glFramebufferTexture2D(target=0x8D40, attachment=0x8D00, textarget=0x0DE1, texture=0, level=0)
[DEBUG] [FluorateGL] glFramebufferTexture2D(target=0x8D40, attachment=0x8CE0, textarget=0x0DE1, texture=0, level=0)
[DEBUG] [FluorateGL] glBindBuffer(0x8892): desktop 35 -> GLES 35 (tid=13770)
[DEBUG] [FluorateGL] glBindBuffer(0x8892): desktop 38 -> GLES 38 (tid=13770)
[DEBUG] [FluorateGL] glBindBuffer(0x8A11): desktop 2 -> GLES 2 (tid=13770)
[DEBUG] [FluorateGL] glBindVertexBuffer(binding=0, buf=35, offset=0, stride=16) desktop 35 -> GLES 35 (tid=13770)
[DEBUG] [FluorateGL] glBindBuffer(0x8893): desktop 40 -> GLES 40 (tid=13770)
[DEBUG] [FluorateGL] glDrawElements(mode=0x0004, count=30, type=0x1403, indices=0x0) bound_vao=1 bound_buf=40 (tid=13770)
[DEBUG] [FluorateGL] glTexParameteri(target=0x0DE1, pname=0x813C, param=0)
[DEBUG] [FluorateGL] glTexParameteri(target=0x0DE1, pname=0x813D, param=0)
[DEBUG] [FluorateGL] glBindVertexBuffer(binding=0, buf=38, offset=0, stride=24) desktop 38 -> GLES 38 (tid=13770)
[DEBUG] [FluorateGL] glBindBuffer(0x8893): desktop 40 -> GLES 40 (tid=13770)
[DEBUG] [FluorateGL] glDrawElements(mode=0x0004, count=12, type=0x1403, indices=0x0) bound_vao=2 bound_buf=40 (tid=13770)
[DEBUG] [FluorateGL] glFramebufferTexture2D(target=0x8CA9, attachment=0x8CE0, textarget=0x0DE1, texture=8, level=0)
[DEBUG] [FluorateGL] glFramebufferTexture2D(target=0x8CA9, attachment=0x8D00, textarget=0x0DE1, texture=0, level=0)
[DEBUG] [FluorateGL] glBindBuffer(0x8A11): desktop 15 -> GLES 15 (tid=13770)
[DEBUG] [FluorateGL] glFramebufferTexture2D(target=0x8D40, attachment=0x8CE0, textarget=0x0DE1, texture=0, level=0)
[DEBUG] [FluorateGL] glFramebufferTexture2D(target=0x8D40, attachment=0x8D00, textarget=0x0DE1, texture=7, level=0)
[DEBUG] [FluorateGL] glFramebufferTexture2D(target=0x8D40, attachment=0x8D00, textarget=0x0DE1, texture=0, level=0)
[DEBUG] [FluorateGL] glFramebufferTexture2D(target=0x8D40, attachment=0x8CE0, textarget=0x0DE1, texture=8, level=0)
[DEBUG] [FluorateGL] glFramebufferTexture2D(target=0x8D40, attachment=0x8D00, textarget=0x0DE1, texture=0, level=0)
[DEBUG] [FluorateGL] glFramebufferTexture2D(target=0x8D40, attachment=0x8CE0, textarget=0x0DE1, texture=0, level=0)
[DEBUG] [FluorateGL] glBindBuffer(0x8892): desktop 36 -> GLES 36 (tid=13770)
[DEBUG] [FluorateGL] glBindBuffer(0x8892): desktop 39 -> GLES 39 (tid=13770)
[DEBUG] [FluorateGL] glBindBuffer(0x8A11): desktop 3 -> GLES 3 (tid=13770)
[DEBUG] [FluorateGL] glBindVertexBuffer(binding=0, buf=36, offset=0, stride=16) desktop 36 -> GLES 36 (tid=13770)
[DEBUG] [FluorateGL] glBindBuffer(0x8893): desktop 40 -> GLES 40 (tid=13770)
[DEBUG] [FluorateGL] glDrawElements(mode=0x0004, count=30, type=0x1403, indices=0x0) bound_vao=1 bound_buf=40 (tid=13770)
[DEBUG] [FluorateGL] glTexParameteri(target=0x0DE1, pname=0x813C, param=0)
[DEBUG] [FluorateGL] glTexParameteri(target=0x0DE1, pname=0x813D, param=0)
[DEBUG] [FluorateGL] glBindVertexBuffer(binding=0, buf=39, offset=0, stride=24) desktop 39 -> GLES 39 (tid=13770)
[DEBUG] [FluorateGL] glBindBuffer(0x8893): desktop 40 -> GLES 40 (tid=13770)
[DEBUG] [FluorateGL] glDrawElements(mode=0x0004, count=12, type=0x1403, indices=0x0) bound_vao=2 bound_buf=40 (tid=13770)
[DEBUG] [FluorateGL] glFramebufferTexture2D(target=0x8CA9, attachment=0x8CE0, textarget=0x0DE1, texture=8, level=0)
[DEBUG] [FluorateGL] glFramebufferTexture2D(target=0x8CA9, attachment=0x8D00, textarget=0x0DE1, texture=0, level=0)
[DEBUG] [FluorateGL] glBindBuffer(0x8A11): desktop 15 -> GLES 15 (tid=13770)
[DEBUG] [FluorateGL] glFramebufferTexture2D(target=0x8D40, attachment=0x8CE0, textarget=0x0DE1, texture=0, level=0)
[DEBUG] [FluorateGL] glFramebufferTexture2D(target=0x8D40, attachment=0x8D00, textarget=0x0DE1, texture=7, level=0)
[DEBUG] [FluorateGL] glFramebufferTexture2D(target=0x8D40, attachment=0x8D00, textarget=0x0DE1, texture=0, level=0)
[DEBUG] [FluorateGL] glFramebufferTexture2D(target=0x8D40, attachment=0x8CE0, textarget=0x0DE1, texture=8, level=0)
[DEBUG] [FluorateGL] glFramebufferTexture2D(target=0x8D40, attachment=0x8D00, textarget=0x0DE1, texture=0, level=0)
[DEBUG] [FluorateGL] glFramebufferTexture2D(target=0x8D40, attachment=0x8CE0, textarget=0x0DE1, texture=0, level=0)
[DEBUG] [FluorateGL] glBindBuffer(0x8892): desktop 34 -> GLES 34 (tid=13770)
[DEBUG] [FluorateGL] glBindBuffer(0x8892): desktop 37 -> GLES 37 (tid=13770)
[DEBUG] [FluorateGL] glBindBuffer(0x8A11): desktop 1 -> GLES 1 (tid=13770)
[DEBUG] [FluorateGL] glBindVertexBuffer(binding=0, buf=34, offset=0, stride=16) desktop 34 -> GLES 34 (tid=13770)
[DEBUG] [FluorateGL] glBindBuffer(0x8893): desktop 40 -> GLES 40 (tid=13770)
[DEBUG] [FluorateGL] glDrawElements(mode=0x0004, count=30, type=0x1403, indices=0x0) bound_vao=1 bound_buf=40 (tid=13770)
[DEBUG] [FluorateGL] glTexParameteri(target=0x0DE1, pname=0x813C, param=0)
[DEBUG] [FluorateGL] glTexParameteri(target=0x0DE1, pname=0x813D, param=0)
[DEBUG] [FluorateGL] glBindVertexBuffer(binding=0, buf=37, offset=0, stride=24) desktop 37 -> GLES 37 (tid=13770)
[DEBUG] [FluorateGL] glBindBuffer(0x8893): desktop 40 -> GLES 40 (tid=13770)
[DEBUG] [FluorateGL] glDrawElements(mode=0x0004, count=12, type=0x1403, indices=0x0) bound_vao=2 bound_buf=40 (tid=13770)
[DEBUG] [FluorateGL] glFramebufferTexture2D(target=0x8CA9, attachment=0x8CE0, textarget=0x0DE1, texture=8, level=0)
[DEBUG] [FluorateGL] glFramebufferTexture2D(target=0x8CA9, attachment=0x8D00, textarget=0x0DE1, texture=0, level=0)
[DEBUG] [FluorateGL] glBindBuffer(0x8A11): desktop 15 -> GLES 15 (tid=13770)
[DEBUG] [FluorateGL] glFramebufferTexture2D(target=0x8D40, attachment=0x8CE0, textarget=0x0DE1, texture=0, level=0)
[DEBUG] [FluorateGL] glFramebufferTexture2D(target=0x8D40, attachment=0x8D00, textarget=0x0DE1, texture=7, level=0)
[DEBUG] [FluorateGL] glFramebufferTexture2D(target=0x8D40, attachment=0x8D00, textarget=0x0DE1, texture=0, level=0)
[DEBUG] [FluorateGL] glFramebufferTexture2D(target=0x8D40, attachment=0x8CE0, textarget=0x0DE1, texture=8, level=0)
[DEBUG] [FluorateGL] glFramebufferTexture2D(target=0x8D40, attachment=0x8D00, textarget=0x0DE1, texture=0, level=0)
[DEBUG] [FluorateGL] glFramebufferTexture2D(target=0x8D40, attachment=0x8CE0, textarget=0x0DE1, texture=0, level=0)
[DEBUG] [FluorateGL] glBindBuffer(0x8892): desktop 35 -> GLES 35 (tid=13770)
[DEBUG] [FluorateGL] glBindBuffer(0x8892): desktop 38 -> GLES 38 (tid=13770)
[DEBUG] [FluorateGL] glBindBuffer(0x8A11): desktop 2 -> GLES 2 (tid=13770)
[DEBUG] [FluorateGL] glBindVertexBuffer(binding=0, buf=35, offset=0, stride=16) desktop 35 -> GLES 35 (tid=13770)
[DEBUG] [FluorateGL] glBindBuffer(0x8893): desktop 40 -> GLES 40 (tid=13770)
[DEBUG] [FluorateGL] glDrawElements(mode=0x0004, count=30, type=0x1403, indices=0x0) bound_vao=1 bound_buf=40 (tid=13770)
[DEBUG] [FluorateGL] glTexParameteri(target=0x0DE1, pname=0x813C, param=0)
[DEBUG] [FluorateGL] glTexParameteri(target=0x0DE1, pname=0x813D, param=0)
[DEBUG] [FluorateGL] glBindVertexBuffer(binding=0, buf=38, offset=0, stride=24) desktop 38 -> GLES 38 (tid=13770)
[DEBUG] [FluorateGL] glBindBuffer(0x8893): desktop 40 -> GLES 40 (tid=13770)
[DEBUG] [FluorateGL] glDrawElements(mode=0x0004, count=12, type=0x1403, indices=0x0) bound_vao=2 bound_buf=40 (tid=13770)
[DEBUG] [FluorateGL] glFramebufferTexture2D(target=0x8CA9, attachment=0x8CE0, textarget=0x0DE1, texture=8, level=0)
[DEBUG] [FluorateGL] glFramebufferTexture2D(target=0x8CA9, attachment=0x8D00, textarget=0x0DE1, texture=0, level=0)
[DEBUG] [FluorateGL] glBindBuffer(0x8A11): desktop 15 -> GLES 15 (tid=13770)
[DEBUG] [FluorateGL] glFramebufferTexture2D(target=0x8D40, attachment=0x8CE0, textarget=0x0DE1, texture=0, level=0)
[DEBUG] [FluorateGL] glFramebufferTexture2D(target=0x8D40, attachment=0x8D00, textarget=0x0DE1, texture=7, level=0)
[DEBUG] [FluorateGL] glFramebufferTexture2D(target=0x8D40, attachment=0x8D00, textarget=0x0DE1, texture=0, level=0)
[DEBUG] [FluorateGL] glFramebufferTexture2D(target=0x8D40, attachment=0x8CE0, textarget=0x0DE1, texture=8, level=0)
[DEBUG] [FluorateGL] glFramebufferTexture2D(target=0x8D40, attachment=0x8D00, textarget=0x0DE1, texture=0, level=0)
[DEBUG] [FluorateGL] glFramebufferTexture2D(target=0x8D40, attachment=0x8CE0, textarget=0x0DE1, texture=0, level=0)
[DEBUG] [FluorateGL] glBindBuffer(0x8892): desktop 36 -> GLES 36 (tid=13770)
[DEBUG] [FluorateGL] glBindBuffer(0x8892): desktop 39 -> GLES 39 (tid=13770)
[DEBUG] [FluorateGL] glBindBuffer(0x8A11): desktop 3 -> GLES 3 (tid=13770)
[DEBUG] [FluorateGL] glBindVertexBuffer(binding=0, buf=36, offset=0, stride=16) desktop 36 -> GLES 36 (tid=13770)
[DEBUG] [FluorateGL] glBindBuffer(0x8893): desktop 40 -> GLES 40 (tid=13770)
[DEBUG] [FluorateGL] glDrawElements(mode=0x0004, count=30, type=0x1403, indices=0x0) bound_vao=1 bound_buf=40 (tid=13770)
[DEBUG] [FluorateGL] glTexParameteri(target=0x0DE1, pname=0x813C, param=0)
[DEBUG] [FluorateGL] glTexParameteri(target=0x0DE1, pname=0x813D, param=0)
[DEBUG] [FluorateGL] glBindVertexBuffer(binding=0, buf=39, offset=0, stride=24) desktop 39 -> GLES 39 (tid=13770)
[DEBUG] [FluorateGL] glBindBuffer(0x8893): desktop 40 -> GLES 40 (tid=13770)
[DEBUG] [FluorateGL] glDrawElements(mode=0x0004, count=12, type=0x1403, indices=0x0) bound_vao=2 bound_buf=40 (tid=13770)
[DEBUG] [FluorateGL] glFramebufferTexture2D(target=0x8CA9, attachment=0x8CE0, textarget=0x0DE1, texture=8, level=0)
[DEBUG] [FluorateGL] glFramebufferTexture2D(target=0x8CA9, attachment=0x8D00, textarget=0x0DE1, texture=0, level=0)
[DEBUG] [FluorateGL] glBindBuffer(0x8A11): desktop 15 -> GLES 15 (tid=13770)
[DEBUG] [FluorateGL] glFramebufferTexture2D(target=0x8D40, attachment=0x8CE0, textarget=0x0DE1, texture=0, level=0)
[DEBUG] [FluorateGL] glFramebufferTexture2D(target=0x8D40, attachment=0x8D00, textarget=0x0DE1, texture=7, level=0)
[DEBUG] [FluorateGL] glFramebufferTexture2D(target=0x8D40, attachment=0x8D00, textarget=0x0DE1, texture=0, level=0)
[DEBUG] [FluorateGL] glFramebufferTexture2D(target=0x8D40, attachment=0x8CE0, textarget=0x0DE1, texture=8, level=0)
[DEBUG] [FluorateGL] glFramebufferTexture2D(target=0x8D40, attachment=0x8D00, textarget=0x0DE1, texture=0, level=0)
[DEBUG] [FluorateGL] glFramebufferTexture2D(target=0x8D40, attachment=0x8CE0, textarget=0x0DE1, texture=0, level=0)
[DEBUG] [FluorateGL] glBindBuffer(0x8892): desktop 34 -> GLES 34 (tid=13770)
[DEBUG] [FluorateGL] glBindBuffer(0x8892): desktop 37 -> GLES 37 (tid=13770)
[DEBUG] [FluorateGL] glBindBuffer(0x8A11): desktop 1 -> GLES 1 (tid=13770)
[DEBUG] [FluorateGL] glBindVertexBuffer(binding=0, buf=34, offset=0, stride=16) desktop 34 -> GLES 34 (tid=13770)
[DEBUG] [FluorateGL] glBindBuffer(0x8893): desktop 40 -> GLES 40 (tid=13770)
[DEBUG] [FluorateGL] glDrawElements(mode=0x0004, count=30, type=0x1403, indices=0x0) bound_vao=1 bound_buf=40 (tid=13770)
[DEBUG] [FluorateGL] glTexParameteri(target=0x0DE1, pname=0x813C, param=0)
[DEBUG] [FluorateGL] glTexParameteri(target=0x0DE1, pname=0x813D, param=0)
[DEBUG] [FluorateGL] glBindVertexBuffer(binding=0, buf=37, offset=0, stride=24) desktop 37 -> GLES 37 (tid=13770)
[DEBUG] [FluorateGL] glBindBuffer(0x8893): desktop 40 -> GLES 40 (tid=13770)
[DEBUG] [FluorateGL] glDrawElements(mode=0x0004, count=12, type=0x1403, indices=0x0) bound_vao=2 bound_buf=40 (tid=13770)
[DEBUG] [FluorateGL] glFramebufferTexture2D(target=0x8CA9, attachment=0x8CE0, textarget=0x0DE1, texture=8, level=0)
[DEBUG] [FluorateGL] glFramebufferTexture2D(target=0x8CA9, attachment=0x8D00, textarget=0x0DE1, texture=0, level=0)
[DEBUG] [FluorateGL] glBindBuffer(0x8A11): desktop 15 -> GLES 15 (tid=13770)
[DEBUG] [FluorateGL] glFramebufferTexture2D(target=0x8D40, attachment=0x8CE0, textarget=0x0DE1, texture=0, level=0)
[DEBUG] [FluorateGL] glFramebufferTexture2D(target=0x8D40, attachment=0x8D00, textarget=0x0DE1, texture=7, level=0)
[DEBUG] [FluorateGL] glFramebufferTexture2D(target=0x8D40, attachment=0x8D00, textarget=0x0DE1, texture=0, level=0)
[DEBUG] [FluorateGL] glFramebufferTexture2D(target=0x8D40, attachment=0x8CE0, textarget=0x0DE1, texture=8, level=0)
[DEBUG] [FluorateGL] glFramebufferTexture2D(target=0x8D40, attachment=0x8D00, textarget=0x0DE1, texture=0, level=0)
[DEBUG] [FluorateGL] glFramebufferTexture2D(target=0x8D40, attachment=0x8CE0, textarget=0x0DE1, texture=0, level=0)
[DEBUG] [FluorateGL] glBindBuffer(0x8892): desktop 35 -> GLES 35 (tid=13770)
[DEBUG] [FluorateGL] glBindBuffer(0x8892): desktop 38 -> GLES 38 (tid=13770)
[DEBUG] [FluorateGL] glBindBuffer(0x8A11): desktop 2 -> GLES 2 (tid=13770)
[DEBUG] [FluorateGL] glBindVertexBuffer(binding=0, buf=35, offset=0, stride=16) desktop 35 -> GLES 35 (tid=13770)
[DEBUG] [FluorateGL] glBindBuffer(0x8893): desktop 40 -> GLES 40 (tid=13770)
[DEBUG] [FluorateGL] glDrawElements(mode=0x0004, count=30, type=0x1403, indices=0x0) bound_vao=1 bound_buf=40 (tid=13770)
[DEBUG] [FluorateGL] glTexParameteri(target=0x0DE1, pname=0x813C, param=0)
[DEBUG] [FluorateGL] glTexParameteri(target=0x0DE1, pname=0x813D, param=0)
[DEBUG] [FluorateGL] glBindVertexBuffer(binding=0, buf=38, offset=0, stride=24) desktop 38 -> GLES 38 (tid=13770)
[DEBUG] [FluorateGL] glBindBuffer(0x8893): desktop 40 -> GLES 40 (tid=13770)
[DEBUG] [FluorateGL] glDrawElements(mode=0x0004, count=12, type=0x1403, indices=0x0) bound_vao=2 bound_buf=40 (tid=13770)
[DEBUG] [FluorateGL] glFramebufferTexture2D(target=0x8CA9, attachment=0x8CE0, textarget=0x0DE1, texture=8, level=0)
[DEBUG] [FluorateGL] glFramebufferTexture2D(target=0x8CA9, attachment=0x8D00, textarget=0x0DE1, texture=0, level=0)
[DEBUG] [FluorateGL] glBindBuffer(0x8A11): desktop 15 -> GLES 15 (tid=13770)
[DEBUG] [FluorateGL] glFramebufferTexture2D(target=0x8D40, attachment=0x8CE0, textarget=0x0DE1, texture=0, level=0)
[DEBUG] [FluorateGL] glFramebufferTexture2D(target=0x8D40, attachment=0x8D00, textarget=0x0DE1, texture=7, level=0)
[DEBUG] [FluorateGL] glFramebufferTexture2D(target=0x8D40, attachment=0x8D00, textarget=0x0DE1, texture=0, level=0)
[DEBUG] [FluorateGL] glFramebufferTexture2D(target=0x8D40, attachment=0x8CE0, textarget=0x0DE1, texture=8, level=0)
[DEBUG] [FluorateGL] glFramebufferTexture2D(target=0x8D40, attachment=0x8D00, textarget=0x0DE1, texture=0, level=0)
[DEBUG] [FluorateGL] glFramebufferTexture2D(target=0x8D40, attachment=0x8CE0, textarget=0x0DE1, texture=0, level=0)
[DEBUG] [FluorateGL] glBindBuffer(0x8892): desktop 36 -> GLES 36 (tid=13770)
[DEBUG] [FluorateGL] glBindBuffer(0x8892): desktop 39 -> GLES 39 (tid=13770)
[DEBUG] [FluorateGL] glBindBuffer(0x8A11): desktop 3 -> GLES 3 (tid=13770)
[DEBUG] [FluorateGL] glBindVertexBuffer(binding=0, buf=36, offset=0, stride=16) desktop 36 -> GLES 36 (tid=13770)
[DEBUG] [FluorateGL] glBindBuffer(0x8893): desktop 40 -> GLES 40 (tid=13770)
[DEBUG] [FluorateGL] glDrawElements(mode=0x0004, count=30, type=0x1403, indices=0x0) bound_vao=1 bound_buf=40 (tid=13770)
[DEBUG] [FluorateGL] glTexParameteri(target=0x0DE1, pname=0x813C, param=0)
[DEBUG] [FluorateGL] glTexParameteri(target=0x0DE1, pname=0x813D, param=0)
[DEBUG] [FluorateGL] glBindVertexBuffer(binding=0, buf=39, offset=0, stride=24) desktop 39 -> GLES 39 (tid=13770)
[DEBUG] [FluorateGL] glBindBuffer(0x8893): desktop 40 -> GLES 40 (tid=13770)
[DEBUG] [FluorateGL] glDrawElements(mode=0x0004, count=12, type=0x1403, indices=0x0) bound_vao=2 bound_buf=40 (tid=13770)
[DEBUG] [FluorateGL] glFramebufferTexture2D(target=0x8CA9, attachment=0x8CE0, textarget=0x0DE1, texture=8, level=0)
[DEBUG] [FluorateGL] glFramebufferTexture2D(target=0x8CA9, attachment=0x8D00, textarget=0x0DE1, texture=0, level=0)
[DEBUG] [FluorateGL] glBindBuffer(0x8A11): desktop 15 -> GLES 15 (tid=13770)
[DEBUG] [FluorateGL] glFramebufferTexture2D(target=0x8D40, attachment=0x8CE0, textarget=0x0DE1, texture=0, level=0)
[DEBUG] [FluorateGL] glFramebufferTexture2D(target=0x8D40, attachment=0x8D00, textarget=0x0DE1, texture=7, level=0)
[DEBUG] [FluorateGL] glFramebufferTexture2D(target=0x8D40, attachment=0x8D00, textarget=0x0DE1, texture=0, level=0)
[DEBUG] [FluorateGL] glFramebufferTexture2D(target=0x8D40, attachment=0x8CE0, textarget=0x0DE1, texture=8, level=0)
[DEBUG] [FluorateGL] glFramebufferTexture2D(target=0x8D40, attachment=0x8D00, textarget=0x0DE1, texture=0, level=0)
[DEBUG] [FluorateGL] glFramebufferTexture2D(target=0x8D40, attachment=0x8CE0, textarget=0x0DE1, texture=0, level=0)
[DEBUG] [FluorateGL] glBindBuffer(0x8892): desktop 34 -> GLES 34 (tid=13770)
[DEBUG] [FluorateGL] glBindBuffer(0x8892): desktop 37 -> GLES 37 (tid=13770)
[DEBUG] [FluorateGL] glBindBuffer(0x8A11): desktop 1 -> GLES 1 (tid=13770)
[DEBUG] [FluorateGL] glBindVertexBuffer(binding=0, buf=34, offset=0, stride=16) desktop 34 -> GLES 34 (tid=13770)
[DEBUG] [FluorateGL] glBindBuffer(0x8893): desktop 40 -> GLES 40 (tid=13770)
[DEBUG] [FluorateGL] glDrawElements(mode=0x0004, count=30, type=0x1403, indices=0x0) bound_vao=1 bound_buf=40 (tid=13770)
[DEBUG] [FluorateGL] glTexParameteri(target=0x0DE1, pname=0x813C, param=0)
[DEBUG] [FluorateGL] glTexParameteri(target=0x0DE1, pname=0x813D, param=0)
[DEBUG] [FluorateGL] glBindVertexBuffer(binding=0, buf=37, offset=0, stride=24) desktop 37 -> GLES 37 (tid=13770)
[DEBUG] [FluorateGL] glBindBuffer(0x8893): desktop 40 -> GLES 40 (tid=13770)
[DEBUG] [FluorateGL] glDrawElements(mode=0x0004, count=12, type=0x1403, indices=0x0) bound_vao=2 bound_buf=40 (tid=13770)
[DEBUG] [FluorateGL] glFramebufferTexture2D(target=0x8CA9, attachment=0x8CE0, textarget=0x0DE1, texture=8, level=0)
[DEBUG] [FluorateGL] glFramebufferTexture2D(target=0x8CA9, attachment=0x8D00, textarget=0x0DE1, texture=0, level=0)
[DEBUG] [FluorateGL] glBindBuffer(0x8A11): desktop 15 -> GLES 15 (tid=13770)
[DEBUG] [FluorateGL] glFramebufferTexture2D(target=0x8D40, attachment=0x8CE0, textarget=0x0DE1, texture=0, level=0)
[DEBUG] [FluorateGL] glFramebufferTexture2D(target=0x8D40, attachment=0x8D00, textarget=0x0DE1, texture=7, level=0)
[DEBUG] [FluorateGL] glFramebufferTexture2D(target=0x8D40, attachment=0x8D00, textarget=0x0DE1, texture=0, level=0)
[DEBUG] [FluorateGL] glFramebufferTexture2D(target=0x8D40, attachment=0x8CE0, textarget=0x0DE1, texture=8, level=0)
[DEBUG] [FluorateGL] glFramebufferTexture2D(target=0x8D40, attachment=0x8D00, textarget=0x0DE1, texture=0, level=0)
[DEBUG] [FluorateGL] glFramebufferTexture2D(target=0x8D40, attachment=0x8CE0, textarget=0x0DE1, texture=0, level=0)
[DEBUG] [FluorateGL] glBindBuffer(0x8892): desktop 35 -> GLES 35 (tid=13770)
[DEBUG] [FluorateGL] glBindBuffer(0x8892): desktop 38 -> GLES 38 (tid=13770)
[DEBUG] [FluorateGL] glBindBuffer(0x8A11): desktop 2 -> GLES 2 (tid=13770)
[DEBUG] [FluorateGL] glBindVertexBuffer(binding=0, buf=35, offset=0, stride=16) desktop 35 -> GLES 35 (tid=13770)
[DEBUG] [FluorateGL] glBindBuffer(0x8893): desktop 40 -> GLES 40 (tid=13770)
[DEBUG] [FluorateGL] glDrawElements(mode=0x0004, count=30, type=0x1403, indices=0x0) bound_vao=1 bound_buf=40 (tid=13770)
[DEBUG] [FluorateGL] glTexParameteri(target=0x0DE1, pname=0x813C, param=0)
[DEBUG] [FluorateGL] glTexParameteri(target=0x0DE1, pname=0x813D, param=0)
[DEBUG] [FluorateGL] glBindVertexBuffer(binding=0, buf=38, offset=0, stride=24) desktop 38 -> GLES 38 (tid=13770)
[DEBUG] [FluorateGL] glBindBuffer(0x8893): desktop 40 -> GLES 40 (tid=13770)
[DEBUG] [FluorateGL] glDrawElements(mode=0x0004, count=12, type=0x1403, indices=0x0) bound_vao=2 bound_buf=40 (tid=13770)
[DEBUG] [FluorateGL] glFramebufferTexture2D(target=0x8CA9, attachment=0x8CE0, textarget=0x0DE1, texture=8, level=0)
[DEBUG] [FluorateGL] glFramebufferTexture2D(target=0x8CA9, attachment=0x8D00, textarget=0x0DE1, texture=0, level=0)
[DEBUG] [FluorateGL] glBindBuffer(0x8A11): desktop 15 -> GLES 15 (tid=13770)
[DEBUG] [FluorateGL] glFramebufferTexture2D(target=0x8D40, attachment=0x8CE0, textarget=0x0DE1, texture=0, level=0)
[DEBUG] [FluorateGL] glFramebufferTexture2D(target=0x8D40, attachment=0x8D00, textarget=0x0DE1, texture=7, level=0)
[DEBUG] [FluorateGL] glFramebufferTexture2D(target=0x8D40, attachment=0x8D00, textarget=0x0DE1, texture=0, level=0)
[DEBUG] [FluorateGL] glFramebufferTexture2D(target=0x8D40, attachment=0x8CE0, textarget=0x0DE1, texture=8, level=0)
[DEBUG] [FluorateGL] glFramebufferTexture2D(target=0x8D40, attachment=0x8D00, textarget=0x0DE1, texture=0, level=0)
[DEBUG] [FluorateGL] glFramebufferTexture2D(target=0x8D40, attachment=0x8CE0, textarget=0x0DE1, texture=0, level=0)
[DEBUG] [FluorateGL] glBindBuffer(0x8892): desktop 36 -> GLES 36 (tid=13770)
[DEBUG] [FluorateGL] glBindBuffer(0x8892): desktop 39 -> GLES 39 (tid=13770)
[DEBUG] [FluorateGL] glBindBuffer(0x8A11): desktop 3 -> GLES 3 (tid=13770)
[DEBUG] [FluorateGL] glBindVertexBuffer(binding=0, buf=36, offset=0, stride=16) desktop 36 -> GLES 36 (tid=13770)
[DEBUG] [FluorateGL] glBindBuffer(0x8893): desktop 40 -> GLES 40 (tid=13770)
[DEBUG] [FluorateGL] glDrawElements(mode=0x0004, count=30, type=0x1403, indices=0x0) bound_vao=1 bound_buf=40 (tid=13770)
[DEBUG] [FluorateGL] glTexParameteri(target=0x0DE1, pname=0x813C, param=0)
[DEBUG] [FluorateGL] glTexParameteri(target=0x0DE1, pname=0x813D, param=0)
[DEBUG] [FluorateGL] glBindVertexBuffer(binding=0, buf=39, offset=0, stride=24) desktop 39 -> GLES 39 (tid=13770)
[DEBUG] [FluorateGL] glBindBuffer(0x8893): desktop 40 -> GLES 40 (tid=13770)
[DEBUG] [FluorateGL] glDrawElements(mode=0x0004, count=12, type=0x1403, indices=0x0) bound_vao=2 bound_buf=40 (tid=13770)
[DEBUG] [FluorateGL] glFramebufferTexture2D(target=0x8CA9, attachment=0x8CE0, textarget=0x0DE1, texture=8, level=0)
[DEBUG] [FluorateGL] glFramebufferTexture2D(target=0x8CA9, attachment=0x8D00, textarget=0x0DE1, texture=0, level=0)
[DEBUG] [FluorateGL] glBindBuffer(0x8A11): desktop 15 -> GLES 15 (tid=13770)
[DEBUG] [FluorateGL] glFramebufferTexture2D(target=0x8D40, attachment=0x8CE0, textarget=0x0DE1, texture=0, level=0)
[DEBUG] [FluorateGL] glFramebufferTexture2D(target=0x8D40, attachment=0x8D00, textarget=0x0DE1, texture=7, level=0)
[DEBUG] [FluorateGL] glFramebufferTexture2D(target=0x8D40, attachment=0x8D00, textarget=0x0DE1, texture=0, level=0)
[DEBUG] [FluorateGL] glFramebufferTexture2D(target=0x8D40, attachment=0x8CE0, textarget=0x0DE1, texture=8, level=0)
[DEBUG] [FluorateGL] glFramebufferTexture2D(target=0x8D40, attachment=0x8D00, textarget=0x0DE1, texture=0, level=0)
[DEBUG] [FluorateGL] glFramebufferTexture2D(target=0x8D40, attachment=0x8CE0, textarget=0x0DE1, texture=0, level=0)
[DEBUG] [FluorateGL] glBindBuffer(0x8892): desktop 34 -> GLES 34 (tid=13770)
[DEBUG] [FluorateGL] glBindBuffer(0x8892): desktop 37 -> GLES 37 (tid=13770)
[DEBUG] [FluorateGL] glBindBuffer(0x8A11): desktop 1 -> GLES 1 (tid=13770)
[DEBUG] [FluorateGL] glBindVertexBuffer(binding=0, buf=34, offset=0, stride=16) desktop 34 -> GLES 34 (tid=13770)
[DEBUG] [FluorateGL] glBindBuffer(0x8893): desktop 40 -> GLES 40 (tid=13770)
[DEBUG] [FluorateGL] glDrawElements(mode=0x0004, count=30, type=0x1403, indices=0x0) bound_vao=1 bound_buf=40 (tid=13770)
[DEBUG] [FluorateGL] glTexParameteri(target=0x0DE1, pname=0x813C, param=0)
[DEBUG] [FluorateGL] glTexParameteri(target=0x0DE1, pname=0x813D, param=0)
[DEBUG] [FluorateGL] glBindVertexBuffer(binding=0, buf=37, offset=0, stride=24) desktop 37 -> GLES 37 (tid=13770)
[DEBUG] [FluorateGL] glBindBuffer(0x8893): desktop 40 -> GLES 40 (tid=13770)
[DEBUG] [FluorateGL] glDrawElements(mode=0x0004, count=12, type=0x1403, indices=0x0) bound_vao=2 bound_buf=40 (tid=13770)
[DEBUG] [FluorateGL] glFramebufferTexture2D(target=0x8CA9, attachment=0x8CE0, textarget=0x0DE1, texture=8, level=0)
[DEBUG] [FluorateGL] glFramebufferTexture2D(target=0x8CA9, attachment=0x8D00, textarget=0x0DE1, texture=0, level=0)
[14:21:18] [Worker-Main-7/INFO]: Found unifont_jp_patch-17.0.01.hex, loading
[DEBUG] [FluorateGL] glBindBuffer(0x8A11): desktop 15 -> GLES 15 (tid=13770)
[DEBUG] [FluorateGL] glFramebufferTexture2D(target=0x8D40, attachment=0x8CE0, textarget=0x0DE1, texture=0, level=0)
[DEBUG] [FluorateGL] glFramebufferTexture2D(target=0x8D40, attachment=0x8D00, textarget=0x0DE1, texture=7, level=0)
[DEBUG] [FluorateGL] glFramebufferTexture2D(target=0x8D40, attachment=0x8D00, textarget=0x0DE1, texture=0, level=0)
[DEBUG] [FluorateGL] glFramebufferTexture2D(target=0x8D40, attachment=0x8CE0, textarget=0x0DE1, texture=8, level=0)
[DEBUG] [FluorateGL] glFramebufferTexture2D(target=0x8D40, attachment=0x8D00, textarget=0x0DE1, texture=0, level=0)
[DEBUG] [FluorateGL] glFramebufferTexture2D(target=0x8D40, attachment=0x8CE0, textarget=0x0DE1, texture=0, level=0)
[DEBUG] [FluorateGL] glBindBuffer(0x8892): desktop 35 -> GLES 35 (tid=13770)
[DEBUG] [FluorateGL] glBindBuffer(0x8892): desktop 38 -> GLES 38 (tid=13770)
[DEBUG] [FluorateGL] glBindBuffer(0x8A11): desktop 2 -> GLES 2 (tid=13770)
[DEBUG] [FluorateGL] glBindVertexBuffer(binding=0, buf=35, offset=0, stride=16) desktop 35 -> GLES 35 (tid=13770)
[DEBUG] [FluorateGL] glBindBuffer(0x8893): desktop 40 -> GLES 40 (tid=13770)
[DEBUG] [FluorateGL] glDrawElements(mode=0x0004, count=30, type=0x1403, indices=0x0) bound_vao=1 bound_buf=40 (tid=13770)
[DEBUG] [FluorateGL] glTexParameteri(target=0x0DE1, pname=0x813C, param=0)
[DEBUG] [FluorateGL] glTexParameteri(target=0x0DE1, pname=0x813D, param=0)
[DEBUG] [FluorateGL] glBindVertexBuffer(binding=0, buf=38, offset=0, stride=24) desktop 38 -> GLES 38 (tid=13770)
[DEBUG] [FluorateGL] glBindBuffer(0x8893): desktop 40 -> GLES 40 (tid=13770)
[DEBUG] [FluorateGL] glDrawElements(mode=0x0004, count=12, type=0x1403, indices=0x0) bound_vao=2 bound_buf=40 (tid=13770)
[DEBUG] [FluorateGL] glFramebufferTexture2D(target=0x8CA9, attachment=0x8CE0, textarget=0x0DE1, texture=8, level=0)
[DEBUG] [FluorateGL] glFramebufferTexture2D(target=0x8CA9, attachment=0x8D00, textarget=0x0DE1, texture=0, level=0)
[DEBUG] [FluorateGL] glBindBuffer(0x8A11): desktop 15 -> GLES 15 (tid=13770)
[DEBUG] [FluorateGL] glFramebufferTexture2D(target=0x8D40, attachment=0x8CE0, textarget=0x0DE1, texture=0, level=0)
[DEBUG] [FluorateGL] glFramebufferTexture2D(target=0x8D40, attachment=0x8D00, textarget=0x0DE1, texture=7, level=0)
[DEBUG] [FluorateGL] glFramebufferTexture2D(target=0x8D40, attachment=0x8D00, textarget=0x0DE1, texture=0, level=0)
[DEBUG] [FluorateGL] glFramebufferTexture2D(target=0x8D40, attachment=0x8CE0, textarget=0x0DE1, texture=8, level=0)
[DEBUG] [FluorateGL] glFramebufferTexture2D(target=0x8D40, attachment=0x8D00, textarget=0x0DE1, texture=0, level=0)
[DEBUG] [FluorateGL] glFramebufferTexture2D(target=0x8D40, attachment=0x8CE0, textarget=0x0DE1, texture=0, level=0)
[DEBUG] [FluorateGL] glBindBuffer(0x8892): desktop 36 -> GLES 36 (tid=13770)
[DEBUG] [FluorateGL] glBindBuffer(0x8892): desktop 39 -> GLES 39 (tid=13770)
[DEBUG] [FluorateGL] glBindBuffer(0x8A11): desktop 3 -> GLES 3 (tid=13770)
[DEBUG] [FluorateGL] glBindVertexBuffer(binding=0, buf=36, offset=0, stride=16) desktop 36 -> GLES 36 (tid=13770)
[DEBUG] [FluorateGL] glBindBuffer(0x8893): desktop 40 -> GLES 40 (tid=13770)
[DEBUG] [FluorateGL] glDrawElements(mode=0x0004, count=30, type=0x1403, indices=0x0) bound_vao=1 bound_buf=40 (tid=13770)
[DEBUG] [FluorateGL] glTexParameteri(target=0x0DE1, pname=0x813C, param=0)
[DEBUG] [FluorateGL] glTexParameteri(target=0x0DE1, pname=0x813D, param=0)
[DEBUG] [FluorateGL] glBindVertexBuffer(binding=0, buf=39, offset=0, stride=24) desktop 39 -> GLES 39 (tid=13770)
[DEBUG] [FluorateGL] glBindBuffer(0x8893): desktop 40 -> GLES 40 (tid=13770)
[DEBUG] [FluorateGL] glDrawElements(mode=0x0004, count=12, type=0x1403, indices=0x0) bound_vao=2 bound_buf=40 (tid=13770)
[DEBUG] [FluorateGL] glFramebufferTexture2D(target=0x8CA9, attachment=0x8CE0, textarget=0x0DE1, texture=8, level=0)
[DEBUG] [FluorateGL] glFramebufferTexture2D(target=0x8CA9, attachment=0x8D00, textarget=0x0DE1, texture=0, level=0)
[DEBUG] [FluorateGL] glBindBuffer(0x8A11): desktop 15 -> GLES 15 (tid=13770)
[DEBUG] [FluorateGL] glFramebufferTexture2D(target=0x8D40, attachment=0x8CE0, textarget=0x0DE1, texture=0, level=0)
[DEBUG] [FluorateGL] glFramebufferTexture2D(target=0x8D40, attachment=0x8D00, textarget=0x0DE1, texture=7, level=0)
[DEBUG] [FluorateGL] glFramebufferTexture2D(target=0x8D40, attachment=0x8D00, textarget=0x0DE1, texture=0, level=0)
[DEBUG] [FluorateGL] glFramebufferTexture2D(target=0x8D40, attachment=0x8CE0, textarget=0x0DE1, texture=8, level=0)
[DEBUG] [FluorateGL] glFramebufferTexture2D(target=0x8D40, attachment=0x8D00, textarget=0x0DE1, texture=0, level=0)
[DEBUG] [FluorateGL] glFramebufferTexture2D(target=0x8D40, attachment=0x8CE0, textarget=0x0DE1, texture=0, level=0)
[DEBUG] [FluorateGL] glBindBuffer(0x8892): desktop 34 -> GLES 34 (tid=13770)
[DEBUG] [FluorateGL] glBindBuffer(0x8892): desktop 37 -> GLES 37 (tid=13770)
[DEBUG] [FluorateGL] glBindBuffer(0x8A11): desktop 1 -> GLES 1 (tid=13770)
[DEBUG] [FluorateGL] glBindVertexBuffer(binding=0, buf=34, offset=0, stride=16) desktop 34 -> GLES 34 (tid=13770)
[DEBUG] [FluorateGL] glBindBuffer(0x8893): desktop 40 -> GLES 40 (tid=13770)
[DEBUG] [FluorateGL] glDrawElements(mode=0x0004, count=30, type=0x1403, indices=0x0) bound_vao=1 bound_buf=40 (tid=13770)
[DEBUG] [FluorateGL] glTexParameteri(target=0x0DE1, pname=0x813C, param=0)
[DEBUG] [FluorateGL] glTexParameteri(target=0x0DE1, pname=0x813D, param=0)
[DEBUG] [FluorateGL] glBindVertexBuffer(binding=0, buf=37, offset=0, stride=24) desktop 37 -> GLES 37 (tid=13770)
[DEBUG] [FluorateGL] glBindBuffer(0x8893): desktop 40 -> GLES 40 (tid=13770)
[DEBUG] [FluorateGL] glDrawElements(mode=0x0004, count=12, type=0x1403, indices=0x0) bound_vao=2 bound_buf=40 (tid=13770)
[DEBUG] [FluorateGL] glFramebufferTexture2D(target=0x8CA9, attachment=0x8CE0, textarget=0x0DE1, texture=8, level=0)
[DEBUG] [FluorateGL] glFramebufferTexture2D(target=0x8CA9, attachment=0x8D00, textarget=0x0DE1, texture=0, level=0)
[DEBUG] [FluorateGL] glBindBuffer(0x8A11): desktop 15 -> GLES 15 (tid=13770)
[DEBUG] [FluorateGL] glFramebufferTexture2D(target=0x8D40, attachment=0x8CE0, textarget=0x0DE1, texture=0, level=0)
[DEBUG] [FluorateGL] glFramebufferTexture2D(target=0x8D40, attachment=0x8D00, textarget=0x0DE1, texture=7, level=0)
[DEBUG] [FluorateGL] glFramebufferTexture2D(target=0x8D40, attachment=0x8D00, textarget=0x0DE1, texture=0, level=0)
[DEBUG] [FluorateGL] glFramebufferTexture2D(target=0x8D40, attachment=0x8CE0, textarget=0x0DE1, texture=8, level=0)
[DEBUG] [FluorateGL] glFramebufferTexture2D(target=0x8D40, attachment=0x8D00, textarget=0x0DE1, texture=0, level=0)
[DEBUG] [FluorateGL] glFramebufferTexture2D(target=0x8D40, attachment=0x8CE0, textarget=0x0DE1, texture=0, level=0)
[DEBUG] [FluorateGL] glBindBuffer(0x8892): desktop 35 -> GLES 35 (tid=13770)
[DEBUG] [FluorateGL] glBindBuffer(0x8892): desktop 38 -> GLES 38 (tid=13770)
[DEBUG] [FluorateGL] glBindBuffer(0x8A11): desktop 2 -> GLES 2 (tid=13770)
[DEBUG] [FluorateGL] glBindVertexBuffer(binding=0, buf=35, offset=0, stride=16) desktop 35 -> GLES 35 (tid=13770)
[DEBUG] [FluorateGL] glBindBuffer(0x8893): desktop 40 -> GLES 40 (tid=13770)
[DEBUG] [FluorateGL] glDrawElements(mode=0x0004, count=30, type=0x1403, indices=0x0) bound_vao=1 bound_buf=40 (tid=13770)
[DEBUG] [FluorateGL] glTexParameteri(target=0x0DE1, pname=0x813C, param=0)
[DEBUG] [FluorateGL] glTexParameteri(target=0x0DE1, pname=0x813D, param=0)
[DEBUG] [FluorateGL] glBindVertexBuffer(binding=0, buf=38, offset=0, stride=24) desktop 38 -> GLES 38 (tid=13770)
[DEBUG] [FluorateGL] glBindBuffer(0x8893): desktop 40 -> GLES 40 (tid=13770)
[DEBUG] [FluorateGL] glDrawElements(mode=0x0004, count=12, type=0x1403, indices=0x0) bound_vao=2 bound_buf=40 (tid=13770)
[DEBUG] [FluorateGL] glFramebufferTexture2D(target=0x8CA9, attachment=0x8CE0, textarget=0x0DE1, texture=8, level=0)
[DEBUG] [FluorateGL] glFramebufferTexture2D(target=0x8CA9, attachment=0x8D00, textarget=0x0DE1, texture=0, level=0)
[DEBUG] [FluorateGL] glBindBuffer(0x8A11): desktop 15 -> GLES 15 (tid=13770)
[DEBUG] [FluorateGL] glFramebufferTexture2D(target=0x8D40, attachment=0x8CE0, textarget=0x0DE1, texture=0, level=0)
[DEBUG] [FluorateGL] glFramebufferTexture2D(target=0x8D40, attachment=0x8D00, textarget=0x0DE1, texture=7, level=0)
[DEBUG] [FluorateGL] glFramebufferTexture2D(target=0x8D40, attachment=0x8D00, textarget=0x0DE1, texture=0, level=0)
[DEBUG] [FluorateGL] glFramebufferTexture2D(target=0x8D40, attachment=0x8CE0, textarget=0x0DE1, texture=8, level=0)
[DEBUG] [FluorateGL] glFramebufferTexture2D(target=0x8D40, attachment=0x8D00, textarget=0x0DE1, texture=0, level=0)
[DEBUG] [FluorateGL] glFramebufferTexture2D(target=0x8D40, attachment=0x8CE0, textarget=0x0DE1, texture=0, level=0)
[DEBUG] [FluorateGL] glBindBuffer(0x8892): desktop 36 -> GLES 36 (tid=13770)
[DEBUG] [FluorateGL] glBindBuffer(0x8892): desktop 39 -> GLES 39 (tid=13770)
[DEBUG] [FluorateGL] glBindBuffer(0x8A11): desktop 3 -> GLES 3 (tid=13770)
[DEBUG] [FluorateGL] glBindVertexBuffer(binding=0, buf=36, offset=0, stride=16) desktop 36 -> GLES 36 (tid=13770)
[DEBUG] [FluorateGL] glBindBuffer(0x8893): desktop 40 -> GLES 40 (tid=13770)
[DEBUG] [FluorateGL] glDrawElements(mode=0x0004, count=30, type=0x1403, indices=0x0) bound_vao=1 bound_buf=40 (tid=13770)
[DEBUG] [FluorateGL] glTexParameteri(target=0x0DE1, pname=0x813C, param=0)
[DEBUG] [FluorateGL] glTexParameteri(target=0x0DE1, pname=0x813D, param=0)
[DEBUG] [FluorateGL] glBindVertexBuffer(binding=0, buf=39, offset=0, stride=24) desktop 39 -> GLES 39 (tid=13770)
[DEBUG] [FluorateGL] glBindBuffer(0x8893): desktop 40 -> GLES 40 (tid=13770)
[DEBUG] [FluorateGL] glDrawElements(mode=0x0004, count=12, type=0x1403, indices=0x0) bound_vao=2 bound_buf=40 (tid=13770)
[DEBUG] [FluorateGL] glFramebufferTexture2D(target=0x8CA9, attachment=0x8CE0, textarget=0x0DE1, texture=8, level=0)
[DEBUG] [FluorateGL] glFramebufferTexture2D(target=0x8CA9, attachment=0x8D00, textarget=0x0DE1, texture=0, level=0)
[DEBUG] [FluorateGL] glBindBuffer(0x8A11): desktop 15 -> GLES 15 (tid=13770)
[DEBUG] [FluorateGL] glFramebufferTexture2D(target=0x8D40, attachment=0x8CE0, textarget=0x0DE1, texture=0, level=0)
[DEBUG] [FluorateGL] glFramebufferTexture2D(target=0x8D40, attachment=0x8D00, textarget=0x0DE1, texture=7, level=0)
[DEBUG] [FluorateGL] glFramebufferTexture2D(target=0x8D40, attachment=0x8D00, textarget=0x0DE1, texture=0, level=0)
[DEBUG] [FluorateGL] glFramebufferTexture2D(target=0x8D40, attachment=0x8CE0, textarget=0x0DE1, texture=8, level=0)
[DEBUG] [FluorateGL] glFramebufferTexture2D(target=0x8D40, attachment=0x8D00, textarget=0x0DE1, texture=0, level=0)
[DEBUG] [FluorateGL] glFramebufferTexture2D(target=0x8D40, attachment=0x8CE0, textarget=0x0DE1, texture=0, level=0)
[DEBUG] [FluorateGL] glBindBuffer(0x8892): desktop 34 -> GLES 34 (tid=13770)
[DEBUG] [FluorateGL] glBindBuffer(0x8892): desktop 37 -> GLES 37 (tid=13770)
[DEBUG] [FluorateGL] glBindBuffer(0x8A11): desktop 1 -> GLES 1 (tid=13770)
[DEBUG] [FluorateGL] glBindVertexBuffer(binding=0, buf=34, offset=0, stride=16) desktop 34 -> GLES 34 (tid=13770)
[DEBUG] [FluorateGL] glBindBuffer(0x8893): desktop 40 -> GLES 40 (tid=13770)
[DEBUG] [FluorateGL] glDrawElements(mode=0x0004, count=30, type=0x1403, indices=0x0) bound_vao=1 bound_buf=40 (tid=13770)
[DEBUG] [FluorateGL] glTexParameteri(target=0x0DE1, pname=0x813C, param=0)
[DEBUG] [FluorateGL] glTexParameteri(target=0x0DE1, pname=0x813D, param=0)
[DEBUG] [FluorateGL] glBindVertexBuffer(binding=0, buf=37, offset=0, stride=24) desktop 37 -> GLES 37 (tid=13770)
[DEBUG] [FluorateGL] glBindBuffer(0x8893): desktop 40 -> GLES 40 (tid=13770)
[DEBUG] [FluorateGL] glDrawElements(mode=0x0004, count=12, type=0x1403, indices=0x0) bound_vao=2 bound_buf=40 (tid=13770)
[DEBUG] [FluorateGL] glFramebufferTexture2D(target=0x8CA9, attachment=0x8CE0, textarget=0x0DE1, texture=8, level=0)
[DEBUG] [FluorateGL] glFramebufferTexture2D(target=0x8CA9, attachment=0x8D00, textarget=0x0DE1, texture=0, level=0)
[DEBUG] [FluorateGL] glBindBuffer(0x8A11): desktop 15 -> GLES 15 (tid=13770)
[DEBUG] [FluorateGL] glFramebufferTexture2D(target=0x8D40, attachment=0x8CE0, textarget=0x0DE1, texture=0, level=0)
[DEBUG] [FluorateGL] glFramebufferTexture2D(target=0x8D40, attachment=0x8D00, textarget=0x0DE1, texture=7, level=0)
[DEBUG] [FluorateGL] glFramebufferTexture2D(target=0x8D40, attachment=0x8D00, textarget=0x0DE1, texture=0, level=0)
[DEBUG] [FluorateGL] glFramebufferTexture2D(target=0x8D40, attachment=0x8CE0, textarget=0x0DE1, texture=8, level=0)
[DEBUG] [FluorateGL] glFramebufferTexture2D(target=0x8D40, attachment=0x8D00, textarget=0x0DE1, texture=0, level=0)
[DEBUG] [FluorateGL] glFramebufferTexture2D(target=0x8D40, attachment=0x8CE0, textarget=0x0DE1, texture=0, level=0)
[DEBUG] [FluorateGL] glBindBuffer(0x8892): desktop 35 -> GLES 35 (tid=13770)
[DEBUG] [FluorateGL] glBindBuffer(0x8892): desktop 38 -> GLES 38 (tid=13770)
[DEBUG] [FluorateGL] glBindBuffer(0x8A11): desktop 2 -> GLES 2 (tid=13770)
[DEBUG] [FluorateGL] glBindVertexBuffer(binding=0, buf=35, offset=0, stride=16) desktop 35 -> GLES 35 (tid=13770)
[DEBUG] [FluorateGL] glBindBuffer(0x8893): desktop 40 -> GLES 40 (tid=13770)
[DEBUG] [FluorateGL] glDrawElements(mode=0x0004, count=30, type=0x1403, indices=0x0) bound_vao=1 bound_buf=40 (tid=13770)
[DEBUG] [FluorateGL] glTexParameteri(target=0x0DE1, pname=0x813C, param=0)
[DEBUG] [FluorateGL] glTexParameteri(target=0x0DE1, pname=0x813D, param=0)
[DEBUG] [FluorateGL] glBindVertexBuffer(binding=0, buf=38, offset=0, stride=24) desktop 38 -> GLES 38 (tid=13770)
[DEBUG] [FluorateGL] glBindBuffer(0x8893): desktop 40 -> GLES 40 (tid=13770)
[DEBUG] [FluorateGL] glDrawElements(mode=0x0004, count=12, type=0x1403, indices=0x0) bound_vao=2 bound_buf=40 (tid=13770)
[DEBUG] [FluorateGL] glFramebufferTexture2D(target=0x8CA9, attachment=0x8CE0, textarget=0x0DE1, texture=8, level=0)
[DEBUG] [FluorateGL] glFramebufferTexture2D(target=0x8CA9, attachment=0x8D00, textarget=0x0DE1, texture=0, level=0)
[DEBUG] [FluorateGL] glBindBuffer(0x8A11): desktop 15 -> GLES 15 (tid=13770)
[DEBUG] [FluorateGL] glFramebufferTexture2D(target=0x8D40, attachment=0x8CE0, textarget=0x0DE1, texture=0, level=0)
[DEBUG] [FluorateGL] glFramebufferTexture2D(target=0x8D40, attachment=0x8D00, textarget=0x0DE1, texture=7, level=0)
[DEBUG] [FluorateGL] glFramebufferTexture2D(target=0x8D40, attachment=0x8D00, textarget=0x0DE1, texture=0, level=0)
[DEBUG] [FluorateGL] glFramebufferTexture2D(target=0x8D40, attachment=0x8CE0, textarget=0x0DE1, texture=8, level=0)
[DEBUG] [FluorateGL] glFramebufferTexture2D(target=0x8D40, attachment=0x8D00, textarget=0x0DE1, texture=0, level=0)
[DEBUG] [FluorateGL] glFramebufferTexture2D(target=0x8D40, attachment=0x8CE0, textarget=0x0DE1, texture=0, level=0)
[DEBUG] [FluorateGL] glBindBuffer(0x8892): desktop 36 -> GLES 36 (tid=13770)
[DEBUG] [FluorateGL] glBindBuffer(0x8892): desktop 39 -> GLES 39 (tid=13770)
[DEBUG] [FluorateGL] glBindBuffer(0x8A11): desktop 3 -> GLES 3 (tid=13770)
[DEBUG] [FluorateGL] glBindVertexBuffer(binding=0, buf=36, offset=0, stride=16) desktop 36 -> GLES 36 (tid=13770)
[DEBUG] [FluorateGL] glBindBuffer(0x8893): desktop 40 -> GLES 40 (tid=13770)
[DEBUG] [FluorateGL] glDrawElements(mode=0x0004, count=30, type=0x1403, indices=0x0) bound_vao=1 bound_buf=40 (tid=13770)
[DEBUG] [FluorateGL] glTexParameteri(target=0x0DE1, pname=0x813C, param=0)
[DEBUG] [FluorateGL] glTexParameteri(target=0x0DE1, pname=0x813D, param=0)
[DEBUG] [FluorateGL] glBindVertexBuffer(binding=0, buf=39, offset=0, stride=24) desktop 39 -> GLES 39 (tid=13770)
[DEBUG] [FluorateGL] glBindBuffer(0x8893): desktop 40 -> GLES 40 (tid=13770)
[DEBUG] [FluorateGL] glDrawElements(mode=0x0004, count=12, type=0x1403, indices=0x0) bound_vao=2 bound_buf=40 (tid=13770)
[DEBUG] [FluorateGL] glFramebufferTexture2D(target=0x8CA9, attachment=0x8CE0, textarget=0x0DE1, texture=8, level=0)
[DEBUG] [FluorateGL] glFramebufferTexture2D(target=0x8CA9, attachment=0x8D00, textarget=0x0DE1, texture=0, level=0)
[DEBUG] [FluorateGL] glBindBuffer(0x8A11): desktop 15 -> GLES 15 (tid=13770)
[DEBUG] [FluorateGL] glFramebufferTexture2D(target=0x8D40, attachment=0x8CE0, textarget=0x0DE1, texture=0, level=0)
[DEBUG] [FluorateGL] glFramebufferTexture2D(target=0x8D40, attachment=0x8D00, textarget=0x0DE1, texture=7, level=0)
[DEBUG] [FluorateGL] glFramebufferTexture2D(target=0x8D40, attachment=0x8D00, textarget=0x0DE1, texture=0, level=0)
[DEBUG] [FluorateGL] glFramebufferTexture2D(target=0x8D40, attachment=0x8CE0, textarget=0x0DE1, texture=8, level=0)
[DEBUG] [FluorateGL] glFramebufferTexture2D(target=0x8D40, attachment=0x8D00, textarget=0x0DE1, texture=0, level=0)
[DEBUG] [FluorateGL] glFramebufferTexture2D(target=0x8D40, attachment=0x8CE0, textarget=0x0DE1, texture=0, level=0)
[DEBUG] [FluorateGL] glBindBuffer(0x8892): desktop 34 -> GLES 34 (tid=13770)
[DEBUG] [FluorateGL] glBindBuffer(0x8892): desktop 37 -> GLES 37 (tid=13770)
[DEBUG] [FluorateGL] glBindBuffer(0x8A11): desktop 1 -> GLES 1 (tid=13770)
[DEBUG] [FluorateGL] glBindVertexBuffer(binding=0, buf=34, offset=0, stride=16) desktop 34 -> GLES 34 (tid=13770)
[DEBUG] [FluorateGL] glBindBuffer(0x8893): desktop 40 -> GLES 40 (tid=13770)
[DEBUG] [FluorateGL] glDrawElements(mode=0x0004, count=30, type=0x1403, indices=0x0) bound_vao=1 bound_buf=40 (tid=13770)
[DEBUG] [FluorateGL] glTexParameteri(target=0x0DE1, pname=0x813C, param=0)
[DEBUG] [FluorateGL] glTexParameteri(target=0x0DE1, pname=0x813D, param=0)
[DEBUG] [FluorateGL] glBindVertexBuffer(binding=0, buf=37, offset=0, stride=24) desktop 37 -> GLES 37 (tid=13770)
[DEBUG] [FluorateGL] glBindBuffer(0x8893): desktop 40 -> GLES 40 (tid=13770)
[DEBUG] [FluorateGL] glDrawElements(mode=0x0004, count=12, type=0x1403, indices=0x0) bound_vao=2 bound_buf=40 (tid=13770)
[DEBUG] [FluorateGL] glFramebufferTexture2D(target=0x8CA9, attachment=0x8CE0, textarget=0x0DE1, texture=8, level=0)
[DEBUG] [FluorateGL] glFramebufferTexture2D(target=0x8CA9, attachment=0x8D00, textarget=0x0DE1, texture=0, level=0)
[DEBUG] [FluorateGL] glBindBuffer(0x8A11): desktop 15 -> GLES 15 (tid=13770)
[DEBUG] [FluorateGL] glFramebufferTexture2D(target=0x8D40, attachment=0x8CE0, textarget=0x0DE1, texture=0, level=0)
[DEBUG] [FluorateGL] glFramebufferTexture2D(target=0x8D40, attachment=0x8D00, textarget=0x0DE1, texture=7, level=0)
[DEBUG] [FluorateGL] glFramebufferTexture2D(target=0x8D40, attachment=0x8D00, textarget=0x0DE1, texture=0, level=0)
[DEBUG] [FluorateGL] glFramebufferTexture2D(target=0x8D40, attachment=0x8CE0, textarget=0x0DE1, texture=8, level=0)
[DEBUG] [FluorateGL] glFramebufferTexture2D(target=0x8D40, attachment=0x8D00, textarget=0x0DE1, texture=0, level=0)
[DEBUG] [FluorateGL] glFramebufferTexture2D(target=0x8D40, attachment=0x8CE0, textarget=0x0DE1, texture=0, level=0)
[DEBUG] [FluorateGL] glBindBuffer(0x8892): desktop 35 -> GLES 35 (tid=13770)
[DEBUG] [FluorateGL] glBindBuffer(0x8892): desktop 38 -> GLES 38 (tid=13770)
[DEBUG] [FluorateGL] glBindBuffer(0x8A11): desktop 2 -> GLES 2 (tid=13770)
[DEBUG] [FluorateGL] glBindVertexBuffer(binding=0, buf=35, offset=0, stride=16) desktop 35 -> GLES 35 (tid=13770)
[DEBUG] [FluorateGL] glBindBuffer(0x8893): desktop 40 -> GLES 40 (tid=13770)
[DEBUG] [FluorateGL] glDrawElements(mode=0x0004, count=30, type=0x1403, indices=0x0) bound_vao=1 bound_buf=40 (tid=13770)
[DEBUG] [FluorateGL] glTexParameteri(target=0x0DE1, pname=0x813C, param=0)
[DEBUG] [FluorateGL] glTexParameteri(target=0x0DE1, pname=0x813D, param=0)
[DEBUG] [FluorateGL] glBindVertexBuffer(binding=0, buf=38, offset=0, stride=24) desktop 38 -> GLES 38 (tid=13770)
[DEBUG] [FluorateGL] glBindBuffer(0x8893): desktop 40 -> GLES 40 (tid=13770)
[DEBUG] [FluorateGL] glDrawElements(mode=0x0004, count=12, type=0x1403, indices=0x0) bound_vao=2 bound_buf=40 (tid=13770)
[DEBUG] [FluorateGL] glFramebufferTexture2D(target=0x8CA9, attachment=0x8CE0, textarget=0x0DE1, texture=8, level=0)
[DEBUG] [FluorateGL] glFramebufferTexture2D(target=0x8CA9, attachment=0x8D00, textarget=0x0DE1, texture=0, level=0)
[DEBUG] [FluorateGL] glBindBuffer(0x8A11): desktop 15 -> GLES 15 (tid=13770)
[DEBUG] [FluorateGL] glFramebufferTexture2D(target=0x8D40, attachment=0x8CE0, textarget=0x0DE1, texture=0, level=0)
[DEBUG] [FluorateGL] glFramebufferTexture2D(target=0x8D40, attachment=0x8D00, textarget=0x0DE1, texture=7, level=0)
[DEBUG] [FluorateGL] glFramebufferTexture2D(target=0x8D40, attachment=0x8D00, textarget=0x0DE1, texture=0, level=0)
[DEBUG] [FluorateGL] glFramebufferTexture2D(target=0x8D40, attachment=0x8CE0, textarget=0x0DE1, texture=8, level=0)
[DEBUG] [FluorateGL] glFramebufferTexture2D(target=0x8D40, attachment=0x8D00, textarget=0x0DE1, texture=0, level=0)
[DEBUG] [FluorateGL] glFramebufferTexture2D(target=0x8D40, attachment=0x8CE0, textarget=0x0DE1, texture=0, level=0)
[DEBUG] [FluorateGL] glBindBuffer(0x8892): desktop 36 -> GLES 36 (tid=13770)
[DEBUG] [FluorateGL] glBindBuffer(0x8892): desktop 39 -> GLES 39 (tid=13770)
[DEBUG] [FluorateGL] glBindBuffer(0x8A11): desktop 3 -> GLES 3 (tid=13770)
[DEBUG] [FluorateGL] glBindVertexBuffer(binding=0, buf=36, offset=0, stride=16) desktop 36 -> GLES 36 (tid=13770)
[DEBUG] [FluorateGL] glBindBuffer(0x8893): desktop 40 -> GLES 40 (tid=13770)
[DEBUG] [FluorateGL] glDrawElements(mode=0x0004, count=30, type=0x1403, indices=0x0) bound_vao=1 bound_buf=40 (tid=13770)
[DEBUG] [FluorateGL] glTexParameteri(target=0x0DE1, pname=0x813C, param=0)
[DEBUG] [FluorateGL] glTexParameteri(target=0x0DE1, pname=0x813D, param=0)
[DEBUG] [FluorateGL] glBindVertexBuffer(binding=0, buf=39, offset=0, stride=24) desktop 39 -> GLES 39 (tid=13770)
[DEBUG] [FluorateGL] glBindBuffer(0x8893): desktop 40 -> GLES 40 (tid=13770)
[DEBUG] [FluorateGL] glDrawElements(mode=0x0004, count=12, type=0x1403, indices=0x0) bound_vao=2 bound_buf=40 (tid=13770)
[DEBUG] [FluorateGL] glFramebufferTexture2D(target=0x8CA9, attachment=0x8CE0, textarget=0x0DE1, texture=8, level=0)
[DEBUG] [FluorateGL] glFramebufferTexture2D(target=0x8CA9, attachment=0x8D00, textarget=0x0DE1, texture=0, level=0)
[DEBUG] [FluorateGL] glBindBuffer(0x8A11): desktop 15 -> GLES 15 (tid=13770)
[DEBUG] [FluorateGL] glFramebufferTexture2D(target=0x8D40, attachment=0x8CE0, textarget=0x0DE1, texture=0, level=0)
[DEBUG] [FluorateGL] glFramebufferTexture2D(target=0x8D40, attachment=0x8D00, textarget=0x0DE1, texture=7, level=0)
[DEBUG] [FluorateGL] glFramebufferTexture2D(target=0x8D40, attachment=0x8D00, textarget=0x0DE1, texture=0, level=0)
[DEBUG] [FluorateGL] glFramebufferTexture2D(target=0x8D40, attachment=0x8CE0, textarget=0x0DE1, texture=8, level=0)
[DEBUG] [FluorateGL] glFramebufferTexture2D(target=0x8D40, attachment=0x8D00, textarget=0x0DE1, texture=0, level=0)
[DEBUG] [FluorateGL] glFramebufferTexture2D(target=0x8D40, attachment=0x8CE0, textarget=0x0DE1, texture=0, level=0)
[DEBUG] [FluorateGL] glBindBuffer(0x8892): desktop 34 -> GLES 34 (tid=13770)
[DEBUG] [FluorateGL] glBindBuffer(0x8892): desktop 37 -> GLES 37 (tid=13770)
[DEBUG] [FluorateGL] glBindBuffer(0x8A11): desktop 1 -> GLES 1 (tid=13770)
[DEBUG] [FluorateGL] glBindVertexBuffer(binding=0, buf=34, offset=0, stride=16) desktop 34 -> GLES 34 (tid=13770)
[DEBUG] [FluorateGL] glBindBuffer(0x8893): desktop 40 -> GLES 40 (tid=13770)
[DEBUG] [FluorateGL] glDrawElements(mode=0x0004, count=30, type=0x1403, indices=0x0) bound_vao=1 bound_buf=40 (tid=13770)
[DEBUG] [FluorateGL] glTexParameteri(target=0x0DE1, pname=0x813C, param=0)
[DEBUG] [FluorateGL] glTexParameteri(target=0x0DE1, pname=0x813D, param=0)
[DEBUG] [FluorateGL] glBindVertexBuffer(binding=0, buf=37, offset=0, stride=24) desktop 37 -> GLES 37 (tid=13770)
[DEBUG] [FluorateGL] glBindBuffer(0x8893): desktop 40 -> GLES 40 (tid=13770)
[DEBUG] [FluorateGL] glDrawElements(mode=0x0004, count=12, type=0x1403, indices=0x0) bound_vao=2 bound_buf=40 (tid=13770)
[DEBUG] [FluorateGL] glFramebufferTexture2D(target=0x8CA9, attachment=0x8CE0, textarget=0x0DE1, texture=8, level=0)
[DEBUG] [FluorateGL] glFramebufferTexture2D(target=0x8CA9, attachment=0x8D00, textarget=0x0DE1, texture=0, level=0)
[DEBUG] [FluorateGL] glBindBuffer(0x8A11): desktop 15 -> GLES 15 (tid=13770)
[DEBUG] [FluorateGL] glFramebufferTexture2D(target=0x8D40, attachment=0x8CE0, textarget=0x0DE1, texture=0, level=0)
[DEBUG] [FluorateGL] glFramebufferTexture2D(target=0x8D40, attachment=0x8D00, textarget=0x0DE1, texture=7, level=0)
[DEBUG] [FluorateGL] glFramebufferTexture2D(target=0x8D40, attachment=0x8D00, textarget=0x0DE1, texture=0, level=0)
[DEBUG] [FluorateGL] glFramebufferTexture2D(target=0x8D40, attachment=0x8CE0, textarget=0x0DE1, texture=8, level=0)
[DEBUG] [FluorateGL] glFramebufferTexture2D(target=0x8D40, attachment=0x8D00, textarget=0x0DE1, texture=0, level=0)
[DEBUG] [FluorateGL] glFramebufferTexture2D(target=0x8D40, attachment=0x8CE0, textarget=0x0DE1, texture=0, level=0)
[DEBUG] [FluorateGL] glBindBuffer(0x8892): desktop 35 -> GLES 35 (tid=13770)
[DEBUG] [FluorateGL] glBindBuffer(0x8892): desktop 38 -> GLES 38 (tid=13770)
[DEBUG] [FluorateGL] glBindBuffer(0x8A11): desktop 2 -> GLES 2 (tid=13770)
[DEBUG] [FluorateGL] glBindVertexBuffer(binding=0, buf=35, offset=0, stride=16) desktop 35 -> GLES 35 (tid=13770)
[DEBUG] [FluorateGL] glBindBuffer(0x8893): desktop 40 -> GLES 40 (tid=13770)
[DEBUG] [FluorateGL] glDrawElements(mode=0x0004, count=30, type=0x1403, indices=0x0) bound_vao=1 bound_buf=40 (tid=13770)
[DEBUG] [FluorateGL] glTexParameteri(target=0x0DE1, pname=0x813C, param=0)
[DEBUG] [FluorateGL] glTexParameteri(target=0x0DE1, pname=0x813D, param=0)
[DEBUG] [FluorateGL] glBindVertexBuffer(binding=0, buf=38, offset=0, stride=24) desktop 38 -> GLES 38 (tid=13770)
[DEBUG] [FluorateGL] glBindBuffer(0x8893): desktop 40 -> GLES 40 (tid=13770)
[DEBUG] [FluorateGL] glDrawElements(mode=0x0004, count=12, type=0x1403, indices=0x0) bound_vao=2 bound_buf=40 (tid=13770)
[DEBUG] [FluorateGL] glFramebufferTexture2D(target=0x8CA9, attachment=0x8CE0, textarget=0x0DE1, texture=8, level=0)
[DEBUG] [FluorateGL] glFramebufferTexture2D(target=0x8CA9, attachment=0x8D00, textarget=0x0DE1, texture=0, level=0)
[DEBUG] [FluorateGL] glBindBuffer(0x8A11): desktop 15 -> GLES 15 (tid=13770)
[DEBUG] [FluorateGL] glFramebufferTexture2D(target=0x8D40, attachment=0x8CE0, textarget=0x0DE1, texture=0, level=0)
[DEBUG] [FluorateGL] glFramebufferTexture2D(target=0x8D40, attachment=0x8D00, textarget=0x0DE1, texture=7, level=0)
[DEBUG] [FluorateGL] glFramebufferTexture2D(target=0x8D40, attachment=0x8D00, textarget=0x0DE1, texture=0, level=0)
[DEBUG] [FluorateGL] glFramebufferTexture2D(target=0x8D40, attachment=0x8CE0, textarget=0x0DE1, texture=8, level=0)
[DEBUG] [FluorateGL] glFramebufferTexture2D(target=0x8D40, attachment=0x8D00, textarget=0x0DE1, texture=0, level=0)
[DEBUG] [FluorateGL] glFramebufferTexture2D(target=0x8D40, attachment=0x8CE0, textarget=0x0DE1, texture=0, level=0)
[DEBUG] [FluorateGL] glBindBuffer(0x8892): desktop 36 -> GLES 36 (tid=13770)
[DEBUG] [FluorateGL] glBindBuffer(0x8892): desktop 39 -> GLES 39 (tid=13770)
[DEBUG] [FluorateGL] glBindBuffer(0x8A11): desktop 3 -> GLES 3 (tid=13770)
[DEBUG] [FluorateGL] glBindVertexBuffer(binding=0, buf=36, offset=0, stride=16) desktop 36 -> GLES 36 (tid=13770)
[DEBUG] [FluorateGL] glBindBuffer(0x8893): desktop 40 -> GLES 40 (tid=13770)
[DEBUG] [FluorateGL] glDrawElements(mode=0x0004, count=30, type=0x1403, indices=0x0) bound_vao=1 bound_buf=40 (tid=13770)
[DEBUG] [FluorateGL] glTexParameteri(target=0x0DE1, pname=0x813C, param=0)
[DEBUG] [FluorateGL] glTexParameteri(target=0x0DE1, pname=0x813D, param=0)
[DEBUG] [FluorateGL] glBindVertexBuffer(binding=0, buf=39, offset=0, stride=24) desktop 39 -> GLES 39 (tid=13770)
[DEBUG] [FluorateGL] glBindBuffer(0x8893): desktop 40 -> GLES 40 (tid=13770)
[DEBUG] [FluorateGL] glDrawElements(mode=0x0004, count=12, type=0x1403, indices=0x0) bound_vao=2 bound_buf=40 (tid=13770)
[DEBUG] [FluorateGL] glFramebufferTexture2D(target=0x8CA9, attachment=0x8CE0, textarget=0x0DE1, texture=8, level=0)
[DEBUG] [FluorateGL] glFramebufferTexture2D(target=0x8CA9, attachment=0x8D00, textarget=0x0DE1, texture=0, level=0)
[DEBUG] [FluorateGL] glBindBuffer(0x8A11): desktop 15 -> GLES 15 (tid=13770)
[DEBUG] [FluorateGL] glFramebufferTexture2D(target=0x8D40, attachment=0x8CE0, textarget=0x0DE1, texture=0, level=0)
[DEBUG] [FluorateGL] glFramebufferTexture2D(target=0x8D40, attachment=0x8D00, textarget=0x0DE1, texture=7, level=0)
[DEBUG] [FluorateGL] glFramebufferTexture2D(target=0x8D40, attachment=0x8D00, textarget=0x0DE1, texture=0, level=0)
[DEBUG] [FluorateGL] glFramebufferTexture2D(target=0x8D40, attachment=0x8CE0, textarget=0x0DE1, texture=8, level=0)
[DEBUG] [FluorateGL] glFramebufferTexture2D(target=0x8D40, attachment=0x8D00, textarget=0x0DE1, texture=0, level=0)
[DEBUG] [FluorateGL] glFramebufferTexture2D(target=0x8D40, attachment=0x8CE0, textarget=0x0DE1, texture=0, level=0)
[DEBUG] [FluorateGL] glBindBuffer(0x8892): desktop 34 -> GLES 34 (tid=13770)
[DEBUG] [FluorateGL] glBindBuffer(0x8892): desktop 37 -> GLES 37 (tid=13770)
[DEBUG] [FluorateGL] glBindBuffer(0x8A11): desktop 1 -> GLES 1 (tid=13770)
[DEBUG] [FluorateGL] glBindVertexBuffer(binding=0, buf=34, offset=0, stride=16) desktop 34 -> GLES 34 (tid=13770)
[DEBUG] [FluorateGL] glBindBuffer(0x8893): desktop 40 -> GLES 40 (tid=13770)
[DEBUG] [FluorateGL] glDrawElements(mode=0x0004, count=30, type=0x1403, indices=0x0) bound_vao=1 bound_buf=40 (tid=13770)
[DEBUG] [FluorateGL] glTexParameteri(target=0x0DE1, pname=0x813C, param=0)
[DEBUG] [FluorateGL] glTexParameteri(target=0x0DE1, pname=0x813D, param=0)
[DEBUG] [FluorateGL] glBindVertexBuffer(binding=0, buf=37, offset=0, stride=24) desktop 37 -> GLES 37 (tid=13770)
[DEBUG] [FluorateGL] glBindBuffer(0x8893): desktop 40 -> GLES 40 (tid=13770)
[DEBUG] [FluorateGL] glDrawElements(mode=0x0004, count=12, type=0x1403, indices=0x0) bound_vao=2 bound_buf=40 (tid=13770)
[DEBUG] [FluorateGL] glFramebufferTexture2D(target=0x8CA9, attachment=0x8CE0, textarget=0x0DE1, texture=8, level=0)
[DEBUG] [FluorateGL] glFramebufferTexture2D(target=0x8CA9, attachment=0x8D00, textarget=0x0DE1, texture=0, level=0)
[DEBUG] [FluorateGL] glBindBuffer(0x8A11): desktop 15 -> GLES 15 (tid=13770)
[DEBUG] [FluorateGL] glFramebufferTexture2D(target=0x8D40, attachment=0x8CE0, textarget=0x0DE1, texture=0, level=0)
[DEBUG] [FluorateGL] glFramebufferTexture2D(target=0x8D40, attachment=0x8D00, textarget=0x0DE1, texture=7, level=0)
[DEBUG] [FluorateGL] glFramebufferTexture2D(target=0x8D40, attachment=0x8D00, textarget=0x0DE1, texture=0, level=0)
[DEBUG] [FluorateGL] glFramebufferTexture2D(target=0x8D40, attachment=0x8CE0, textarget=0x0DE1, texture=8, level=0)
[DEBUG] [FluorateGL] glFramebufferTexture2D(target=0x8D40, attachment=0x8D00, textarget=0x0DE1, texture=0, level=0)
[DEBUG] [FluorateGL] glFramebufferTexture2D(target=0x8D40, attachment=0x8CE0, textarget=0x0DE1, texture=0, level=0)
[DEBUG] [FluorateGL] glBindBuffer(0x8892): desktop 35 -> GLES 35 (tid=13770)
[DEBUG] [FluorateGL] glBindBuffer(0x8892): desktop 38 -> GLES 38 (tid=13770)
[DEBUG] [FluorateGL] glBindBuffer(0x8A11): desktop 2 -> GLES 2 (tid=13770)
[DEBUG] [FluorateGL] glBindVertexBuffer(binding=0, buf=35, offset=0, stride=16) desktop 35 -> GLES 35 (tid=13770)
[DEBUG] [FluorateGL] glBindBuffer(0x8893): desktop 40 -> GLES 40 (tid=13770)
[DEBUG] [FluorateGL] glDrawElements(mode=0x0004, count=30, type=0x1403, indices=0x0) bound_vao=1 bound_buf=40 (tid=13770)
[DEBUG] [FluorateGL] glTexParameteri(target=0x0DE1, pname=0x813C, param=0)
[DEBUG] [FluorateGL] glTexParameteri(target=0x0DE1, pname=0x813D, param=0)
[DEBUG] [FluorateGL] glBindVertexBuffer(binding=0, buf=38, offset=0, stride=24) desktop 38 -> GLES 38 (tid=13770)
[DEBUG] [FluorateGL] glBindBuffer(0x8893): desktop 40 -> GLES 40 (tid=13770)
[DEBUG] [FluorateGL] glDrawElements(mode=0x0004, count=12, type=0x1403, indices=0x0) bound_vao=2 bound_buf=40 (tid=13770)
[DEBUG] [FluorateGL] glFramebufferTexture2D(target=0x8CA9, attachment=0x8CE0, textarget=0x0DE1, texture=8, level=0)
[DEBUG] [FluorateGL] glFramebufferTexture2D(target=0x8CA9, attachment=0x8D00, textarget=0x0DE1, texture=0, level=0)
[DEBUG] [FluorateGL] glBindBuffer(0x8A11): desktop 15 -> GLES 15 (tid=13770)
[DEBUG] [FluorateGL] glFramebufferTexture2D(target=0x8D40, attachment=0x8CE0, textarget=0x0DE1, texture=0, level=0)
[DEBUG] [FluorateGL] glFramebufferTexture2D(target=0x8D40, attachment=0x8D00, textarget=0x0DE1, texture=7, level=0)
[DEBUG] [FluorateGL] glFramebufferTexture2D(target=0x8D40, attachment=0x8D00, textarget=0x0DE1, texture=0, level=0)
[DEBUG] [FluorateGL] glFramebufferTexture2D(target=0x8D40, attachment=0x8CE0, textarget=0x0DE1, texture=8, level=0)
[DEBUG] [FluorateGL] glFramebufferTexture2D(target=0x8D40, attachment=0x8D00, textarget=0x0DE1, texture=0, level=0)
[DEBUG] [FluorateGL] glFramebufferTexture2D(target=0x8D40, attachment=0x8CE0, textarget=0x0DE1, texture=0, level=0)
[DEBUG] [FluorateGL] glBindBuffer(0x8892): desktop 36 -> GLES 36 (tid=13770)
[DEBUG] [FluorateGL] glBindBuffer(0x8892): desktop 39 -> GLES 39 (tid=13770)
[DEBUG] [FluorateGL] glBindBuffer(0x8A11): desktop 3 -> GLES 3 (tid=13770)
[DEBUG] [FluorateGL] glBindVertexBuffer(binding=0, buf=36, offset=0, stride=16) desktop 36 -> GLES 36 (tid=13770)
[DEBUG] [FluorateGL] glBindBuffer(0x8893): desktop 40 -> GLES 40 (tid=13770)
[DEBUG] [FluorateGL] glDrawElements(mode=0x0004, count=30, type=0x1403, indices=0x0) bound_vao=1 bound_buf=40 (tid=13770)
[DEBUG] [FluorateGL] glTexParameteri(target=0x0DE1, pname=0x813C, param=0)
[DEBUG] [FluorateGL] glTexParameteri(target=0x0DE1, pname=0x813D, param=0)
[DEBUG] [FluorateGL] glBindVertexBuffer(binding=0, buf=39, offset=0, stride=24) desktop 39 -> GLES 39 (tid=13770)
[DEBUG] [FluorateGL] glBindBuffer(0x8893): desktop 40 -> GLES 40 (tid=13770)
[DEBUG] [FluorateGL] glDrawElements(mode=0x0004, count=12, type=0x1403, indices=0x0) bound_vao=2 bound_buf=40 (tid=13770)
[DEBUG] [FluorateGL] glFramebufferTexture2D(target=0x8CA9, attachment=0x8CE0, textarget=0x0DE1, texture=8, level=0)
[DEBUG] [FluorateGL] glFramebufferTexture2D(target=0x8CA9, attachment=0x8D00, textarget=0x0DE1, texture=0, level=0)
[DEBUG] [FluorateGL] glBindBuffer(0x8A11): desktop 15 -> GLES 15 (tid=13770)
[DEBUG] [FluorateGL] glFramebufferTexture2D(target=0x8D40, attachment=0x8CE0, textarget=0x0DE1, texture=0, level=0)
[DEBUG] [FluorateGL] glFramebufferTexture2D(target=0x8D40, attachment=0x8D00, textarget=0x0DE1, texture=7, level=0)
[DEBUG] [FluorateGL] glFramebufferTexture2D(target=0x8D40, attachment=0x8D00, textarget=0x0DE1, texture=0, level=0)
[DEBUG] [FluorateGL] glFramebufferTexture2D(target=0x8D40, attachment=0x8CE0, textarget=0x0DE1, texture=8, level=0)
[DEBUG] [FluorateGL] glFramebufferTexture2D(target=0x8D40, attachment=0x8D00, textarget=0x0DE1, texture=0, level=0)
[DEBUG] [FluorateGL] glFramebufferTexture2D(target=0x8D40, attachment=0x8CE0, textarget=0x0DE1, texture=0, level=0)
[DEBUG] [FluorateGL] glBindBuffer(0x8892): desktop 34 -> GLES 34 (tid=13770)
[DEBUG] [FluorateGL] glBindBuffer(0x8892): desktop 37 -> GLES 37 (tid=13770)
[DEBUG] [FluorateGL] glBindBuffer(0x8A11): desktop 1 -> GLES 1 (tid=13770)
[DEBUG] [FluorateGL] glBindVertexBuffer(binding=0, buf=34, offset=0, stride=16) desktop 34 -> GLES 34 (tid=13770)
[DEBUG] [FluorateGL] glBindBuffer(0x8893): desktop 40 -> GLES 40 (tid=13770)
[DEBUG] [FluorateGL] glDrawElements(mode=0x0004, count=30, type=0x1403, indices=0x0) bound_vao=1 bound_buf=40 (tid=13770)
[DEBUG] [FluorateGL] glTexParameteri(target=0x0DE1, pname=0x813C, param=0)
[DEBUG] [FluorateGL] glTexParameteri(target=0x0DE1, pname=0x813D, param=0)
[DEBUG] [FluorateGL] glBindVertexBuffer(binding=0, buf=37, offset=0, stride=24) desktop 37 -> GLES 37 (tid=13770)
[DEBUG] [FluorateGL] glBindBuffer(0x8893): desktop 40 -> GLES 40 (tid=13770)
[DEBUG] [FluorateGL] glDrawElements(mode=0x0004, count=12, type=0x1403, indices=0x0) bound_vao=2 bound_buf=40 (tid=13770)
[DEBUG] [FluorateGL] glFramebufferTexture2D(target=0x8CA9, attachment=0x8CE0, textarget=0x0DE1, texture=8, level=0)
[DEBUG] [FluorateGL] glFramebufferTexture2D(target=0x8CA9, attachment=0x8D00, textarget=0x0DE1, texture=0, level=0)
[DEBUG] [FluorateGL] glBindBuffer(0x8A11): desktop 15 -> GLES 15 (tid=13770)
[DEBUG] [FluorateGL] glFramebufferTexture2D(target=0x8D40, attachment=0x8CE0, textarget=0x0DE1, texture=0, level=0)
[DEBUG] [FluorateGL] glFramebufferTexture2D(target=0x8D40, attachment=0x8D00, textarget=0x0DE1, texture=7, level=0)
[DEBUG] [FluorateGL] glFramebufferTexture2D(target=0x8D40, attachment=0x8D00, textarget=0x0DE1, texture=0, level=0)
[DEBUG] [FluorateGL] glFramebufferTexture2D(target=0x8D40, attachment=0x8CE0, textarget=0x0DE1, texture=8, level=0)
[DEBUG] [FluorateGL] glFramebufferTexture2D(target=0x8D40, attachment=0x8D00, textarget=0x0DE1, texture=0, level=0)
[DEBUG] [FluorateGL] glFramebufferTexture2D(target=0x8D40, attachment=0x8CE0, textarget=0x0DE1, texture=0, level=0)
[DEBUG] [FluorateGL] glBindBuffer(0x8892): desktop 35 -> GLES 35 (tid=13770)
[DEBUG] [FluorateGL] glBindBuffer(0x8892): desktop 38 -> GLES 38 (tid=13770)
[DEBUG] [FluorateGL] glBindBuffer(0x8A11): desktop 2 -> GLES 2 (tid=13770)
[DEBUG] [FluorateGL] glBindVertexBuffer(binding=0, buf=35, offset=0, stride=16) desktop 35 -> GLES 35 (tid=13770)
[DEBUG] [FluorateGL] glBindBuffer(0x8893): desktop 40 -> GLES 40 (tid=13770)
[DEBUG] [FluorateGL] glDrawElements(mode=0x0004, count=30, type=0x1403, indices=0x0) bound_vao=1 bound_buf=40 (tid=13770)
[DEBUG] [FluorateGL] glTexParameteri(target=0x0DE1, pname=0x813C, param=0)
[DEBUG] [FluorateGL] glTexParameteri(target=0x0DE1, pname=0x813D, param=0)
[DEBUG] [FluorateGL] glBindVertexBuffer(binding=0, buf=38, offset=0, stride=24) desktop 38 -> GLES 38 (tid=13770)
[DEBUG] [FluorateGL] glBindBuffer(0x8893): desktop 40 -> GLES 40 (tid=13770)
[DEBUG] [FluorateGL] glDrawElements(mode=0x0004, count=12, type=0x1403, indices=0x0) bound_vao=2 bound_buf=40 (tid=13770)
[DEBUG] [FluorateGL] glFramebufferTexture2D(target=0x8CA9, attachment=0x8CE0, textarget=0x0DE1, texture=8, level=0)
[DEBUG] [FluorateGL] glFramebufferTexture2D(target=0x8CA9, attachment=0x8D00, textarget=0x0DE1, texture=0, level=0)
[DEBUG] [FluorateGL] glBindBuffer(0x8A11): desktop 15 -> GLES 15 (tid=13770)
[DEBUG] [FluorateGL] glFramebufferTexture2D(target=0x8D40, attachment=0x8CE0, textarget=0x0DE1, texture=0, level=0)
[DEBUG] [FluorateGL] glFramebufferTexture2D(target=0x8D40, attachment=0x8D00, textarget=0x0DE1, texture=7, level=0)
[DEBUG] [FluorateGL] glFramebufferTexture2D(target=0x8D40, attachment=0x8D00, textarget=0x0DE1, texture=0, level=0)
[DEBUG] [FluorateGL] glFramebufferTexture2D(target=0x8D40, attachment=0x8CE0, textarget=0x0DE1, texture=8, level=0)
[DEBUG] [FluorateGL] glFramebufferTexture2D(target=0x8D40, attachment=0x8D00, textarget=0x0DE1, texture=0, level=0)
[DEBUG] [FluorateGL] glFramebufferTexture2D(target=0x8D40, attachment=0x8CE0, textarget=0x0DE1, texture=0, level=0)
[DEBUG] [FluorateGL] glBindBuffer(0x8892): desktop 36 -> GLES 36 (tid=13770)
[DEBUG] [FluorateGL] glBindBuffer(0x8892): desktop 39 -> GLES 39 (tid=13770)
[DEBUG] [FluorateGL] glBindBuffer(0x8A11): desktop 3 -> GLES 3 (tid=13770)
[DEBUG] [FluorateGL] glBindVertexBuffer(binding=0, buf=36, offset=0, stride=16) desktop 36 -> GLES 36 (tid=13770)
[DEBUG] [FluorateGL] glBindBuffer(0x8893): desktop 40 -> GLES 40 (tid=13770)
[DEBUG] [FluorateGL] glDrawElements(mode=0x0004, count=30, type=0x1403, indices=0x0) bound_vao=1 bound_buf=40 (tid=13770)
[DEBUG] [FluorateGL] glTexParameteri(target=0x0DE1, pname=0x813C, param=0)
[DEBUG] [FluorateGL] glTexParameteri(target=0x0DE1, pname=0x813D, param=0)
[DEBUG] [FluorateGL] glBindVertexBuffer(binding=0, buf=39, offset=0, stride=24) desktop 39 -> GLES 39 (tid=13770)
[DEBUG] [FluorateGL] glBindBuffer(0x8893): desktop 40 -> GLES 40 (tid=13770)
[DEBUG] [FluorateGL] glDrawElements(mode=0x0004, count=12, type=0x1403, indices=0x0) bound_vao=2 bound_buf=40 (tid=13770)
[DEBUG] [FluorateGL] glFramebufferTexture2D(target=0x8CA9, attachment=0x8CE0, textarget=0x0DE1, texture=8, level=0)
[DEBUG] [FluorateGL] glFramebufferTexture2D(target=0x8CA9, attachment=0x8D00, textarget=0x0DE1, texture=0, level=0)
[DEBUG] [FluorateGL] glBindBuffer(0x8A11): desktop 15 -> GLES 15 (tid=13770)
[DEBUG] [FluorateGL] glFramebufferTexture2D(target=0x8D40, attachment=0x8CE0, textarget=0x0DE1, texture=0, level=0)
[DEBUG] [FluorateGL] glFramebufferTexture2D(target=0x8D40, attachment=0x8D00, textarget=0x0DE1, texture=7, level=0)
[DEBUG] [FluorateGL] glFramebufferTexture2D(target=0x8D40, attachment=0x8D00, textarget=0x0DE1, texture=0, level=0)
[DEBUG] [FluorateGL] glFramebufferTexture2D(target=0x8D40, attachment=0x8CE0, textarget=0x0DE1, texture=8, level=0)
[DEBUG] [FluorateGL] glFramebufferTexture2D(target=0x8D40, attachment=0x8D00, textarget=0x0DE1, texture=0, level=0)
[DEBUG] [FluorateGL] glFramebufferTexture2D(target=0x8D40, attachment=0x8CE0, textarget=0x0DE1, texture=0, level=0)
[DEBUG] [FluorateGL] glBindBuffer(0x8892): desktop 34 -> GLES 34 (tid=13770)
[DEBUG] [FluorateGL] glBindBuffer(0x8892): desktop 37 -> GLES 37 (tid=13770)
[DEBUG] [FluorateGL] glBindBuffer(0x8A11): desktop 1 -> GLES 1 (tid=13770)
[DEBUG] [FluorateGL] glBindVertexBuffer(binding=0, buf=34, offset=0, stride=16) desktop 34 -> GLES 34 (tid=13770)
[DEBUG] [FluorateGL] glBindBuffer(0x8893): desktop 40 -> GLES 40 (tid=13770)
[DEBUG] [FluorateGL] glDrawElements(mode=0x0004, count=30, type=0x1403, indices=0x0) bound_vao=1 bound_buf=40 (tid=13770)
[DEBUG] [FluorateGL] glTexParameteri(target=0x0DE1, pname=0x813C, param=0)
[DEBUG] [FluorateGL] glTexParameteri(target=0x0DE1, pname=0x813D, param=0)
[DEBUG] [FluorateGL] glBindVertexBuffer(binding=0, buf=37, offset=0, stride=24) desktop 37 -> GLES 37 (tid=13770)
[DEBUG] [FluorateGL] glBindBuffer(0x8893): desktop 40 -> GLES 40 (tid=13770)
[DEBUG] [FluorateGL] glDrawElements(mode=0x0004, count=12, type=0x1403, indices=0x0) bound_vao=2 bound_buf=40 (tid=13770)
[DEBUG] [FluorateGL] glFramebufferTexture2D(target=0x8CA9, attachment=0x8CE0, textarget=0x0DE1, texture=8, level=0)
[DEBUG] [FluorateGL] glFramebufferTexture2D(target=0x8CA9, attachment=0x8D00, textarget=0x0DE1, texture=0, level=0)
[DEBUG] [FluorateGL] glBindBuffer(0x8A11): desktop 15 -> GLES 15 (tid=13770)
[DEBUG] [FluorateGL] glFramebufferTexture2D(target=0x8D40, attachment=0x8CE0, textarget=0x0DE1, texture=0, level=0)
[DEBUG] [FluorateGL] glFramebufferTexture2D(target=0x8D40, attachment=0x8D00, textarget=0x0DE1, texture=7, level=0)
[DEBUG] [FluorateGL] glFramebufferTexture2D(target=0x8D40, attachment=0x8D00, textarget=0x0DE1, texture=0, level=0)
[DEBUG] [FluorateGL] glFramebufferTexture2D(target=0x8D40, attachment=0x8CE0, textarget=0x0DE1, texture=8, level=0)
[DEBUG] [FluorateGL] glFramebufferTexture2D(target=0x8D40, attachment=0x8D00, textarget=0x0DE1, texture=0, level=0)
[DEBUG] [FluorateGL] glFramebufferTexture2D(target=0x8D40, attachment=0x8CE0, textarget=0x0DE1, texture=0, level=0)
[DEBUG] [FluorateGL] glBindBuffer(0x8892): desktop 35 -> GLES 35 (tid=13770)
[DEBUG] [FluorateGL] glBindBuffer(0x8892): desktop 38 -> GLES 38 (tid=13770)
[DEBUG] [FluorateGL] glBindBuffer(0x8A11): desktop 2 -> GLES 2 (tid=13770)
[DEBUG] [FluorateGL] glBindVertexBuffer(binding=0, buf=35, offset=0, stride=16) desktop 35 -> GLES 35 (tid=13770)
[DEBUG] [FluorateGL] glBindBuffer(0x8893): desktop 40 -> GLES 40 (tid=13770)
[DEBUG] [FluorateGL] glDrawElements(mode=0x0004, count=30, type=0x1403, indices=0x0) bound_vao=1 bound_buf=40 (tid=13770)
[DEBUG] [FluorateGL] glTexParameteri(target=0x0DE1, pname=0x813C, param=0)
[DEBUG] [FluorateGL] glTexParameteri(target=0x0DE1, pname=0x813D, param=0)
[DEBUG] [FluorateGL] glBindVertexBuffer(binding=0, buf=38, offset=0, stride=24) desktop 38 -> GLES 38 (tid=13770)
[DEBUG] [FluorateGL] glBindBuffer(0x8893): desktop 40 -> GLES 40 (tid=13770)
[DEBUG] [FluorateGL] glDrawElements(mode=0x0004, count=12, type=0x1403, indices=0x0) bound_vao=2 bound_buf=40 (tid=13770)
[DEBUG] [FluorateGL] glFramebufferTexture2D(target=0x8CA9, attachment=0x8CE0, textarget=0x0DE1, texture=8, level=0)
[DEBUG] [FluorateGL] glFramebufferTexture2D(target=0x8CA9, attachment=0x8D00, textarget=0x0DE1, texture=0, level=0)
[DEBUG] [FluorateGL] glBindBuffer(0x8A11): desktop 15 -> GLES 15 (tid=13770)
[DEBUG] [FluorateGL] glFramebufferTexture2D(target=0x8D40, attachment=0x8CE0, textarget=0x0DE1, texture=0, level=0)
[DEBUG] [FluorateGL] glFramebufferTexture2D(target=0x8D40, attachment=0x8D00, textarget=0x0DE1, texture=7, level=0)
[DEBUG] [FluorateGL] glFramebufferTexture2D(target=0x8D40, attachment=0x8D00, textarget=0x0DE1, texture=0, level=0)
[DEBUG] [FluorateGL] glFramebufferTexture2D(target=0x8D40, attachment=0x8CE0, textarget=0x0DE1, texture=8, level=0)
[DEBUG] [FluorateGL] glFramebufferTexture2D(target=0x8D40, attachment=0x8D00, textarget=0x0DE1, texture=0, level=0)
[DEBUG] [FluorateGL] glFramebufferTexture2D(target=0x8D40, attachment=0x8CE0, textarget=0x0DE1, texture=0, level=0)
[DEBUG] [FluorateGL] glBindBuffer(0x8892): desktop 36 -> GLES 36 (tid=13770)
[DEBUG] [FluorateGL] glBindBuffer(0x8892): desktop 39 -> GLES 39 (tid=13770)
[DEBUG] [FluorateGL] glBindBuffer(0x8A11): desktop 3 -> GLES 3 (tid=13770)
[DEBUG] [FluorateGL] glBindVertexBuffer(binding=0, buf=36, offset=0, stride=16) desktop 36 -> GLES 36 (tid=13770)
[DEBUG] [FluorateGL] glBindBuffer(0x8893): desktop 40 -> GLES 40 (tid=13770)
[DEBUG] [FluorateGL] glDrawElements(mode=0x0004, count=30, type=0x1403, indices=0x0) bound_vao=1 bound_buf=40 (tid=13770)
[DEBUG] [FluorateGL] glTexParameteri(target=0x0DE1, pname=0x813C, param=0)
[DEBUG] [FluorateGL] glTexParameteri(target=0x0DE1, pname=0x813D, param=0)
[DEBUG] [FluorateGL] glBindVertexBuffer(binding=0, buf=39, offset=0, stride=24) desktop 39 -> GLES 39 (tid=13770)
[DEBUG] [FluorateGL] glBindBuffer(0x8893): desktop 40 -> GLES 40 (tid=13770)
[DEBUG] [FluorateGL] glDrawElements(mode=0x0004, count=12, type=0x1403, indices=0x0) bound_vao=2 bound_buf=40 (tid=13770)
[DEBUG] [FluorateGL] glFramebufferTexture2D(target=0x8CA9, attachment=0x8CE0, textarget=0x0DE1, texture=8, level=0)
[DEBUG] [FluorateGL] glFramebufferTexture2D(target=0x8CA9, attachment=0x8D00, textarget=0x0DE1, texture=0, level=0)
[DEBUG] [FluorateGL] glBindBuffer(0x8A11): desktop 15 -> GLES 15 (tid=13770)
[DEBUG] [FluorateGL] glFramebufferTexture2D(target=0x8D40, attachment=0x8CE0, textarget=0x0DE1, texture=0, level=0)
[DEBUG] [FluorateGL] glFramebufferTexture2D(target=0x8D40, attachment=0x8D00, textarget=0x0DE1, texture=7, level=0)
[DEBUG] [FluorateGL] glFramebufferTexture2D(target=0x8D40, attachment=0x8D00, textarget=0x0DE1, texture=0, level=0)
[DEBUG] [FluorateGL] glFramebufferTexture2D(target=0x8D40, attachment=0x8CE0, textarget=0x0DE1, texture=8, level=0)
[DEBUG] [FluorateGL] glFramebufferTexture2D(target=0x8D40, attachment=0x8D00, textarget=0x0DE1, texture=0, level=0)
[DEBUG] [FluorateGL] glFramebufferTexture2D(target=0x8D40, attachment=0x8CE0, textarget=0x0DE1, texture=0, level=0)
[DEBUG] [FluorateGL] glBindBuffer(0x8892): desktop 34 -> GLES 34 (tid=13770)
[DEBUG] [FluorateGL] glBindBuffer(0x8892): desktop 37 -> GLES 37 (tid=13770)
[DEBUG] [FluorateGL] glBindBuffer(0x8A11): desktop 1 -> GLES 1 (tid=13770)
[DEBUG] [FluorateGL] glBindVertexBuffer(binding=0, buf=34, offset=0, stride=16) desktop 34 -> GLES 34 (tid=13770)
[DEBUG] [FluorateGL] glBindBuffer(0x8893): desktop 40 -> GLES 40 (tid=13770)
[DEBUG] [FluorateGL] glDrawElements(mode=0x0004, count=30, type=0x1403, indices=0x0) bound_vao=1 bound_buf=40 (tid=13770)
[DEBUG] [FluorateGL] glTexParameteri(target=0x0DE1, pname=0x813C, param=0)
[DEBUG] [FluorateGL] glTexParameteri(target=0x0DE1, pname=0x813D, param=0)
[DEBUG] [FluorateGL] glBindVertexBuffer(binding=0, buf=37, offset=0, stride=24) desktop 37 -> GLES 37 (tid=13770)
[DEBUG] [FluorateGL] glBindBuffer(0x8893): desktop 40 -> GLES 40 (tid=13770)
[DEBUG] [FluorateGL] glDrawElements(mode=0x0004, count=12, type=0x1403, indices=0x0) bound_vao=2 bound_buf=40 (tid=13770)
[DEBUG] [FluorateGL] glFramebufferTexture2D(target=0x8CA9, attachment=0x8CE0, textarget=0x0DE1, texture=8, level=0)
[DEBUG] [FluorateGL] glFramebufferTexture2D(target=0x8CA9, attachment=0x8D00, textarget=0x0DE1, texture=0, level=0)
[DEBUG] [FluorateGL] glBindBuffer(0x8A11): desktop 15 -> GLES 15 (tid=13770)
[DEBUG] [FluorateGL] glFramebufferTexture2D(target=0x8D40, attachment=0x8CE0, textarget=0x0DE1, texture=0, level=0)
[DEBUG] [FluorateGL] glFramebufferTexture2D(target=0x8D40, attachment=0x8D00, textarget=0x0DE1, texture=7, level=0)
[DEBUG] [FluorateGL] glFramebufferTexture2D(target=0x8D40, attachment=0x8D00, textarget=0x0DE1, texture=0, level=0)
[DEBUG] [FluorateGL] glFramebufferTexture2D(target=0x8D40, attachment=0x8CE0, textarget=0x0DE1, texture=8, level=0)
[DEBUG] [FluorateGL] glFramebufferTexture2D(target=0x8D40, attachment=0x8D00, textarget=0x0DE1, texture=0, level=0)
[DEBUG] [FluorateGL] glFramebufferTexture2D(target=0x8D40, attachment=0x8CE0, textarget=0x0DE1, texture=0, level=0)
[DEBUG] [FluorateGL] glBindBuffer(0x8892): desktop 35 -> GLES 35 (tid=13770)
[DEBUG] [FluorateGL] glBindBuffer(0x8892): desktop 38 -> GLES 38 (tid=13770)
[DEBUG] [FluorateGL] glBindBuffer(0x8A11): desktop 2 -> GLES 2 (tid=13770)
[DEBUG] [FluorateGL] glBindVertexBuffer(binding=0, buf=35, offset=0, stride=16) desktop 35 -> GLES 35 (tid=13770)
[DEBUG] [FluorateGL] glBindBuffer(0x8893): desktop 40 -> GLES 40 (tid=13770)
[DEBUG] [FluorateGL] glDrawElements(mode=0x0004, count=30, type=0x1403, indices=0x0) bound_vao=1 bound_buf=40 (tid=13770)
[DEBUG] [FluorateGL] glTexParameteri(target=0x0DE1, pname=0x813C, param=0)
[DEBUG] [FluorateGL] glTexParameteri(target=0x0DE1, pname=0x813D, param=0)
[DEBUG] [FluorateGL] glBindVertexBuffer(binding=0, buf=38, offset=0, stride=24) desktop 38 -> GLES 38 (tid=13770)
[DEBUG] [FluorateGL] glBindBuffer(0x8893): desktop 40 -> GLES 40 (tid=13770)
[DEBUG] [FluorateGL] glDrawElements(mode=0x0004, count=12, type=0x1403, indices=0x0) bound_vao=2 bound_buf=40 (tid=13770)
[DEBUG] [FluorateGL] glFramebufferTexture2D(target=0x8CA9, attachment=0x8CE0, textarget=0x0DE1, texture=8, level=0)
[DEBUG] [FluorateGL] glFramebufferTexture2D(target=0x8CA9, attachment=0x8D00, textarget=0x0DE1, texture=0, level=0)
[DEBUG] [FluorateGL] glBindBuffer(0x8A11): desktop 15 -> GLES 15 (tid=13770)
[DEBUG] [FluorateGL] glFramebufferTexture2D(target=0x8D40, attachment=0x8CE0, textarget=0x0DE1, texture=0, level=0)
[DEBUG] [FluorateGL] glFramebufferTexture2D(target=0x8D40, attachment=0x8D00, textarget=0x0DE1, texture=7, level=0)
[DEBUG] [FluorateGL] glFramebufferTexture2D(target=0x8D40, attachment=0x8D00, textarget=0x0DE1, texture=0, level=0)
[DEBUG] [FluorateGL] glFramebufferTexture2D(target=0x8D40, attachment=0x8CE0, textarget=0x0DE1, texture=8, level=0)
[DEBUG] [FluorateGL] glFramebufferTexture2D(target=0x8D40, attachment=0x8D00, textarget=0x0DE1, texture=0, level=0)
[DEBUG] [FluorateGL] glFramebufferTexture2D(target=0x8D40, attachment=0x8CE0, textarget=0x0DE1, texture=0, level=0)
[DEBUG] [FluorateGL] glBindBuffer(0x8892): desktop 36 -> GLES 36 (tid=13770)
[DEBUG] [FluorateGL] glBindBuffer(0x8892): desktop 39 -> GLES 39 (tid=13770)
[DEBUG] [FluorateGL] glBindBuffer(0x8A11): desktop 3 -> GLES 3 (tid=13770)
[DEBUG] [FluorateGL] glBindVertexBuffer(binding=0, buf=36, offset=0, stride=16) desktop 36 -> GLES 36 (tid=13770)
[DEBUG] [FluorateGL] glBindBuffer(0x8893): desktop 40 -> GLES 40 (tid=13770)
[DEBUG] [FluorateGL] glDrawElements(mode=0x0004, count=30, type=0x1403, indices=0x0) bound_vao=1 bound_buf=40 (tid=13770)
[DEBUG] [FluorateGL] glTexParameteri(target=0x0DE1, pname=0x813C, param=0)
[DEBUG] [FluorateGL] glTexParameteri(target=0x0DE1, pname=0x813D, param=0)
[DEBUG] [FluorateGL] glBindVertexBuffer(binding=0, buf=39, offset=0, stride=24) desktop 39 -> GLES 39 (tid=13770)
[DEBUG] [FluorateGL] glBindBuffer(0x8893): desktop 40 -> GLES 40 (tid=13770)
[DEBUG] [FluorateGL] glDrawElements(mode=0x0004, count=12, type=0x1403, indices=0x0) bound_vao=2 bound_buf=40 (tid=13770)
[DEBUG] [FluorateGL] glFramebufferTexture2D(target=0x8CA9, attachment=0x8CE0, textarget=0x0DE1, texture=8, level=0)
[DEBUG] [FluorateGL] glFramebufferTexture2D(target=0x8CA9, attachment=0x8D00, textarget=0x0DE1, texture=0, level=0)
[DEBUG] [FluorateGL] glBindBuffer(0x8A11): desktop 15 -> GLES 15 (tid=13770)
[DEBUG] [FluorateGL] glFramebufferTexture2D(target=0x8D40, attachment=0x8CE0, textarget=0x0DE1, texture=0, level=0)
[DEBUG] [FluorateGL] glFramebufferTexture2D(target=0x8D40, attachment=0x8D00, textarget=0x0DE1, texture=7, level=0)
[DEBUG] [FluorateGL] glFramebufferTexture2D(target=0x8D40, attachment=0x8D00, textarget=0x0DE1, texture=0, level=0)
[DEBUG] [FluorateGL] glFramebufferTexture2D(target=0x8D40, attachment=0x8CE0, textarget=0x0DE1, texture=8, level=0)
[DEBUG] [FluorateGL] glFramebufferTexture2D(target=0x8D40, attachment=0x8D00, textarget=0x0DE1, texture=0, level=0)
[DEBUG] [FluorateGL] glFramebufferTexture2D(target=0x8D40, attachment=0x8CE0, textarget=0x0DE1, texture=0, level=0)
[DEBUG] [FluorateGL] glBindBuffer(0x8892): desktop 34 -> GLES 34 (tid=13770)
[DEBUG] [FluorateGL] glBindBuffer(0x8892): desktop 37 -> GLES 37 (tid=13770)
[DEBUG] [FluorateGL] glBindBuffer(0x8A11): desktop 1 -> GLES 1 (tid=13770)
[DEBUG] [FluorateGL] glBindVertexBuffer(binding=0, buf=34, offset=0, stride=16) desktop 34 -> GLES 34 (tid=13770)
[DEBUG] [FluorateGL] glBindBuffer(0x8893): desktop 40 -> GLES 40 (tid=13770)
[DEBUG] [FluorateGL] glDrawElements(mode=0x0004, count=30, type=0x1403, indices=0x0) bound_vao=1 bound_buf=40 (tid=13770)
[DEBUG] [FluorateGL] glTexParameteri(target=0x0DE1, pname=0x813C, param=0)
[DEBUG] [FluorateGL] glTexParameteri(target=0x0DE1, pname=0x813D, param=0)
[DEBUG] [FluorateGL] glBindVertexBuffer(binding=0, buf=37, offset=0, stride=24) desktop 37 -> GLES 37 (tid=13770)
[DEBUG] [FluorateGL] glBindBuffer(0x8893): desktop 40 -> GLES 40 (tid=13770)
[DEBUG] [FluorateGL] glDrawElements(mode=0x0004, count=12, type=0x1403, indices=0x0) bound_vao=2 bound_buf=40 (tid=13770)
[DEBUG] [FluorateGL] glFramebufferTexture2D(target=0x8CA9, attachment=0x8CE0, textarget=0x0DE1, texture=8, level=0)
[DEBUG] [FluorateGL] glFramebufferTexture2D(target=0x8CA9, attachment=0x8D00, textarget=0x0DE1, texture=0, level=0)
[DEBUG] [FluorateGL] glBindBuffer(0x8A11): desktop 15 -> GLES 15 (tid=13770)
[DEBUG] [FluorateGL] glFramebufferTexture2D(target=0x8D40, attachment=0x8CE0, textarget=0x0DE1, texture=0, level=0)
[DEBUG] [FluorateGL] glFramebufferTexture2D(target=0x8D40, attachment=0x8D00, textarget=0x0DE1, texture=7, level=0)
[DEBUG] [FluorateGL] glFramebufferTexture2D(target=0x8D40, attachment=0x8D00, textarget=0x0DE1, texture=0, level=0)
[DEBUG] [FluorateGL] glFramebufferTexture2D(target=0x8D40, attachment=0x8CE0, textarget=0x0DE1, texture=8, level=0)
[DEBUG] [FluorateGL] glFramebufferTexture2D(target=0x8D40, attachment=0x8D00, textarget=0x0DE1, texture=0, level=0)
[DEBUG] [FluorateGL] glFramebufferTexture2D(target=0x8D40, attachment=0x8CE0, textarget=0x0DE1, texture=0, level=0)
[DEBUG] [FluorateGL] glBindBuffer(0x8892): desktop 35 -> GLES 35 (tid=13770)
[DEBUG] [FluorateGL] glBindBuffer(0x8892): desktop 38 -> GLES 38 (tid=13770)
[DEBUG] [FluorateGL] glBindBuffer(0x8A11): desktop 2 -> GLES 2 (tid=13770)
[DEBUG] [FluorateGL] glBindVertexBuffer(binding=0, buf=35, offset=0, stride=16) desktop 35 -> GLES 35 (tid=13770)
[DEBUG] [FluorateGL] glBindBuffer(0x8893): desktop 40 -> GLES 40 (tid=13770)
[DEBUG] [FluorateGL] glDrawElements(mode=0x0004, count=30, type=0x1403, indices=0x0) bound_vao=1 bound_buf=40 (tid=13770)
[DEBUG] [FluorateGL] glTexParameteri(target=0x0DE1, pname=0x813C, param=0)
[DEBUG] [FluorateGL] glTexParameteri(target=0x0DE1, pname=0x813D, param=0)
[DEBUG] [FluorateGL] glBindVertexBuffer(binding=0, buf=38, offset=0, stride=24) desktop 38 -> GLES 38 (tid=13770)
[DEBUG] [FluorateGL] glBindBuffer(0x8893): desktop 40 -> GLES 40 (tid=13770)
[DEBUG] [FluorateGL] glDrawElements(mode=0x0004, count=12, type=0x1403, indices=0x0) bound_vao=2 bound_buf=40 (tid=13770)
[DEBUG] [FluorateGL] glFramebufferTexture2D(target=0x8CA9, attachment=0x8CE0, textarget=0x0DE1, texture=8, level=0)
[DEBUG] [FluorateGL] glFramebufferTexture2D(target=0x8CA9, attachment=0x8D00, textarget=0x0DE1, texture=0, level=0)
[DEBUG] [FluorateGL] glBindBuffer(0x8A11): desktop 15 -> GLES 15 (tid=13770)
[DEBUG] [FluorateGL] glFramebufferTexture2D(target=0x8D40, attachment=0x8CE0, textarget=0x0DE1, texture=0, level=0)
[DEBUG] [FluorateGL] glFramebufferTexture2D(target=0x8D40, attachment=0x8D00, textarget=0x0DE1, texture=7, level=0)
[DEBUG] [FluorateGL] glFramebufferTexture2D(target=0x8D40, attachment=0x8D00, textarget=0x0DE1, texture=0, level=0)
[DEBUG] [FluorateGL] glFramebufferTexture2D(target=0x8D40, attachment=0x8CE0, textarget=0x0DE1, texture=8, level=0)
[DEBUG] [FluorateGL] glFramebufferTexture2D(target=0x8D40, attachment=0x8D00, textarget=0x0DE1, texture=0, level=0)
[DEBUG] [FluorateGL] glFramebufferTexture2D(target=0x8D40, attachment=0x8CE0, textarget=0x0DE1, texture=0, level=0)
[DEBUG] [FluorateGL] glBindBuffer(0x8892): desktop 36 -> GLES 36 (tid=13770)
[DEBUG] [FluorateGL] glBindBuffer(0x8892): desktop 39 -> GLES 39 (tid=13770)
[DEBUG] [FluorateGL] glBindBuffer(0x8A11): desktop 3 -> GLES 3 (tid=13770)
[DEBUG] [FluorateGL] glBindVertexBuffer(binding=0, buf=36, offset=0, stride=16) desktop 36 -> GLES 36 (tid=13770)
[DEBUG] [FluorateGL] glBindBuffer(0x8893): desktop 40 -> GLES 40 (tid=13770)
[DEBUG] [FluorateGL] glDrawElements(mode=0x0004, count=30, type=0x1403, indices=0x0) bound_vao=1 bound_buf=40 (tid=13770)
[DEBUG] [FluorateGL] glTexParameteri(target=0x0DE1, pname=0x813C, param=0)
[DEBUG] [FluorateGL] glTexParameteri(target=0x0DE1, pname=0x813D, param=0)
[DEBUG] [FluorateGL] glBindVertexBuffer(binding=0, buf=39, offset=0, stride=24) desktop 39 -> GLES 39 (tid=13770)
[DEBUG] [FluorateGL] glBindBuffer(0x8893): desktop 40 -> GLES 40 (tid=13770)
[DEBUG] [FluorateGL] glDrawElements(mode=0x0004, count=12, type=0x1403, indices=0x0) bound_vao=2 bound_buf=40 (tid=13770)
[DEBUG] [FluorateGL] glFramebufferTexture2D(target=0x8CA9, attachment=0x8CE0, textarget=0x0DE1, texture=8, level=0)
[DEBUG] [FluorateGL] glFramebufferTexture2D(target=0x8CA9, attachment=0x8D00, textarget=0x0DE1, texture=0, level=0)
[DEBUG] [FluorateGL] glBindBuffer(0x8A11): desktop 15 -> GLES 15 (tid=13770)
[DEBUG] [FluorateGL] glFramebufferTexture2D(target=0x8D40, attachment=0x8CE0, textarget=0x0DE1, texture=0, level=0)
[DEBUG] [FluorateGL] glFramebufferTexture2D(target=0x8D40, attachment=0x8D00, textarget=0x0DE1, texture=7, level=0)
[DEBUG] [FluorateGL] glFramebufferTexture2D(target=0x8D40, attachment=0x8D00, textarget=0x0DE1, texture=0, level=0)
[DEBUG] [FluorateGL] glFramebufferTexture2D(target=0x8D40, attachment=0x8CE0, textarget=0x0DE1, texture=8, level=0)
[DEBUG] [FluorateGL] glFramebufferTexture2D(target=0x8D40, attachment=0x8D00, textarget=0x0DE1, texture=0, level=0)
[DEBUG] [FluorateGL] glFramebufferTexture2D(target=0x8D40, attachment=0x8CE0, textarget=0x0DE1, texture=0, level=0)
[DEBUG] [FluorateGL] glBindBuffer(0x8892): desktop 34 -> GLES 34 (tid=13770)
[DEBUG] [FluorateGL] glBindBuffer(0x8892): desktop 37 -> GLES 37 (tid=13770)
[DEBUG] [FluorateGL] glBindBuffer(0x8A11): desktop 1 -> GLES 1 (tid=13770)
[DEBUG] [FluorateGL] glBindVertexBuffer(binding=0, buf=34, offset=0, stride=16) desktop 34 -> GLES 34 (tid=13770)
[DEBUG] [FluorateGL] glBindBuffer(0x8893): desktop 40 -> GLES 40 (tid=13770)
[DEBUG] [FluorateGL] glDrawElements(mode=0x0004, count=30, type=0x1403, indices=0x0) bound_vao=1 bound_buf=40 (tid=13770)
[DEBUG] [FluorateGL] glTexParameteri(target=0x0DE1, pname=0x813C, param=0)
[DEBUG] [FluorateGL] glTexParameteri(target=0x0DE1, pname=0x813D, param=0)
[DEBUG] [FluorateGL] glBindVertexBuffer(binding=0, buf=37, offset=0, stride=24) desktop 37 -> GLES 37 (tid=13770)
[DEBUG] [FluorateGL] glBindBuffer(0x8893): desktop 40 -> GLES 40 (tid=13770)
[DEBUG] [FluorateGL] glDrawElements(mode=0x0004, count=12, type=0x1403, indices=0x0) bound_vao=2 bound_buf=40 (tid=13770)
[DEBUG] [FluorateGL] glFramebufferTexture2D(target=0x8CA9, attachment=0x8CE0, textarget=0x0DE1, texture=8, level=0)
[DEBUG] [FluorateGL] glFramebufferTexture2D(target=0x8CA9, attachment=0x8D00, textarget=0x0DE1, texture=0, level=0)
[DEBUG] [FluorateGL] glBindBuffer(0x8A11): desktop 15 -> GLES 15 (tid=13770)
[DEBUG] [FluorateGL] glFramebufferTexture2D(target=0x8D40, attachment=0x8CE0, textarget=0x0DE1, texture=0, level=0)
[DEBUG] [FluorateGL] glFramebufferTexture2D(target=0x8D40, attachment=0x8D00, textarget=0x0DE1, texture=7, level=0)
[DEBUG] [FluorateGL] glFramebufferTexture2D(target=0x8D40, attachment=0x8D00, textarget=0x0DE1, texture=0, level=0)
[DEBUG] [FluorateGL] glFramebufferTexture2D(target=0x8D40, attachment=0x8CE0, textarget=0x0DE1, texture=8, level=0)
[DEBUG] [FluorateGL] glFramebufferTexture2D(target=0x8D40, attachment=0x8D00, textarget=0x0DE1, texture=0, level=0)
[DEBUG] [FluorateGL] glFramebufferTexture2D(target=0x8D40, attachment=0x8CE0, textarget=0x0DE1, texture=0, level=0)
[DEBUG] [FluorateGL] glBindBuffer(0x8892): desktop 35 -> GLES 35 (tid=13770)
[DEBUG] [FluorateGL] glBindBuffer(0x8892): desktop 38 -> GLES 38 (tid=13770)
[DEBUG] [FluorateGL] glBindBuffer(0x8A11): desktop 2 -> GLES 2 (tid=13770)
[DEBUG] [FluorateGL] glBindVertexBuffer(binding=0, buf=35, offset=0, stride=16) desktop 35 -> GLES 35 (tid=13770)
[DEBUG] [FluorateGL] glBindBuffer(0x8893): desktop 40 -> GLES 40 (tid=13770)
[DEBUG] [FluorateGL] glDrawElements(mode=0x0004, count=30, type=0x1403, indices=0x0) bound_vao=1 bound_buf=40 (tid=13770)
[DEBUG] [FluorateGL] glTexParameteri(target=0x0DE1, pname=0x813C, param=0)
[DEBUG] [FluorateGL] glTexParameteri(target=0x0DE1, pname=0x813D, param=0)
[DEBUG] [FluorateGL] glBindVertexBuffer(binding=0, buf=38, offset=0, stride=24) desktop 38 -> GLES 38 (tid=13770)
[DEBUG] [FluorateGL] glBindBuffer(0x8893): desktop 40 -> GLES 40 (tid=13770)
[DEBUG] [FluorateGL] glDrawElements(mode=0x0004, count=12, type=0x1403, indices=0x0) bound_vao=2 bound_buf=40 (tid=13770)
[DEBUG] [FluorateGL] glFramebufferTexture2D(target=0x8CA9, attachment=0x8CE0, textarget=0x0DE1, texture=8, level=0)
[DEBUG] [FluorateGL] glFramebufferTexture2D(target=0x8CA9, attachment=0x8D00, textarget=0x0DE1, texture=0, level=0)
[DEBUG] [FluorateGL] glBindBuffer(0x8A11): desktop 15 -> GLES 15 (tid=13770)
[DEBUG] [FluorateGL] glFramebufferTexture2D(target=0x8D40, attachment=0x8CE0, textarget=0x0DE1, texture=0, level=0)
[DEBUG] [FluorateGL] glFramebufferTexture2D(target=0x8D40, attachment=0x8D00, textarget=0x0DE1, texture=7, level=0)
[DEBUG] [FluorateGL] glFramebufferTexture2D(target=0x8D40, attachment=0x8D00, textarget=0x0DE1, texture=0, level=0)
[DEBUG] [FluorateGL] glFramebufferTexture2D(target=0x8D40, attachment=0x8CE0, textarget=0x0DE1, texture=8, level=0)
[DEBUG] [FluorateGL] glFramebufferTexture2D(target=0x8D40, attachment=0x8D00, textarget=0x0DE1, texture=0, level=0)
[DEBUG] [FluorateGL] glFramebufferTexture2D(target=0x8D40, attachment=0x8CE0, textarget=0x0DE1, texture=0, level=0)
[DEBUG] [FluorateGL] glBindBuffer(0x8892): desktop 36 -> GLES 36 (tid=13770)
[DEBUG] [FluorateGL] glBindBuffer(0x8892): desktop 39 -> GLES 39 (tid=13770)
[DEBUG] [FluorateGL] glBindBuffer(0x8A11): desktop 3 -> GLES 3 (tid=13770)
[DEBUG] [FluorateGL] glBindVertexBuffer(binding=0, buf=36, offset=0, stride=16) desktop 36 -> GLES 36 (tid=13770)
[DEBUG] [FluorateGL] glBindBuffer(0x8893): desktop 40 -> GLES 40 (tid=13770)
[DEBUG] [FluorateGL] glDrawElements(mode=0x0004, count=30, type=0x1403, indices=0x0) bound_vao=1 bound_buf=40 (tid=13770)
[DEBUG] [FluorateGL] glTexParameteri(target=0x0DE1, pname=0x813C, param=0)
[DEBUG] [FluorateGL] glTexParameteri(target=0x0DE1, pname=0x813D, param=0)
[DEBUG] [FluorateGL] glBindVertexBuffer(binding=0, buf=39, offset=0, stride=24) desktop 39 -> GLES 39 (tid=13770)
[DEBUG] [FluorateGL] glBindBuffer(0x8893): desktop 40 -> GLES 40 (tid=13770)
[DEBUG] [FluorateGL] glDrawElements(mode=0x0004, count=12, type=0x1403, indices=0x0) bound_vao=2 bound_buf=40 (tid=13770)
[DEBUG] [FluorateGL] glFramebufferTexture2D(target=0x8CA9, attachment=0x8CE0, textarget=0x0DE1, texture=8, level=0)
[DEBUG] [FluorateGL] glFramebufferTexture2D(target=0x8CA9, attachment=0x8D00, textarget=0x0DE1, texture=0, level=0)
[DEBUG] [FluorateGL] glBindBuffer(0x8A11): desktop 15 -> GLES 15 (tid=13770)
[DEBUG] [FluorateGL] glFramebufferTexture2D(target=0x8D40, attachment=0x8CE0, textarget=0x0DE1, texture=0, level=0)
[DEBUG] [FluorateGL] glFramebufferTexture2D(target=0x8D40, attachment=0x8D00, textarget=0x0DE1, texture=7, level=0)
[DEBUG] [FluorateGL] glFramebufferTexture2D(target=0x8D40, attachment=0x8D00, textarget=0x0DE1, texture=0, level=0)
[DEBUG] [FluorateGL] glFramebufferTexture2D(target=0x8D40, attachment=0x8CE0, textarget=0x0DE1, texture=8, level=0)
[DEBUG] [FluorateGL] glFramebufferTexture2D(target=0x8D40, attachment=0x8D00, textarget=0x0DE1, texture=0, level=0)
[DEBUG] [FluorateGL] glFramebufferTexture2D(target=0x8D40, attachment=0x8CE0, textarget=0x0DE1, texture=0, level=0)
[DEBUG] [FluorateGL] glBindBuffer(0x8892): desktop 34 -> GLES 34 (tid=13770)
[DEBUG] [FluorateGL] glBindBuffer(0x8892): desktop 37 -> GLES 37 (tid=13770)
[DEBUG] [FluorateGL] glBindBuffer(0x8A11): desktop 1 -> GLES 1 (tid=13770)
[DEBUG] [FluorateGL] glBindVertexBuffer(binding=0, buf=34, offset=0, stride=16) desktop 34 -> GLES 34 (tid=13770)
[DEBUG] [FluorateGL] glBindBuffer(0x8893): desktop 40 -> GLES 40 (tid=13770)
[DEBUG] [FluorateGL] glDrawElements(mode=0x0004, count=30, type=0x1403, indices=0x0) bound_vao=1 bound_buf=40 (tid=13770)
[DEBUG] [FluorateGL] glTexParameteri(target=0x0DE1, pname=0x813C, param=0)
[DEBUG] [FluorateGL] glTexParameteri(target=0x0DE1, pname=0x813D, param=0)
[DEBUG] [FluorateGL] glBindVertexBuffer(binding=0, buf=37, offset=0, stride=24) desktop 37 -> GLES 37 (tid=13770)
[DEBUG] [FluorateGL] glBindBuffer(0x8893): desktop 40 -> GLES 40 (tid=13770)
[DEBUG] [FluorateGL] glDrawElements(mode=0x0004, count=12, type=0x1403, indices=0x0) bound_vao=2 bound_buf=40 (tid=13770)
[DEBUG] [FluorateGL] glFramebufferTexture2D(target=0x8CA9, attachment=0x8CE0, textarget=0x0DE1, texture=8, level=0)
[DEBUG] [FluorateGL] glFramebufferTexture2D(target=0x8CA9, attachment=0x8D00, textarget=0x0DE1, texture=0, level=0)
[DEBUG] [FluorateGL] glBindBuffer(0x8A11): desktop 15 -> GLES 15 (tid=13770)
[DEBUG] [FluorateGL] glFramebufferTexture2D(target=0x8D40, attachment=0x8CE0, textarget=0x0DE1, texture=0, level=0)
[DEBUG] [FluorateGL] glFramebufferTexture2D(target=0x8D40, attachment=0x8D00, textarget=0x0DE1, texture=7, level=0)
[DEBUG] [FluorateGL] glFramebufferTexture2D(target=0x8D40, attachment=0x8D00, textarget=0x0DE1, texture=0, level=0)
[DEBUG] [FluorateGL] glFramebufferTexture2D(target=0x8D40, attachment=0x8CE0, textarget=0x0DE1, texture=8, level=0)
[DEBUG] [FluorateGL] glFramebufferTexture2D(target=0x8D40, attachment=0x8D00, textarget=0x0DE1, texture=0, level=0)
[DEBUG] [FluorateGL] glFramebufferTexture2D(target=0x8D40, attachment=0x8CE0, textarget=0x0DE1, texture=0, level=0)
[DEBUG] [FluorateGL] glBindBuffer(0x8892): desktop 35 -> GLES 35 (tid=13770)
[DEBUG] [FluorateGL] glBindBuffer(0x8892): desktop 38 -> GLES 38 (tid=13770)
[DEBUG] [FluorateGL] glBindBuffer(0x8A11): desktop 2 -> GLES 2 (tid=13770)
[DEBUG] [FluorateGL] glBindVertexBuffer(binding=0, buf=35, offset=0, stride=16) desktop 35 -> GLES 35 (tid=13770)
[DEBUG] [FluorateGL] glBindBuffer(0x8893): desktop 40 -> GLES 40 (tid=13770)
[DEBUG] [FluorateGL] glDrawElements(mode=0x0004, count=30, type=0x1403, indices=0x0) bound_vao=1 bound_buf=40 (tid=13770)
[DEBUG] [FluorateGL] glTexParameteri(target=0x0DE1, pname=0x813C, param=0)
[DEBUG] [FluorateGL] glTexParameteri(target=0x0DE1, pname=0x813D, param=0)
[DEBUG] [FluorateGL] glBindVertexBuffer(binding=0, buf=38, offset=0, stride=24) desktop 38 -> GLES 38 (tid=13770)
[DEBUG] [FluorateGL] glBindBuffer(0x8893): desktop 40 -> GLES 40 (tid=13770)
[DEBUG] [FluorateGL] glDrawElements(mode=0x0004, count=12, type=0x1403, indices=0x0) bound_vao=2 bound_buf=40 (tid=13770)
[DEBUG] [FluorateGL] glFramebufferTexture2D(target=0x8CA9, attachment=0x8CE0, textarget=0x0DE1, texture=8, level=0)
[DEBUG] [FluorateGL] glFramebufferTexture2D(target=0x8CA9, attachment=0x8D00, textarget=0x0DE1, texture=0, level=0)
[DEBUG] [FluorateGL] glBindBuffer(0x8A11): desktop 15 -> GLES 15 (tid=13770)
[DEBUG] [FluorateGL] glFramebufferTexture2D(target=0x8D40, attachment=0x8CE0, textarget=0x0DE1, texture=0, level=0)
[DEBUG] [FluorateGL] glFramebufferTexture2D(target=0x8D40, attachment=0x8D00, textarget=0x0DE1, texture=7, level=0)
[DEBUG] [FluorateGL] glFramebufferTexture2D(target=0x8D40, attachment=0x8D00, textarget=0x0DE1, texture=0, level=0)
[DEBUG] [FluorateGL] glFramebufferTexture2D(target=0x8D40, attachment=0x8CE0, textarget=0x0DE1, texture=8, level=0)
[DEBUG] [FluorateGL] glFramebufferTexture2D(target=0x8D40, attachment=0x8D00, textarget=0x0DE1, texture=0, level=0)
[DEBUG] [FluorateGL] glFramebufferTexture2D(target=0x8D40, attachment=0x8CE0, textarget=0x0DE1, texture=0, level=0)
[DEBUG] [FluorateGL] glBindBuffer(0x8892): desktop 36 -> GLES 36 (tid=13770)
[DEBUG] [FluorateGL] glBindBuffer(0x8892): desktop 39 -> GLES 39 (tid=13770)
[DEBUG] [FluorateGL] glBindBuffer(0x8A11): desktop 3 -> GLES 3 (tid=13770)
[DEBUG] [FluorateGL] glBindVertexBuffer(binding=0, buf=36, offset=0, stride=16) desktop 36 -> GLES 36 (tid=13770)
[DEBUG] [FluorateGL] glBindBuffer(0x8893): desktop 40 -> GLES 40 (tid=13770)
[DEBUG] [FluorateGL] glDrawElements(mode=0x0004, count=30, type=0x1403, indices=0x0) bound_vao=1 bound_buf=40 (tid=13770)
[DEBUG] [FluorateGL] glTexParameteri(target=0x0DE1, pname=0x813C, param=0)
[DEBUG] [FluorateGL] glTexParameteri(target=0x0DE1, pname=0x813D, param=0)
[DEBUG] [FluorateGL] glBindVertexBuffer(binding=0, buf=39, offset=0, stride=24) desktop 39 -> GLES 39 (tid=13770)
[DEBUG] [FluorateGL] glBindBuffer(0x8893): desktop 40 -> GLES 40 (tid=13770)
[DEBUG] [FluorateGL] glDrawElements(mode=0x0004, count=12, type=0x1403, indices=0x0) bound_vao=2 bound_buf=40 (tid=13770)
[DEBUG] [FluorateGL] glFramebufferTexture2D(target=0x8CA9, attachment=0x8CE0, textarget=0x0DE1, texture=8, level=0)
[DEBUG] [FluorateGL] glFramebufferTexture2D(target=0x8CA9, attachment=0x8D00, textarget=0x0DE1, texture=0, level=0)
[DEBUG] [FluorateGL] glBindBuffer(0x8A11): desktop 15 -> GLES 15 (tid=13770)
[DEBUG] [FluorateGL] glFramebufferTexture2D(target=0x8D40, attachment=0x8CE0, textarget=0x0DE1, texture=0, level=0)
[DEBUG] [FluorateGL] glFramebufferTexture2D(target=0x8D40, attachment=0x8D00, textarget=0x0DE1, texture=7, level=0)
[DEBUG] [FluorateGL] glFramebufferTexture2D(target=0x8D40, attachment=0x8D00, textarget=0x0DE1, texture=0, level=0)
[DEBUG] [FluorateGL] glFramebufferTexture2D(target=0x8D40, attachment=0x8CE0, textarget=0x0DE1, texture=8, level=0)
[DEBUG] [FluorateGL] glFramebufferTexture2D(target=0x8D40, attachment=0x8D00, textarget=0x0DE1, texture=0, level=0)
[DEBUG] [FluorateGL] glFramebufferTexture2D(target=0x8D40, attachment=0x8CE0, textarget=0x0DE1, texture=0, level=0)
[DEBUG] [FluorateGL] glBindBuffer(0x8892): desktop 34 -> GLES 34 (tid=13770)
[DEBUG] [FluorateGL] glBindBuffer(0x8892): desktop 37 -> GLES 37 (tid=13770)
[DEBUG] [FluorateGL] glBindBuffer(0x8A11): desktop 1 -> GLES 1 (tid=13770)
[DEBUG] [FluorateGL] glBindVertexBuffer(binding=0, buf=34, offset=0, stride=16) desktop 34 -> GLES 34 (tid=13770)
[DEBUG] [FluorateGL] glBindBuffer(0x8893): desktop 40 -> GLES 40 (tid=13770)
[DEBUG] [FluorateGL] glDrawElements(mode=0x0004, count=30, type=0x1403, indices=0x0) bound_vao=1 bound_buf=40 (tid=13770)
[DEBUG] [FluorateGL] glTexParameteri(target=0x0DE1, pname=0x813C, param=0)
[DEBUG] [FluorateGL] glTexParameteri(target=0x0DE1, pname=0x813D, param=0)
[DEBUG] [FluorateGL] glBindVertexBuffer(binding=0, buf=37, offset=0, stride=24) desktop 37 -> GLES 37 (tid=13770)
[DEBUG] [FluorateGL] glBindBuffer(0x8893): desktop 40 -> GLES 40 (tid=13770)
[DEBUG] [FluorateGL] glDrawElements(mode=0x0004, count=12, type=0x1403, indices=0x0) bound_vao=2 bound_buf=40 (tid=13770)
[DEBUG] [FluorateGL] glFramebufferTexture2D(target=0x8CA9, attachment=0x8CE0, textarget=0x0DE1, texture=8, level=0)
[DEBUG] [FluorateGL] glFramebufferTexture2D(target=0x8CA9, attachment=0x8D00, textarget=0x0DE1, texture=0, level=0)
[DEBUG] [FluorateGL] glBindBuffer(0x8A11): desktop 15 -> GLES 15 (tid=13770)
[DEBUG] [FluorateGL] glFramebufferTexture2D(target=0x8D40, attachment=0x8CE0, textarget=0x0DE1, texture=0, level=0)
[DEBUG] [FluorateGL] glFramebufferTexture2D(target=0x8D40, attachment=0x8D00, textarget=0x0DE1, texture=7, level=0)
[DEBUG] [FluorateGL] glFramebufferTexture2D(target=0x8D40, attachment=0x8D00, textarget=0x0DE1, texture=0, level=0)
[DEBUG] [FluorateGL] glFramebufferTexture2D(target=0x8D40, attachment=0x8CE0, textarget=0x0DE1, texture=8, level=0)
[DEBUG] [FluorateGL] glFramebufferTexture2D(target=0x8D40, attachment=0x8D00, textarget=0x0DE1, texture=0, level=0)
[DEBUG] [FluorateGL] glFramebufferTexture2D(target=0x8D40, attachment=0x8CE0, textarget=0x0DE1, texture=0, level=0)
[DEBUG] [FluorateGL] glBindBuffer(0x8892): desktop 35 -> GLES 35 (tid=13770)
[DEBUG] [FluorateGL] glBindBuffer(0x8892): desktop 38 -> GLES 38 (tid=13770)
[DEBUG] [FluorateGL] glBindBuffer(0x8A11): desktop 2 -> GLES 2 (tid=13770)
[DEBUG] [FluorateGL] glBindVertexBuffer(binding=0, buf=35, offset=0, stride=16) desktop 35 -> GLES 35 (tid=13770)
[DEBUG] [FluorateGL] glBindBuffer(0x8893): desktop 40 -> GLES 40 (tid=13770)
[DEBUG] [FluorateGL] glDrawElements(mode=0x0004, count=30, type=0x1403, indices=0x0) bound_vao=1 bound_buf=40 (tid=13770)
[DEBUG] [FluorateGL] glTexParameteri(target=0x0DE1, pname=0x813C, param=0)
[DEBUG] [FluorateGL] glTexParameteri(target=0x0DE1, pname=0x813D, param=0)
[DEBUG] [FluorateGL] glBindVertexBuffer(binding=0, buf=38, offset=0, stride=24) desktop 38 -> GLES 38 (tid=13770)
[DEBUG] [FluorateGL] glBindBuffer(0x8893): desktop 40 -> GLES 40 (tid=13770)
[DEBUG] [FluorateGL] glDrawElements(mode=0x0004, count=12, type=0x1403, indices=0x0) bound_vao=2 bound_buf=40 (tid=13770)
[DEBUG] [FluorateGL] glFramebufferTexture2D(target=0x8CA9, attachment=0x8CE0, textarget=0x0DE1, texture=8, level=0)
[DEBUG] [FluorateGL] glFramebufferTexture2D(target=0x8CA9, attachment=0x8D00, textarget=0x0DE1, texture=0, level=0)
[DEBUG] [FluorateGL] glBindBuffer(0x8A11): desktop 15 -> GLES 15 (tid=13770)
[DEBUG] [FluorateGL] glFramebufferTexture2D(target=0x8D40, attachment=0x8CE0, textarget=0x0DE1, texture=0, level=0)
[DEBUG] [FluorateGL] glFramebufferTexture2D(target=0x8D40, attachment=0x8D00, textarget=0x0DE1, texture=7, level=0)
[DEBUG] [FluorateGL] glFramebufferTexture2D(target=0x8D40, attachment=0x8D00, textarget=0x0DE1, texture=0, level=0)
[DEBUG] [FluorateGL] glFramebufferTexture2D(target=0x8D40, attachment=0x8CE0, textarget=0x0DE1, texture=8, level=0)
[DEBUG] [FluorateGL] glFramebufferTexture2D(target=0x8D40, attachment=0x8D00, textarget=0x0DE1, texture=0, level=0)
[DEBUG] [FluorateGL] glFramebufferTexture2D(target=0x8D40, attachment=0x8CE0, textarget=0x0DE1, texture=0, level=0)
[DEBUG] [FluorateGL] glBindBuffer(0x8892): desktop 36 -> GLES 36 (tid=13770)
[DEBUG] [FluorateGL] glBindBuffer(0x8892): desktop 39 -> GLES 39 (tid=13770)
[DEBUG] [FluorateGL] glBindBuffer(0x8A11): desktop 3 -> GLES 3 (tid=13770)
[DEBUG] [FluorateGL] glBindVertexBuffer(binding=0, buf=36, offset=0, stride=16) desktop 36 -> GLES 36 (tid=13770)
[DEBUG] [FluorateGL] glBindBuffer(0x8893): desktop 40 -> GLES 40 (tid=13770)
[DEBUG] [FluorateGL] glDrawElements(mode=0x0004, count=30, type=0x1403, indices=0x0) bound_vao=1 bound_buf=40 (tid=13770)
[DEBUG] [FluorateGL] glTexParameteri(target=0x0DE1, pname=0x813C, param=0)
[DEBUG] [FluorateGL] glTexParameteri(target=0x0DE1, pname=0x813D, param=0)
[DEBUG] [FluorateGL] glBindVertexBuffer(binding=0, buf=39, offset=0, stride=24) desktop 39 -> GLES 39 (tid=13770)
[DEBUG] [FluorateGL] glBindBuffer(0x8893): desktop 40 -> GLES 40 (tid=13770)
[DEBUG] [FluorateGL] glDrawElements(mode=0x0004, count=12, type=0x1403, indices=0x0) bound_vao=2 bound_buf=40 (tid=13770)
[DEBUG] [FluorateGL] glFramebufferTexture2D(target=0x8CA9, attachment=0x8CE0, textarget=0x0DE1, texture=8, level=0)
[DEBUG] [FluorateGL] glFramebufferTexture2D(target=0x8CA9, attachment=0x8D00, textarget=0x0DE1, texture=0, level=0)
[DEBUG] [FluorateGL] glBindBuffer(0x8A11): desktop 15 -> GLES 15 (tid=13770)
[DEBUG] [FluorateGL] glFramebufferTexture2D(target=0x8D40, attachment=0x8CE0, textarget=0x0DE1, texture=0, level=0)
[DEBUG] [FluorateGL] glFramebufferTexture2D(target=0x8D40, attachment=0x8D00, textarget=0x0DE1, texture=7, level=0)
[DEBUG] [FluorateGL] glFramebufferTexture2D(target=0x8D40, attachment=0x8D00, textarget=0x0DE1, texture=0, level=0)
[DEBUG] [FluorateGL] glFramebufferTexture2D(target=0x8D40, attachment=0x8CE0, textarget=0x0DE1, texture=8, level=0)
[DEBUG] [FluorateGL] glFramebufferTexture2D(target=0x8D40, attachment=0x8D00, textarget=0x0DE1, texture=0, level=0)
[DEBUG] [FluorateGL] glFramebufferTexture2D(target=0x8D40, attachment=0x8CE0, textarget=0x0DE1, texture=0, level=0)
[DEBUG] [FluorateGL] glBindBuffer(0x8892): desktop 34 -> GLES 34 (tid=13770)
[DEBUG] [FluorateGL] glBindBuffer(0x8892): desktop 37 -> GLES 37 (tid=13770)
[DEBUG] [FluorateGL] glBindBuffer(0x8A11): desktop 1 -> GLES 1 (tid=13770)
[DEBUG] [FluorateGL] glBindVertexBuffer(binding=0, buf=34, offset=0, stride=16) desktop 34 -> GLES 34 (tid=13770)
[DEBUG] [FluorateGL] glBindBuffer(0x8893): desktop 40 -> GLES 40 (tid=13770)
[DEBUG] [FluorateGL] glDrawElements(mode=0x0004, count=30, type=0x1403, indices=0x0) bound_vao=1 bound_buf=40 (tid=13770)
[DEBUG] [FluorateGL] glTexParameteri(target=0x0DE1, pname=0x813C, param=0)
[DEBUG] [FluorateGL] glTexParameteri(target=0x0DE1, pname=0x813D, param=0)
[DEBUG] [FluorateGL] glBindVertexBuffer(binding=0, buf=37, offset=0, stride=24) desktop 37 -> GLES 37 (tid=13770)
[DEBUG] [FluorateGL] glBindBuffer(0x8893): desktop 40 -> GLES 40 (tid=13770)
[DEBUG] [FluorateGL] glDrawElements(mode=0x0004, count=12, type=0x1403, indices=0x0) bound_vao=2 bound_buf=40 (tid=13770)
[DEBUG] [FluorateGL] glFramebufferTexture2D(target=0x8CA9, attachment=0x8CE0, textarget=0x0DE1, texture=8, level=0)
[DEBUG] [FluorateGL] glFramebufferTexture2D(target=0x8CA9, attachment=0x8D00, textarget=0x0DE1, texture=0, level=0)
[DEBUG] [FluorateGL] glBindBuffer(0x8A11): desktop 15 -> GLES 15 (tid=13770)
[DEBUG] [FluorateGL] glFramebufferTexture2D(target=0x8D40, attachment=0x8CE0, textarget=0x0DE1, texture=0, level=0)
[DEBUG] [FluorateGL] glFramebufferTexture2D(target=0x8D40, attachment=0x8D00, textarget=0x0DE1, texture=7, level=0)
[DEBUG] [FluorateGL] glFramebufferTexture2D(target=0x8D40, attachment=0x8D00, textarget=0x0DE1, texture=0, level=0)
[DEBUG] [FluorateGL] glFramebufferTexture2D(target=0x8D40, attachment=0x8CE0, textarget=0x0DE1, texture=8, level=0)
[DEBUG] [FluorateGL] glFramebufferTexture2D(target=0x8D40, attachment=0x8D00, textarget=0x0DE1, texture=0, level=0)
[DEBUG] [FluorateGL] glFramebufferTexture2D(target=0x8D40, attachment=0x8CE0, textarget=0x0DE1, texture=0, level=0)
[DEBUG] [FluorateGL] glBindBuffer(0x8892): desktop 35 -> GLES 35 (tid=13770)
[DEBUG] [FluorateGL] glBindBuffer(0x8892): desktop 38 -> GLES 38 (tid=13770)
[DEBUG] [FluorateGL] glBindBuffer(0x8A11): desktop 2 -> GLES 2 (tid=13770)
[DEBUG] [FluorateGL] glBindVertexBuffer(binding=0, buf=35, offset=0, stride=16) desktop 35 -> GLES 35 (tid=13770)
[DEBUG] [FluorateGL] glBindBuffer(0x8893): desktop 40 -> GLES 40 (tid=13770)
[DEBUG] [FluorateGL] glDrawElements(mode=0x0004, count=30, type=0x1403, indices=0x0) bound_vao=1 bound_buf=40 (tid=13770)
[DEBUG] [FluorateGL] glTexParameteri(target=0x0DE1, pname=0x813C, param=0)
[DEBUG] [FluorateGL] glTexParameteri(target=0x0DE1, pname=0x813D, param=0)
[DEBUG] [FluorateGL] glBindVertexBuffer(binding=0, buf=38, offset=0, stride=24) desktop 38 -> GLES 38 (tid=13770)
[DEBUG] [FluorateGL] glBindBuffer(0x8893): desktop 40 -> GLES 40 (tid=13770)
[DEBUG] [FluorateGL] glDrawElements(mode=0x0004, count=12, type=0x1403, indices=0x0) bound_vao=2 bound_buf=40 (tid=13770)
[DEBUG] [FluorateGL] glFramebufferTexture2D(target=0x8CA9, attachment=0x8CE0, textarget=0x0DE1, texture=8, level=0)
[DEBUG] [FluorateGL] glFramebufferTexture2D(target=0x8CA9, attachment=0x8D00, textarget=0x0DE1, texture=0, level=0)
[DEBUG] [FluorateGL] glBindBuffer(0x8A11): desktop 15 -> GLES 15 (tid=13770)
[DEBUG] [FluorateGL] glFramebufferTexture2D(target=0x8D40, attachment=0x8CE0, textarget=0x0DE1, texture=0, level=0)
[DEBUG] [FluorateGL] glFramebufferTexture2D(target=0x8D40, attachment=0x8D00, textarget=0x0DE1, texture=7, level=0)
[DEBUG] [FluorateGL] glFramebufferTexture2D(target=0x8D40, attachment=0x8D00, textarget=0x0DE1, texture=0, level=0)
[DEBUG] [FluorateGL] glFramebufferTexture2D(target=0x8D40, attachment=0x8CE0, textarget=0x0DE1, texture=8, level=0)
[DEBUG] [FluorateGL] glFramebufferTexture2D(target=0x8D40, attachment=0x8D00, textarget=0x0DE1, texture=0, level=0)
[DEBUG] [FluorateGL] glFramebufferTexture2D(target=0x8D40, attachment=0x8CE0, textarget=0x0DE1, texture=0, level=0)
[DEBUG] [FluorateGL] glBindBuffer(0x8892): desktop 36 -> GLES 36 (tid=13770)
[DEBUG] [FluorateGL] glBindBuffer(0x8892): desktop 39 -> GLES 39 (tid=13770)
[DEBUG] [FluorateGL] glBindBuffer(0x8A11): desktop 3 -> GLES 3 (tid=13770)
[DEBUG] [FluorateGL] glBindVertexBuffer(binding=0, buf=36, offset=0, stride=16) desktop 36 -> GLES 36 (tid=13770)
[DEBUG] [FluorateGL] glBindBuffer(0x8893): desktop 40 -> GLES 40 (tid=13770)
[DEBUG] [FluorateGL] glDrawElements(mode=0x0004, count=30, type=0x1403, indices=0x0) bound_vao=1 bound_buf=40 (tid=13770)
[DEBUG] [FluorateGL] glTexParameteri(target=0x0DE1, pname=0x813C, param=0)
[DEBUG] [FluorateGL] glTexParameteri(target=0x0DE1, pname=0x813D, param=0)
[DEBUG] [FluorateGL] glBindVertexBuffer(binding=0, buf=39, offset=0, stride=24) desktop 39 -> GLES 39 (tid=13770)
[DEBUG] [FluorateGL] glBindBuffer(0x8893): desktop 40 -> GLES 40 (tid=13770)
[DEBUG] [FluorateGL] glDrawElements(mode=0x0004, count=12, type=0x1403, indices=0x0) bound_vao=2 bound_buf=40 (tid=13770)
[DEBUG] [FluorateGL] glFramebufferTexture2D(target=0x8CA9, attachment=0x8CE0, textarget=0x0DE1, texture=8, level=0)
[DEBUG] [FluorateGL] glFramebufferTexture2D(target=0x8CA9, attachment=0x8D00, textarget=0x0DE1, texture=0, level=0)
[DEBUG] [FluorateGL] glBindBuffer(0x8A11): desktop 15 -> GLES 15 (tid=13770)
[DEBUG] [FluorateGL] glFramebufferTexture2D(target=0x8D40, attachment=0x8CE0, textarget=0x0DE1, texture=0, level=0)
[DEBUG] [FluorateGL] glFramebufferTexture2D(target=0x8D40, attachment=0x8D00, textarget=0x0DE1, texture=7, level=0)
[DEBUG] [FluorateGL] glFramebufferTexture2D(target=0x8D40, attachment=0x8D00, textarget=0x0DE1, texture=0, level=0)
[DEBUG] [FluorateGL] glFramebufferTexture2D(target=0x8D40, attachment=0x8CE0, textarget=0x0DE1, texture=8, level=0)
[DEBUG] [FluorateGL] glFramebufferTexture2D(target=0x8D40, attachment=0x8D00, textarget=0x0DE1, texture=0, level=0)
[DEBUG] [FluorateGL] glFramebufferTexture2D(target=0x8D40, attachment=0x8CE0, textarget=0x0DE1, texture=0, level=0)
[DEBUG] [FluorateGL] glBindBuffer(0x8892): desktop 34 -> GLES 34 (tid=13770)
[DEBUG] [FluorateGL] glBindBuffer(0x8892): desktop 37 -> GLES 37 (tid=13770)
[DEBUG] [FluorateGL] glBindBuffer(0x8A11): desktop 1 -> GLES 1 (tid=13770)
[DEBUG] [FluorateGL] glBindVertexBuffer(binding=0, buf=34, offset=0, stride=16) desktop 34 -> GLES 34 (tid=13770)
[DEBUG] [FluorateGL] glBindBuffer(0x8893): desktop 40 -> GLES 40 (tid=13770)
[DEBUG] [FluorateGL] glDrawElements(mode=0x0004, count=30, type=0x1403, indices=0x0) bound_vao=1 bound_buf=40 (tid=13770)
[DEBUG] [FluorateGL] glTexParameteri(target=0x0DE1, pname=0x813C, param=0)
[DEBUG] [FluorateGL] glTexParameteri(target=0x0DE1, pname=0x813D, param=0)
[DEBUG] [FluorateGL] glBindVertexBuffer(binding=0, buf=37, offset=0, stride=24) desktop 37 -> GLES 37 (tid=13770)
[DEBUG] [FluorateGL] glBindBuffer(0x8893): desktop 40 -> GLES 40 (tid=13770)
[DEBUG] [FluorateGL] glDrawElements(mode=0x0004, count=12, type=0x1403, indices=0x0) bound_vao=2 bound_buf=40 (tid=13770)
[DEBUG] [FluorateGL] glFramebufferTexture2D(target=0x8CA9, attachment=0x8CE0, textarget=0x0DE1, texture=8, level=0)
[DEBUG] [FluorateGL] glFramebufferTexture2D(target=0x8CA9, attachment=0x8D00, textarget=0x0DE1, texture=0, level=0)
[DEBUG] [FluorateGL] glBindBuffer(0x8A11): desktop 15 -> GLES 15 (tid=13770)
[DEBUG] [FluorateGL] glFramebufferTexture2D(target=0x8D40, attachment=0x8CE0, textarget=0x0DE1, texture=0, level=0)
[DEBUG] [FluorateGL] glFramebufferTexture2D(target=0x8D40, attachment=0x8D00, textarget=0x0DE1, texture=7, level=0)
[DEBUG] [FluorateGL] glFramebufferTexture2D(target=0x8D40, attachment=0x8D00, textarget=0x0DE1, texture=0, level=0)
[DEBUG] [FluorateGL] glFramebufferTexture2D(target=0x8D40, attachment=0x8CE0, textarget=0x0DE1, texture=8, level=0)
[DEBUG] [FluorateGL] glFramebufferTexture2D(target=0x8D40, attachment=0x8D00, textarget=0x0DE1, texture=0, level=0)
[DEBUG] [FluorateGL] glFramebufferTexture2D(target=0x8D40, attachment=0x8CE0, textarget=0x0DE1, texture=0, level=0)
[DEBUG] [FluorateGL] glBindBuffer(0x8892): desktop 35 -> GLES 35 (tid=13770)
[DEBUG] [FluorateGL] glBindBuffer(0x8892): desktop 38 -> GLES 38 (tid=13770)
[DEBUG] [FluorateGL] glBindBuffer(0x8A11): desktop 2 -> GLES 2 (tid=13770)
[DEBUG] [FluorateGL] glBindVertexBuffer(binding=0, buf=35, offset=0, stride=16) desktop 35 -> GLES 35 (tid=13770)
[DEBUG] [FluorateGL] glBindBuffer(0x8893): desktop 40 -> GLES 40 (tid=13770)
[DEBUG] [FluorateGL] glDrawElements(mode=0x0004, count=30, type=0x1403, indices=0x0) bound_vao=1 bound_buf=40 (tid=13770)
[DEBUG] [FluorateGL] glTexParameteri(target=0x0DE1, pname=0x813C, param=0)
[DEBUG] [FluorateGL] glTexParameteri(target=0x0DE1, pname=0x813D, param=0)
[DEBUG] [FluorateGL] glBindVertexBuffer(binding=0, buf=38, offset=0, stride=24) desktop 38 -> GLES 38 (tid=13770)
[DEBUG] [FluorateGL] glBindBuffer(0x8893): desktop 40 -> GLES 40 (tid=13770)
[DEBUG] [FluorateGL] glDrawElements(mode=0x0004, count=12, type=0x1403, indices=0x0) bound_vao=2 bound_buf=40 (tid=13770)
[DEBUG] [FluorateGL] glFramebufferTexture2D(target=0x8CA9, attachment=0x8CE0, textarget=0x0DE1, texture=8, level=0)
[DEBUG] [FluorateGL] glFramebufferTexture2D(target=0x8CA9, attachment=0x8D00, textarget=0x0DE1, texture=0, level=0)
[DEBUG] [FluorateGL] glBindBuffer(0x8A11): desktop 15 -> GLES 15 (tid=13770)
[DEBUG] [FluorateGL] glFramebufferTexture2D(target=0x8D40, attachment=0x8CE0, textarget=0x0DE1, texture=0, level=0)
[DEBUG] [FluorateGL] glFramebufferTexture2D(target=0x8D40, attachment=0x8D00, textarget=0x0DE1, texture=7, level=0)
[DEBUG] [FluorateGL] glFramebufferTexture2D(target=0x8D40, attachment=0x8D00, textarget=0x0DE1, texture=0, level=0)
[DEBUG] [FluorateGL] glFramebufferTexture2D(target=0x8D40, attachment=0x8CE0, textarget=0x0DE1, texture=8, level=0)
[DEBUG] [FluorateGL] glFramebufferTexture2D(target=0x8D40, attachment=0x8D00, textarget=0x0DE1, texture=0, level=0)
[DEBUG] [FluorateGL] glFramebufferTexture2D(target=0x8D40, attachment=0x8CE0, textarget=0x0DE1, texture=0, level=0)
[DEBUG] [FluorateGL] glBindBuffer(0x8892): desktop 36 -> GLES 36 (tid=13770)
[DEBUG] [FluorateGL] glBindBuffer(0x8892): desktop 39 -> GLES 39 (tid=13770)
[DEBUG] [FluorateGL] glBindBuffer(0x8A11): desktop 3 -> GLES 3 (tid=13770)
[DEBUG] [FluorateGL] glBindVertexBuffer(binding=0, buf=36, offset=0, stride=16) desktop 36 -> GLES 36 (tid=13770)
[DEBUG] [FluorateGL] glBindBuffer(0x8893): desktop 40 -> GLES 40 (tid=13770)
[DEBUG] [FluorateGL] glDrawElements(mode=0x0004, count=30, type=0x1403, indices=0x0) bound_vao=1 bound_buf=40 (tid=13770)
[DEBUG] [FluorateGL] glTexParameteri(target=0x0DE1, pname=0x813C, param=0)
[DEBUG] [FluorateGL] glTexParameteri(target=0x0DE1, pname=0x813D, param=0)
[DEBUG] [FluorateGL] glBindVertexBuffer(binding=0, buf=39, offset=0, stride=24) desktop 39 -> GLES 39 (tid=13770)
[DEBUG] [FluorateGL] glBindBuffer(0x8893): desktop 40 -> GLES 40 (tid=13770)
[DEBUG] [FluorateGL] glDrawElements(mode=0x0004, count=12, type=0x1403, indices=0x0) bound_vao=2 bound_buf=40 (tid=13770)
[DEBUG] [FluorateGL] glFramebufferTexture2D(target=0x8CA9, attachment=0x8CE0, textarget=0x0DE1, texture=8, level=0)
[DEBUG] [FluorateGL] glFramebufferTexture2D(target=0x8CA9, attachment=0x8D00, textarget=0x0DE1, texture=0, level=0)
[DEBUG] [FluorateGL] glBindBuffer(0x8A11): desktop 15 -> GLES 15 (tid=13770)
[DEBUG] [FluorateGL] glFramebufferTexture2D(target=0x8D40, attachment=0x8CE0, textarget=0x0DE1, texture=0, level=0)
[DEBUG] [FluorateGL] glFramebufferTexture2D(target=0x8D40, attachment=0x8D00, textarget=0x0DE1, texture=7, level=0)
[DEBUG] [FluorateGL] glFramebufferTexture2D(target=0x8D40, attachment=0x8D00, textarget=0x0DE1, texture=0, level=0)
[DEBUG] [FluorateGL] glFramebufferTexture2D(target=0x8D40, attachment=0x8CE0, textarget=0x0DE1, texture=8, level=0)
[DEBUG] [FluorateGL] glFramebufferTexture2D(target=0x8D40, attachment=0x8D00, textarget=0x0DE1, texture=0, level=0)
[DEBUG] [FluorateGL] glFramebufferTexture2D(target=0x8D40, attachment=0x8CE0, textarget=0x0DE1, texture=0, level=0)
[DEBUG] [FluorateGL] glBindBuffer(0x8892): desktop 34 -> GLES 34 (tid=13770)
[DEBUG] [FluorateGL] glBindBuffer(0x8892): desktop 37 -> GLES 37 (tid=13770)
[DEBUG] [FluorateGL] glBindBuffer(0x8A11): desktop 1 -> GLES 1 (tid=13770)
[DEBUG] [FluorateGL] glBindVertexBuffer(binding=0, buf=34, offset=0, stride=16) desktop 34 -> GLES 34 (tid=13770)
[DEBUG] [FluorateGL] glBindBuffer(0x8893): desktop 40 -> GLES 40 (tid=13770)
[DEBUG] [FluorateGL] glDrawElements(mode=0x0004, count=30, type=0x1403, indices=0x0) bound_vao=1 bound_buf=40 (tid=13770)
[DEBUG] [FluorateGL] glTexParameteri(target=0x0DE1, pname=0x813C, param=0)
[DEBUG] [FluorateGL] glTexParameteri(target=0x0DE1, pname=0x813D, param=0)
[DEBUG] [FluorateGL] glBindVertexBuffer(binding=0, buf=37, offset=0, stride=24) desktop 37 -> GLES 37 (tid=13770)
[DEBUG] [FluorateGL] glBindBuffer(0x8893): desktop 40 -> GLES 40 (tid=13770)
[DEBUG] [FluorateGL] glDrawElements(mode=0x0004, count=12, type=0x1403, indices=0x0) bound_vao=2 bound_buf=40 (tid=13770)
[DEBUG] [FluorateGL] glFramebufferTexture2D(target=0x8CA9, attachment=0x8CE0, textarget=0x0DE1, texture=8, level=0)
[DEBUG] [FluorateGL] glFramebufferTexture2D(target=0x8CA9, attachment=0x8D00, textarget=0x0DE1, texture=0, level=0)
[DEBUG] [FluorateGL] glBindBuffer(0x8A11): desktop 15 -> GLES 15 (tid=13770)
[DEBUG] [FluorateGL] glFramebufferTexture2D(target=0x8D40, attachment=0x8CE0, textarget=0x0DE1, texture=0, level=0)
[DEBUG] [FluorateGL] glFramebufferTexture2D(target=0x8D40, attachment=0x8D00, textarget=0x0DE1, texture=7, level=0)
[DEBUG] [FluorateGL] glFramebufferTexture2D(target=0x8D40, attachment=0x8D00, textarget=0x0DE1, texture=0, level=0)
[DEBUG] [FluorateGL] glFramebufferTexture2D(target=0x8D40, attachment=0x8CE0, textarget=0x0DE1, texture=8, level=0)
[DEBUG] [FluorateGL] glFramebufferTexture2D(target=0x8D40, attachment=0x8D00, textarget=0x0DE1, texture=0, level=0)
[DEBUG] [FluorateGL] glFramebufferTexture2D(target=0x8D40, attachment=0x8CE0, textarget=0x0DE1, texture=0, level=0)
[DEBUG] [FluorateGL] glBindBuffer(0x8892): desktop 35 -> GLES 35 (tid=13770)
[DEBUG] [FluorateGL] glBindBuffer(0x8892): desktop 38 -> GLES 38 (tid=13770)
[DEBUG] [FluorateGL] glBindBuffer(0x8A11): desktop 2 -> GLES 2 (tid=13770)
[DEBUG] [FluorateGL] glBindVertexBuffer(binding=0, buf=35, offset=0, stride=16) desktop 35 -> GLES 35 (tid=13770)
[DEBUG] [FluorateGL] glBindBuffer(0x8893): desktop 40 -> GLES 40 (tid=13770)
[DEBUG] [FluorateGL] glDrawElements(mode=0x0004, count=30, type=0x1403, indices=0x0) bound_vao=1 bound_buf=40 (tid=13770)
[DEBUG] [FluorateGL] glTexParameteri(target=0x0DE1, pname=0x813C, param=0)
[DEBUG] [FluorateGL] glTexParameteri(target=0x0DE1, pname=0x813D, param=0)
[DEBUG] [FluorateGL] glBindVertexBuffer(binding=0, buf=38, offset=0, stride=24) desktop 38 -> GLES 38 (tid=13770)
[DEBUG] [FluorateGL] glBindBuffer(0x8893): desktop 40 -> GLES 40 (tid=13770)
[DEBUG] [FluorateGL] glDrawElements(mode=0x0004, count=12, type=0x1403, indices=0x0) bound_vao=2 bound_buf=40 (tid=13770)
[DEBUG] [FluorateGL] glFramebufferTexture2D(target=0x8CA9, attachment=0x8CE0, textarget=0x0DE1, texture=8, level=0)
[DEBUG] [FluorateGL] glFramebufferTexture2D(target=0x8CA9, attachment=0x8D00, textarget=0x0DE1, texture=0, level=0)
[DEBUG] [FluorateGL] glBindBuffer(0x8A11): desktop 15 -> GLES 15 (tid=13770)
[DEBUG] [FluorateGL] glFramebufferTexture2D(target=0x8D40, attachment=0x8CE0, textarget=0x0DE1, texture=0, level=0)
[DEBUG] [FluorateGL] glFramebufferTexture2D(target=0x8D40, attachment=0x8D00, textarget=0x0DE1, texture=7, level=0)
[DEBUG] [FluorateGL] glFramebufferTexture2D(target=0x8D40, attachment=0x8D00, textarget=0x0DE1, texture=0, level=0)
[DEBUG] [FluorateGL] glFramebufferTexture2D(target=0x8D40, attachment=0x8CE0, textarget=0x0DE1, texture=8, level=0)
[DEBUG] [FluorateGL] glFramebufferTexture2D(target=0x8D40, attachment=0x8D00, textarget=0x0DE1, texture=0, level=0)
[DEBUG] [FluorateGL] glFramebufferTexture2D(target=0x8D40, attachment=0x8CE0, textarget=0x0DE1, texture=0, level=0)
[DEBUG] [FluorateGL] glBindBuffer(0x8892): desktop 36 -> GLES 36 (tid=13770)
[DEBUG] [FluorateGL] glBindBuffer(0x8892): desktop 39 -> GLES 39 (tid=13770)
[DEBUG] [FluorateGL] glBindBuffer(0x8A11): desktop 3 -> GLES 3 (tid=13770)
[DEBUG] [FluorateGL] glBindVertexBuffer(binding=0, buf=36, offset=0, stride=16) desktop 36 -> GLES 36 (tid=13770)
[DEBUG] [FluorateGL] glBindBuffer(0x8893): desktop 40 -> GLES 40 (tid=13770)
[DEBUG] [FluorateGL] glDrawElements(mode=0x0004, count=30, type=0x1403, indices=0x0) bound_vao=1 bound_buf=40 (tid=13770)
[DEBUG] [FluorateGL] glTexParameteri(target=0x0DE1, pname=0x813C, param=0)
[DEBUG] [FluorateGL] glTexParameteri(target=0x0DE1, pname=0x813D, param=0)
[DEBUG] [FluorateGL] glBindVertexBuffer(binding=0, buf=39, offset=0, stride=24) desktop 39 -> GLES 39 (tid=13770)
[DEBUG] [FluorateGL] glBindBuffer(0x8893): desktop 40 -> GLES 40 (tid=13770)
[DEBUG] [FluorateGL] glDrawElements(mode=0x0004, count=12, type=0x1403, indices=0x0) bound_vao=2 bound_buf=40 (tid=13770)
[DEBUG] [FluorateGL] glFramebufferTexture2D(target=0x8CA9, attachment=0x8CE0, textarget=0x0DE1, texture=8, level=0)
[DEBUG] [FluorateGL] glFramebufferTexture2D(target=0x8CA9, attachment=0x8D00, textarget=0x0DE1, texture=0, level=0)
[DEBUG] [FluorateGL] glBindBuffer(0x8A11): desktop 15 -> GLES 15 (tid=13770)
[DEBUG] [FluorateGL] glFramebufferTexture2D(target=0x8D40, attachment=0x8CE0, textarget=0x0DE1, texture=0, level=0)
[DEBUG] [FluorateGL] glFramebufferTexture2D(target=0x8D40, attachment=0x8D00, textarget=0x0DE1, texture=7, level=0)
[DEBUG] [FluorateGL] glFramebufferTexture2D(target=0x8D40, attachment=0x8D00, textarget=0x0DE1, texture=0, level=0)
[DEBUG] [FluorateGL] glFramebufferTexture2D(target=0x8D40, attachment=0x8CE0, textarget=0x0DE1, texture=8, level=0)
[DEBUG] [FluorateGL] glFramebufferTexture2D(target=0x8D40, attachment=0x8D00, textarget=0x0DE1, texture=0, level=0)
[DEBUG] [FluorateGL] glFramebufferTexture2D(target=0x8D40, attachment=0x8CE0, textarget=0x0DE1, texture=0, level=0)
[DEBUG] [FluorateGL] glBindBuffer(0x8892): desktop 34 -> GLES 34 (tid=13770)
[DEBUG] [FluorateGL] glBindBuffer(0x8892): desktop 37 -> GLES 37 (tid=13770)
[DEBUG] [FluorateGL] glBindBuffer(0x8A11): desktop 1 -> GLES 1 (tid=13770)
[DEBUG] [FluorateGL] glBindVertexBuffer(binding=0, buf=34, offset=0, stride=16) desktop 34 -> GLES 34 (tid=13770)
[DEBUG] [FluorateGL] glBindBuffer(0x8893): desktop 40 -> GLES 40 (tid=13770)
[DEBUG] [FluorateGL] glDrawElements(mode=0x0004, count=30, type=0x1403, indices=0x0) bound_vao=1 bound_buf=40 (tid=13770)
[DEBUG] [FluorateGL] glTexParameteri(target=0x0DE1, pname=0x813C, param=0)
[DEBUG] [FluorateGL] glTexParameteri(target=0x0DE1, pname=0x813D, param=0)
[DEBUG] [FluorateGL] glBindVertexBuffer(binding=0, buf=37, offset=0, stride=24) desktop 37 -> GLES 37 (tid=13770)
[DEBUG] [FluorateGL] glBindBuffer(0x8893): desktop 40 -> GLES 40 (tid=13770)
[DEBUG] [FluorateGL] glDrawElements(mode=0x0004, count=12, type=0x1403, indices=0x0) bound_vao=2 bound_buf=40 (tid=13770)
[DEBUG] [FluorateGL] glFramebufferTexture2D(target=0x8CA9, attachment=0x8CE0, textarget=0x0DE1, texture=8, level=0)
[DEBUG] [FluorateGL] glFramebufferTexture2D(target=0x8CA9, attachment=0x8D00, textarget=0x0DE1, texture=0, level=0)
[DEBUG] [FluorateGL] glBindBuffer(0x8A11): desktop 15 -> GLES 15 (tid=13770)
[DEBUG] [FluorateGL] glFramebufferTexture2D(target=0x8D40, attachment=0x8CE0, textarget=0x0DE1, texture=0, level=0)
[DEBUG] [FluorateGL] glFramebufferTexture2D(target=0x8D40, attachment=0x8D00, textarget=0x0DE1, texture=7, level=0)
[DEBUG] [FluorateGL] glFramebufferTexture2D(target=0x8D40, attachment=0x8D00, textarget=0x0DE1, texture=0, level=0)
[DEBUG] [FluorateGL] glFramebufferTexture2D(target=0x8D40, attachment=0x8CE0, textarget=0x0DE1, texture=8, level=0)
[DEBUG] [FluorateGL] glFramebufferTexture2D(target=0x8D40, attachment=0x8D00, textarget=0x0DE1, texture=0, level=0)
[DEBUG] [FluorateGL] glFramebufferTexture2D(target=0x8D40, attachment=0x8CE0, textarget=0x0DE1, texture=0, level=0)
[DEBUG] [FluorateGL] glBindBuffer(0x8892): desktop 35 -> GLES 35 (tid=13770)
[DEBUG] [FluorateGL] glBindBuffer(0x8892): desktop 38 -> GLES 38 (tid=13770)
[DEBUG] [FluorateGL] glBindBuffer(0x8A11): desktop 2 -> GLES 2 (tid=13770)
[DEBUG] [FluorateGL] glBindVertexBuffer(binding=0, buf=35, offset=0, stride=16) desktop 35 -> GLES 35 (tid=13770)
[DEBUG] [FluorateGL] glBindBuffer(0x8893): desktop 40 -> GLES 40 (tid=13770)
[DEBUG] [FluorateGL] glDrawElements(mode=0x0004, count=30, type=0x1403, indices=0x0) bound_vao=1 bound_buf=40 (tid=13770)
[DEBUG] [FluorateGL] glTexParameteri(target=0x0DE1, pname=0x813C, param=0)
[DEBUG] [FluorateGL] glTexParameteri(target=0x0DE1, pname=0x813D, param=0)
[DEBUG] [FluorateGL] glBindVertexBuffer(binding=0, buf=38, offset=0, stride=24) desktop 38 -> GLES 38 (tid=13770)
[DEBUG] [FluorateGL] glBindBuffer(0x8893): desktop 40 -> GLES 40 (tid=13770)
[DEBUG] [FluorateGL] glDrawElements(mode=0x0004, count=12, type=0x1403, indices=0x0) bound_vao=2 bound_buf=40 (tid=13770)
[DEBUG] [FluorateGL] glFramebufferTexture2D(target=0x8CA9, attachment=0x8CE0, textarget=0x0DE1, texture=8, level=0)
[DEBUG] [FluorateGL] glFramebufferTexture2D(target=0x8CA9, attachment=0x8D00, textarget=0x0DE1, texture=0, level=0)
[DEBUG] [FluorateGL] glBindBuffer(0x8A11): desktop 15 -> GLES 15 (tid=13770)
[DEBUG] [FluorateGL] glFramebufferTexture2D(target=0x8D40, attachment=0x8CE0, textarget=0x0DE1, texture=0, level=0)
[DEBUG] [FluorateGL] glFramebufferTexture2D(target=0x8D40, attachment=0x8D00, textarget=0x0DE1, texture=7, level=0)
[DEBUG] [FluorateGL] glFramebufferTexture2D(target=0x8D40, attachment=0x8D00, textarget=0x0DE1, texture=0, level=0)
[DEBUG] [FluorateGL] glFramebufferTexture2D(target=0x8D40, attachment=0x8CE0, textarget=0x0DE1, texture=8, level=0)
[DEBUG] [FluorateGL] glFramebufferTexture2D(target=0x8D40, attachment=0x8D00, textarget=0x0DE1, texture=0, level=0)
[DEBUG] [FluorateGL] glFramebufferTexture2D(target=0x8D40, attachment=0x8CE0, textarget=0x0DE1, texture=0, level=0)
[DEBUG] [FluorateGL] glBindBuffer(0x8892): desktop 36 -> GLES 36 (tid=13770)
[DEBUG] [FluorateGL] glBindBuffer(0x8892): desktop 39 -> GLES 39 (tid=13770)
[DEBUG] [FluorateGL] glBindBuffer(0x8A11): desktop 3 -> GLES 3 (tid=13770)
[DEBUG] [FluorateGL] glBindVertexBuffer(binding=0, buf=36, offset=0, stride=16) desktop 36 -> GLES 36 (tid=13770)
[DEBUG] [FluorateGL] glBindBuffer(0x8893): desktop 40 -> GLES 40 (tid=13770)
[DEBUG] [FluorateGL] glDrawElements(mode=0x0004, count=30, type=0x1403, indices=0x0) bound_vao=1 bound_buf=40 (tid=13770)
[DEBUG] [FluorateGL] glTexParameteri(target=0x0DE1, pname=0x813C, param=0)
[DEBUG] [FluorateGL] glTexParameteri(target=0x0DE1, pname=0x813D, param=0)
[DEBUG] [FluorateGL] glBindVertexBuffer(binding=0, buf=39, offset=0, stride=24) desktop 39 -> GLES 39 (tid=13770)
[DEBUG] [FluorateGL] glBindBuffer(0x8893): desktop 40 -> GLES 40 (tid=13770)
[DEBUG] [FluorateGL] glDrawElements(mode=0x0004, count=12, type=0x1403, indices=0x0) bound_vao=2 bound_buf=40 (tid=13770)
[DEBUG] [FluorateGL] glFramebufferTexture2D(target=0x8CA9, attachment=0x8CE0, textarget=0x0DE1, texture=8, level=0)
[DEBUG] [FluorateGL] glFramebufferTexture2D(target=0x8CA9, attachment=0x8D00, textarget=0x0DE1, texture=0, level=0)
[DEBUG] [FluorateGL] glBindBuffer(0x8A11): desktop 15 -> GLES 15 (tid=13770)
[DEBUG] [FluorateGL] glFramebufferTexture2D(target=0x8D40, attachment=0x8CE0, textarget=0x0DE1, texture=0, level=0)
[DEBUG] [FluorateGL] glFramebufferTexture2D(target=0x8D40, attachment=0x8D00, textarget=0x0DE1, texture=7, level=0)
[DEBUG] [FluorateGL] glFramebufferTexture2D(target=0x8D40, attachment=0x8D00, textarget=0x0DE1, texture=0, level=0)
[DEBUG] [FluorateGL] glFramebufferTexture2D(target=0x8D40, attachment=0x8CE0, textarget=0x0DE1, texture=8, level=0)
[DEBUG] [FluorateGL] glFramebufferTexture2D(target=0x8D40, attachment=0x8D00, textarget=0x0DE1, texture=0, level=0)
[DEBUG] [FluorateGL] glFramebufferTexture2D(target=0x8D40, attachment=0x8CE0, textarget=0x0DE1, texture=0, level=0)
[DEBUG] [FluorateGL] glBindBuffer(0x8892): desktop 34 -> GLES 34 (tid=13770)
[DEBUG] [FluorateGL] glBindBuffer(0x8892): desktop 37 -> GLES 37 (tid=13770)
[DEBUG] [FluorateGL] glBindBuffer(0x8A11): desktop 1 -> GLES 1 (tid=13770)
[DEBUG] [FluorateGL] glBindVertexBuffer(binding=0, buf=34, offset=0, stride=16) desktop 34 -> GLES 34 (tid=13770)
[DEBUG] [FluorateGL] glBindBuffer(0x8893): desktop 40 -> GLES 40 (tid=13770)
[DEBUG] [FluorateGL] glDrawElements(mode=0x0004, count=30, type=0x1403, indices=0x0) bound_vao=1 bound_buf=40 (tid=13770)
[DEBUG] [FluorateGL] glTexParameteri(target=0x0DE1, pname=0x813C, param=0)
[DEBUG] [FluorateGL] glTexParameteri(target=0x0DE1, pname=0x813D, param=0)
[DEBUG] [FluorateGL] glBindVertexBuffer(binding=0, buf=37, offset=0, stride=24) desktop 37 -> GLES 37 (tid=13770)
[DEBUG] [FluorateGL] glBindBuffer(0x8893): desktop 40 -> GLES 40 (tid=13770)
[DEBUG] [FluorateGL] glDrawElements(mode=0x0004, count=12, type=0x1403, indices=0x0) bound_vao=2 bound_buf=40 (tid=13770)
[DEBUG] [FluorateGL] glFramebufferTexture2D(target=0x8CA9, attachment=0x8CE0, textarget=0x0DE1, texture=8, level=0)
[DEBUG] [FluorateGL] glFramebufferTexture2D(target=0x8CA9, attachment=0x8D00, textarget=0x0DE1, texture=0, level=0)
[DEBUG] [FluorateGL] glBindBuffer(0x8A11): desktop 15 -> GLES 15 (tid=13770)
[DEBUG] [FluorateGL] glFramebufferTexture2D(target=0x8D40, attachment=0x8CE0, textarget=0x0DE1, texture=0, level=0)
[DEBUG] [FluorateGL] glFramebufferTexture2D(target=0x8D40, attachment=0x8D00, textarget=0x0DE1, texture=7, level=0)
[DEBUG] [FluorateGL] glFramebufferTexture2D(target=0x8D40, attachment=0x8D00, textarget=0x0DE1, texture=0, level=0)
[DEBUG] [FluorateGL] glFramebufferTexture2D(target=0x8D40, attachment=0x8CE0, textarget=0x0DE1, texture=8, level=0)
[DEBUG] [FluorateGL] glFramebufferTexture2D(target=0x8D40, attachment=0x8D00, textarget=0x0DE1, texture=0, level=0)
[DEBUG] [FluorateGL] glFramebufferTexture2D(target=0x8D40, attachment=0x8CE0, textarget=0x0DE1, texture=0, level=0)
[DEBUG] [FluorateGL] glBindBuffer(0x8892): desktop 35 -> GLES 35 (tid=13770)
[DEBUG] [FluorateGL] glBindBuffer(0x8892): desktop 38 -> GLES 38 (tid=13770)
[DEBUG] [FluorateGL] glBindBuffer(0x8A11): desktop 2 -> GLES 2 (tid=13770)
[DEBUG] [FluorateGL] glBindVertexBuffer(binding=0, buf=35, offset=0, stride=16) desktop 35 -> GLES 35 (tid=13770)
[DEBUG] [FluorateGL] glBindBuffer(0x8893): desktop 40 -> GLES 40 (tid=13770)
[DEBUG] [FluorateGL] glDrawElements(mode=0x0004, count=30, type=0x1403, indices=0x0) bound_vao=1 bound_buf=40 (tid=13770)
[DEBUG] [FluorateGL] glTexParameteri(target=0x0DE1, pname=0x813C, param=0)
[DEBUG] [FluorateGL] glTexParameteri(target=0x0DE1, pname=0x813D, param=0)
[DEBUG] [FluorateGL] glBindVertexBuffer(binding=0, buf=38, offset=0, stride=24) desktop 38 -> GLES 38 (tid=13770)
[DEBUG] [FluorateGL] glBindBuffer(0x8893): desktop 40 -> GLES 40 (tid=13770)
[DEBUG] [FluorateGL] glDrawElements(mode=0x0004, count=12, type=0x1403, indices=0x0) bound_vao=2 bound_buf=40 (tid=13770)
[DEBUG] [FluorateGL] glFramebufferTexture2D(target=0x8CA9, attachment=0x8CE0, textarget=0x0DE1, texture=8, level=0)
[DEBUG] [FluorateGL] glFramebufferTexture2D(target=0x8CA9, attachment=0x8D00, textarget=0x0DE1, texture=0, level=0)
[DEBUG] [FluorateGL] glBindBuffer(0x8A11): desktop 15 -> GLES 15 (tid=13770)
[DEBUG] [FluorateGL] glFramebufferTexture2D(target=0x8D40, attachment=0x8CE0, textarget=0x0DE1, texture=0, level=0)
[DEBUG] [FluorateGL] glFramebufferTexture2D(target=0x8D40, attachment=0x8D00, textarget=0x0DE1, texture=7, level=0)
[DEBUG] [FluorateGL] glFramebufferTexture2D(target=0x8D40, attachment=0x8D00, textarget=0x0DE1, texture=0, level=0)
[DEBUG] [FluorateGL] glFramebufferTexture2D(target=0x8D40, attachment=0x8CE0, textarget=0x0DE1, texture=8, level=0)
[DEBUG] [FluorateGL] glFramebufferTexture2D(target=0x8D40, attachment=0x8D00, textarget=0x0DE1, texture=0, level=0)
[DEBUG] [FluorateGL] glFramebufferTexture2D(target=0x8D40, attachment=0x8CE0, textarget=0x0DE1, texture=0, level=0)
[DEBUG] [FluorateGL] glBindBuffer(0x8892): desktop 36 -> GLES 36 (tid=13770)
[DEBUG] [FluorateGL] glBindBuffer(0x8892): desktop 39 -> GLES 39 (tid=13770)
[DEBUG] [FluorateGL] glBindBuffer(0x8A11): desktop 3 -> GLES 3 (tid=13770)
[DEBUG] [FluorateGL] glBindVertexBuffer(binding=0, buf=36, offset=0, stride=16) desktop 36 -> GLES 36 (tid=13770)
[DEBUG] [FluorateGL] glBindBuffer(0x8893): desktop 40 -> GLES 40 (tid=13770)
[DEBUG] [FluorateGL] glDrawElements(mode=0x0004, count=30, type=0x1403, indices=0x0) bound_vao=1 bound_buf=40 (tid=13770)
[DEBUG] [FluorateGL] glTexParameteri(target=0x0DE1, pname=0x813C, param=0)
[DEBUG] [FluorateGL] glTexParameteri(target=0x0DE1, pname=0x813D, param=0)
[DEBUG] [FluorateGL] glBindVertexBuffer(binding=0, buf=39, offset=0, stride=24) desktop 39 -> GLES 39 (tid=13770)
[DEBUG] [FluorateGL] glBindBuffer(0x8893): desktop 40 -> GLES 40 (tid=13770)
[DEBUG] [FluorateGL] glDrawElements(mode=0x0004, count=12, type=0x1403, indices=0x0) bound_vao=2 bound_buf=40 (tid=13770)
[DEBUG] [FluorateGL] glFramebufferTexture2D(target=0x8CA9, attachment=0x8CE0, textarget=0x0DE1, texture=8, level=0)
[DEBUG] [FluorateGL] glFramebufferTexture2D(target=0x8CA9, attachment=0x8D00, textarget=0x0DE1, texture=0, level=0)
[DEBUG] [FluorateGL] glBindBuffer(0x8A11): desktop 15 -> GLES 15 (tid=13770)
[DEBUG] [FluorateGL] glFramebufferTexture2D(target=0x8D40, attachment=0x8CE0, textarget=0x0DE1, texture=0, level=0)
[DEBUG] [FluorateGL] glFramebufferTexture2D(target=0x8D40, attachment=0x8D00, textarget=0x0DE1, texture=7, level=0)
[DEBUG] [FluorateGL] glFramebufferTexture2D(target=0x8D40, attachment=0x8D00, textarget=0x0DE1, texture=0, level=0)
[DEBUG] [FluorateGL] glFramebufferTexture2D(target=0x8D40, attachment=0x8CE0, textarget=0x0DE1, texture=8, level=0)
[DEBUG] [FluorateGL] glFramebufferTexture2D(target=0x8D40, attachment=0x8D00, textarget=0x0DE1, texture=0, level=0)
[DEBUG] [FluorateGL] glFramebufferTexture2D(target=0x8D40, attachment=0x8CE0, textarget=0x0DE1, texture=0, level=0)
[DEBUG] [FluorateGL] glBindBuffer(0x8892): desktop 34 -> GLES 34 (tid=13770)
[DEBUG] [FluorateGL] glBindBuffer(0x8892): desktop 37 -> GLES 37 (tid=13770)
[DEBUG] [FluorateGL] glBindBuffer(0x8A11): desktop 1 -> GLES 1 (tid=13770)
[DEBUG] [FluorateGL] glBindVertexBuffer(binding=0, buf=34, offset=0, stride=16) desktop 34 -> GLES 34 (tid=13770)
[DEBUG] [FluorateGL] glBindBuffer(0x8893): desktop 40 -> GLES 40 (tid=13770)
[DEBUG] [FluorateGL] glDrawElements(mode=0x0004, count=30, type=0x1403, indices=0x0) bound_vao=1 bound_buf=40 (tid=13770)
[DEBUG] [FluorateGL] glTexParameteri(target=0x0DE1, pname=0x813C, param=0)
[DEBUG] [FluorateGL] glTexParameteri(target=0x0DE1, pname=0x813D, param=0)
[DEBUG] [FluorateGL] glBindVertexBuffer(binding=0, buf=37, offset=0, stride=24) desktop 37 -> GLES 37 (tid=13770)
[DEBUG] [FluorateGL] glBindBuffer(0x8893): desktop 40 -> GLES 40 (tid=13770)
[DEBUG] [FluorateGL] glDrawElements(mode=0x0004, count=12, type=0x1403, indices=0x0) bound_vao=2 bound_buf=40 (tid=13770)
[DEBUG] [FluorateGL] glFramebufferTexture2D(target=0x8CA9, attachment=0x8CE0, textarget=0x0DE1, texture=8, level=0)
[DEBUG] [FluorateGL] glFramebufferTexture2D(target=0x8CA9, attachment=0x8D00, textarget=0x0DE1, texture=0, level=0)
[DEBUG] [FluorateGL] glBindBuffer(0x8A11): desktop 15 -> GLES 15 (tid=13770)
[DEBUG] [FluorateGL] glFramebufferTexture2D(target=0x8D40, attachment=0x8CE0, textarget=0x0DE1, texture=0, level=0)
[DEBUG] [FluorateGL] glFramebufferTexture2D(target=0x8D40, attachment=0x8D00, textarget=0x0DE1, texture=7, level=0)
[DEBUG] [FluorateGL] glFramebufferTexture2D(target=0x8D40, attachment=0x8D00, textarget=0x0DE1, texture=0, level=0)
[DEBUG] [FluorateGL] glFramebufferTexture2D(target=0x8D40, attachment=0x8CE0, textarget=0x0DE1, texture=8, level=0)
[DEBUG] [FluorateGL] glFramebufferTexture2D(target=0x8D40, attachment=0x8D00, textarget=0x0DE1, texture=0, level=0)
[DEBUG] [FluorateGL] glFramebufferTexture2D(target=0x8D40, attachment=0x8CE0, textarget=0x0DE1, texture=0, level=0)
[DEBUG] [FluorateGL] glBindBuffer(0x8892): desktop 35 -> GLES 35 (tid=13770)
[DEBUG] [FluorateGL] glBindBuffer(0x8892): desktop 38 -> GLES 38 (tid=13770)
[DEBUG] [FluorateGL] glBindBuffer(0x8A11): desktop 2 -> GLES 2 (tid=13770)
[DEBUG] [FluorateGL] glBindVertexBuffer(binding=0, buf=35, offset=0, stride=16) desktop 35 -> GLES 35 (tid=13770)
[DEBUG] [FluorateGL] glBindBuffer(0x8893): desktop 40 -> GLES 40 (tid=13770)
[DEBUG] [FluorateGL] glDrawElements(mode=0x0004, count=30, type=0x1403, indices=0x0) bound_vao=1 bound_buf=40 (tid=13770)
[DEBUG] [FluorateGL] glTexParameteri(target=0x0DE1, pname=0x813C, param=0)
[DEBUG] [FluorateGL] glTexParameteri(target=0x0DE1, pname=0x813D, param=0)
[DEBUG] [FluorateGL] glBindVertexBuffer(binding=0, buf=38, offset=0, stride=24) desktop 38 -> GLES 38 (tid=13770)
[DEBUG] [FluorateGL] glBindBuffer(0x8893): desktop 40 -> GLES 40 (tid=13770)
[DEBUG] [FluorateGL] glDrawElements(mode=0x0004, count=12, type=0x1403, indices=0x0) bound_vao=2 bound_buf=40 (tid=13770)
[DEBUG] [FluorateGL] glFramebufferTexture2D(target=0x8CA9, attachment=0x8CE0, textarget=0x0DE1, texture=8, level=0)
[DEBUG] [FluorateGL] glFramebufferTexture2D(target=0x8CA9, attachment=0x8D00, textarget=0x0DE1, texture=0, level=0)
[DEBUG] [FluorateGL] glBindBuffer(0x8A11): desktop 15 -> GLES 15 (tid=13770)
[DEBUG] [FluorateGL] glFramebufferTexture2D(target=0x8D40, attachment=0x8CE0, textarget=0x0DE1, texture=0, level=0)
[DEBUG] [FluorateGL] glFramebufferTexture2D(target=0x8D40, attachment=0x8D00, textarget=0x0DE1, texture=7, level=0)
[DEBUG] [FluorateGL] glFramebufferTexture2D(target=0x8D40, attachment=0x8D00, textarget=0x0DE1, texture=0, level=0)
[DEBUG] [FluorateGL] glFramebufferTexture2D(target=0x8D40, attachment=0x8CE0, textarget=0x0DE1, texture=8, level=0)
[DEBUG] [FluorateGL] glFramebufferTexture2D(target=0x8D40, attachment=0x8D00, textarget=0x0DE1, texture=0, level=0)
[DEBUG] [FluorateGL] glFramebufferTexture2D(target=0x8D40, attachment=0x8CE0, textarget=0x0DE1, texture=0, level=0)
[DEBUG] [FluorateGL] glBindBuffer(0x8892): desktop 36 -> GLES 36 (tid=13770)
[DEBUG] [FluorateGL] glBindBuffer(0x8892): desktop 39 -> GLES 39 (tid=13770)
[DEBUG] [FluorateGL] glBindBuffer(0x8A11): desktop 3 -> GLES 3 (tid=13770)
[DEBUG] [FluorateGL] glBindVertexBuffer(binding=0, buf=36, offset=0, stride=16) desktop 36 -> GLES 36 (tid=13770)
[DEBUG] [FluorateGL] glBindBuffer(0x8893): desktop 40 -> GLES 40 (tid=13770)
[DEBUG] [FluorateGL] glDrawElements(mode=0x0004, count=30, type=0x1403, indices=0x0) bound_vao=1 bound_buf=40 (tid=13770)
[DEBUG] [FluorateGL] glTexParameteri(target=0x0DE1, pname=0x813C, param=0)
[DEBUG] [FluorateGL] glTexParameteri(target=0x0DE1, pname=0x813D, param=0)
[DEBUG] [FluorateGL] glBindVertexBuffer(binding=0, buf=39, offset=0, stride=24) desktop 39 -> GLES 39 (tid=13770)
[DEBUG] [FluorateGL] glBindBuffer(0x8893): desktop 40 -> GLES 40 (tid=13770)
[DEBUG] [FluorateGL] glDrawElements(mode=0x0004, count=12, type=0x1403, indices=0x0) bound_vao=2 bound_buf=40 (tid=13770)
[DEBUG] [FluorateGL] glFramebufferTexture2D(target=0x8CA9, attachment=0x8CE0, textarget=0x0DE1, texture=8, level=0)
[DEBUG] [FluorateGL] glFramebufferTexture2D(target=0x8CA9, attachment=0x8D00, textarget=0x0DE1, texture=0, level=0)
[DEBUG] [FluorateGL] glBindBuffer(0x8A11): desktop 15 -> GLES 15 (tid=13770)
[DEBUG] [FluorateGL] glFramebufferTexture2D(target=0x8D40, attachment=0x8CE0, textarget=0x0DE1, texture=0, level=0)
[DEBUG] [FluorateGL] glFramebufferTexture2D(target=0x8D40, attachment=0x8D00, textarget=0x0DE1, texture=7, level=0)
[DEBUG] [FluorateGL] glFramebufferTexture2D(target=0x8D40, attachment=0x8D00, textarget=0x0DE1, texture=0, level=0)
[DEBUG] [FluorateGL] glFramebufferTexture2D(target=0x8D40, attachment=0x8CE0, textarget=0x0DE1, texture=8, level=0)
[DEBUG] [FluorateGL] glFramebufferTexture2D(target=0x8D40, attachment=0x8D00, textarget=0x0DE1, texture=0, level=0)
[DEBUG] [FluorateGL] glFramebufferTexture2D(target=0x8D40, attachment=0x8CE0, textarget=0x0DE1, texture=0, level=0)
[DEBUG] [FluorateGL] glBindBuffer(0x8892): desktop 34 -> GLES 34 (tid=13770)
[DEBUG] [FluorateGL] glBindBuffer(0x8892): desktop 37 -> GLES 37 (tid=13770)
[DEBUG] [FluorateGL] glBindBuffer(0x8A11): desktop 1 -> GLES 1 (tid=13770)
[DEBUG] [FluorateGL] glBindVertexBuffer(binding=0, buf=34, offset=0, stride=16) desktop 34 -> GLES 34 (tid=13770)
[DEBUG] [FluorateGL] glBindBuffer(0x8893): desktop 40 -> GLES 40 (tid=13770)
[DEBUG] [FluorateGL] glDrawElements(mode=0x0004, count=30, type=0x1403, indices=0x0) bound_vao=1 bound_buf=40 (tid=13770)
[DEBUG] [FluorateGL] glTexParameteri(target=0x0DE1, pname=0x813C, param=0)
[DEBUG] [FluorateGL] glTexParameteri(target=0x0DE1, pname=0x813D, param=0)
[DEBUG] [FluorateGL] glBindVertexBuffer(binding=0, buf=37, offset=0, stride=24) desktop 37 -> GLES 37 (tid=13770)
[DEBUG] [FluorateGL] glBindBuffer(0x8893): desktop 40 -> GLES 40 (tid=13770)
[DEBUG] [FluorateGL] glDrawElements(mode=0x0004, count=12, type=0x1403, indices=0x0) bound_vao=2 bound_buf=40 (tid=13770)
[DEBUG] [FluorateGL] glFramebufferTexture2D(target=0x8CA9, attachment=0x8CE0, textarget=0x0DE1, texture=8, level=0)
[DEBUG] [FluorateGL] glFramebufferTexture2D(target=0x8CA9, attachment=0x8D00, textarget=0x0DE1, texture=0, level=0)
[DEBUG] [FluorateGL] glBindBuffer(0x8A11): desktop 15 -> GLES 15 (tid=13770)
[DEBUG] [FluorateGL] glFramebufferTexture2D(target=0x8D40, attachment=0x8CE0, textarget=0x0DE1, texture=0, level=0)
[DEBUG] [FluorateGL] glFramebufferTexture2D(target=0x8D40, attachment=0x8D00, textarget=0x0DE1, texture=7, level=0)
[DEBUG] [FluorateGL] glFramebufferTexture2D(target=0x8D40, attachment=0x8D00, textarget=0x0DE1, texture=0, level=0)
[DEBUG] [FluorateGL] glFramebufferTexture2D(target=0x8D40, attachment=0x8CE0, textarget=0x0DE1, texture=8, level=0)
[DEBUG] [FluorateGL] glFramebufferTexture2D(target=0x8D40, attachment=0x8D00, textarget=0x0DE1, texture=0, level=0)
[DEBUG] [FluorateGL] glFramebufferTexture2D(target=0x8D40, attachment=0x8CE0, textarget=0x0DE1, texture=0, level=0)
[DEBUG] [FluorateGL] glBindBuffer(0x8892): desktop 35 -> GLES 35 (tid=13770)
[DEBUG] [FluorateGL] glBindBuffer(0x8892): desktop 38 -> GLES 38 (tid=13770)
[DEBUG] [FluorateGL] glBindBuffer(0x8A11): desktop 2 -> GLES 2 (tid=13770)
[DEBUG] [FluorateGL] glBindVertexBuffer(binding=0, buf=35, offset=0, stride=16) desktop 35 -> GLES 35 (tid=13770)
[DEBUG] [FluorateGL] glBindBuffer(0x8893): desktop 40 -> GLES 40 (tid=13770)
[DEBUG] [FluorateGL] glDrawElements(mode=0x0004, count=30, type=0x1403, indices=0x0) bound_vao=1 bound_buf=40 (tid=13770)
[DEBUG] [FluorateGL] glTexParameteri(target=0x0DE1, pname=0x813C, param=0)
[DEBUG] [FluorateGL] glTexParameteri(target=0x0DE1, pname=0x813D, param=0)
[DEBUG] [FluorateGL] glBindVertexBuffer(binding=0, buf=38, offset=0, stride=24) desktop 38 -> GLES 38 (tid=13770)
[DEBUG] [FluorateGL] glBindBuffer(0x8893): desktop 40 -> GLES 40 (tid=13770)
[DEBUG] [FluorateGL] glDrawElements(mode=0x0004, count=12, type=0x1403, indices=0x0) bound_vao=2 bound_buf=40 (tid=13770)
[DEBUG] [FluorateGL] glFramebufferTexture2D(target=0x8CA9, attachment=0x8CE0, textarget=0x0DE1, texture=8, level=0)
[DEBUG] [FluorateGL] glFramebufferTexture2D(target=0x8CA9, attachment=0x8D00, textarget=0x0DE1, texture=0, level=0)
[DEBUG] [FluorateGL] glBindBuffer(0x8A11): desktop 15 -> GLES 15 (tid=13770)
[DEBUG] [FluorateGL] glFramebufferTexture2D(target=0x8D40, attachment=0x8CE0, textarget=0x0DE1, texture=0, level=0)
[DEBUG] [FluorateGL] glFramebufferTexture2D(target=0x8D40, attachment=0x8D00, textarget=0x0DE1, texture=7, level=0)
[DEBUG] [FluorateGL] glFramebufferTexture2D(target=0x8D40, attachment=0x8D00, textarget=0x0DE1, texture=0, level=0)
[DEBUG] [FluorateGL] glFramebufferTexture2D(target=0x8D40, attachment=0x8CE0, textarget=0x0DE1, texture=8, level=0)
[DEBUG] [FluorateGL] glFramebufferTexture2D(target=0x8D40, attachment=0x8D00, textarget=0x0DE1, texture=0, level=0)
[DEBUG] [FluorateGL] glFramebufferTexture2D(target=0x8D40, attachment=0x8CE0, textarget=0x0DE1, texture=0, level=0)
[DEBUG] [FluorateGL] glBindBuffer(0x8892): desktop 36 -> GLES 36 (tid=13770)
[DEBUG] [FluorateGL] glBindBuffer(0x8892): desktop 39 -> GLES 39 (tid=13770)
[DEBUG] [FluorateGL] glBindBuffer(0x8A11): desktop 3 -> GLES 3 (tid=13770)
[DEBUG] [FluorateGL] glBindVertexBuffer(binding=0, buf=36, offset=0, stride=16) desktop 36 -> GLES 36 (tid=13770)
[DEBUG] [FluorateGL] glBindBuffer(0x8893): desktop 40 -> GLES 40 (tid=13770)
[DEBUG] [FluorateGL] glDrawElements(mode=0x0004, count=30, type=0x1403, indices=0x0) bound_vao=1 bound_buf=40 (tid=13770)
[DEBUG] [FluorateGL] glTexParameteri(target=0x0DE1, pname=0x813C, param=0)
[DEBUG] [FluorateGL] glTexParameteri(target=0x0DE1, pname=0x813D, param=0)
[DEBUG] [FluorateGL] glBindVertexBuffer(binding=0, buf=39, offset=0, stride=24) desktop 39 -> GLES 39 (tid=13770)
[DEBUG] [FluorateGL] glBindBuffer(0x8893): desktop 40 -> GLES 40 (tid=13770)
[DEBUG] [FluorateGL] glDrawElements(mode=0x0004, count=12, type=0x1403, indices=0x0) bound_vao=2 bound_buf=40 (tid=13770)
[DEBUG] [FluorateGL] glFramebufferTexture2D(target=0x8CA9, attachment=0x8CE0, textarget=0x0DE1, texture=8, level=0)
[DEBUG] [FluorateGL] glFramebufferTexture2D(target=0x8CA9, attachment=0x8D00, textarget=0x0DE1, texture=0, level=0)
[DEBUG] [FluorateGL] glBindBuffer(0x8A11): desktop 15 -> GLES 15 (tid=13770)
[DEBUG] [FluorateGL] glFramebufferTexture2D(target=0x8D40, attachment=0x8CE0, textarget=0x0DE1, texture=0, level=0)
[DEBUG] [FluorateGL] glFramebufferTexture2D(target=0x8D40, attachment=0x8D00, textarget=0x0DE1, texture=7, level=0)
[DEBUG] [FluorateGL] glFramebufferTexture2D(target=0x8D40, attachment=0x8D00, textarget=0x0DE1, texture=0, level=0)
[DEBUG] [FluorateGL] glFramebufferTexture2D(target=0x8D40, attachment=0x8CE0, textarget=0x0DE1, texture=8, level=0)
[DEBUG] [FluorateGL] glFramebufferTexture2D(target=0x8D40, attachment=0x8D00, textarget=0x0DE1, texture=0, level=0)
[DEBUG] [FluorateGL] glFramebufferTexture2D(target=0x8D40, attachment=0x8CE0, textarget=0x0DE1, texture=0, level=0)
[DEBUG] [FluorateGL] glBindBuffer(0x8892): desktop 34 -> GLES 34 (tid=13770)
[DEBUG] [FluorateGL] glBindBuffer(0x8892): desktop 37 -> GLES 37 (tid=13770)
[DEBUG] [FluorateGL] glBindBuffer(0x8A11): desktop 1 -> GLES 1 (tid=13770)
[DEBUG] [FluorateGL] glBindVertexBuffer(binding=0, buf=34, offset=0, stride=16) desktop 34 -> GLES 34 (tid=13770)
[DEBUG] [FluorateGL] glBindBuffer(0x8893): desktop 40 -> GLES 40 (tid=13770)
[DEBUG] [FluorateGL] glDrawElements(mode=0x0004, count=30, type=0x1403, indices=0x0) bound_vao=1 bound_buf=40 (tid=13770)
[DEBUG] [FluorateGL] glTexParameteri(target=0x0DE1, pname=0x813C, param=0)
[DEBUG] [FluorateGL] glTexParameteri(target=0x0DE1, pname=0x813D, param=0)
[DEBUG] [FluorateGL] glBindVertexBuffer(binding=0, buf=37, offset=0, stride=24) desktop 37 -> GLES 37 (tid=13770)
[DEBUG] [FluorateGL] glBindBuffer(0x8893): desktop 40 -> GLES 40 (tid=13770)
[DEBUG] [FluorateGL] glDrawElements(mode=0x0004, count=12, type=0x1403, indices=0x0) bound_vao=2 bound_buf=40 (tid=13770)
[DEBUG] [FluorateGL] glFramebufferTexture2D(target=0x8CA9, attachment=0x8CE0, textarget=0x0DE1, texture=8, level=0)
[DEBUG] [FluorateGL] glFramebufferTexture2D(target=0x8CA9, attachment=0x8D00, textarget=0x0DE1, texture=0, level=0)
[DEBUG] [FluorateGL] glBindBuffer(0x8A11): desktop 15 -> GLES 15 (tid=13770)
[DEBUG] [FluorateGL] glFramebufferTexture2D(target=0x8D40, attachment=0x8CE0, textarget=0x0DE1, texture=0, level=0)
[DEBUG] [FluorateGL] glFramebufferTexture2D(target=0x8D40, attachment=0x8D00, textarget=0x0DE1, texture=7, level=0)
[DEBUG] [FluorateGL] glFramebufferTexture2D(target=0x8D40, attachment=0x8D00, textarget=0x0DE1, texture=0, level=0)
[DEBUG] [FluorateGL] glFramebufferTexture2D(target=0x8D40, attachment=0x8CE0, textarget=0x0DE1, texture=8, level=0)
[DEBUG] [FluorateGL] glFramebufferTexture2D(target=0x8D40, attachment=0x8D00, textarget=0x0DE1, texture=0, level=0)
[DEBUG] [FluorateGL] glFramebufferTexture2D(target=0x8D40, attachment=0x8CE0, textarget=0x0DE1, texture=0, level=0)
[DEBUG] [FluorateGL] glBindBuffer(0x8892): desktop 35 -> GLES 35 (tid=13770)
[DEBUG] [FluorateGL] glBindBuffer(0x8892): desktop 38 -> GLES 38 (tid=13770)
[DEBUG] [FluorateGL] glBindBuffer(0x8A11): desktop 2 -> GLES 2 (tid=13770)
[DEBUG] [FluorateGL] glBindVertexBuffer(binding=0, buf=35, offset=0, stride=16) desktop 35 -> GLES 35 (tid=13770)
[DEBUG] [FluorateGL] glBindBuffer(0x8893): desktop 40 -> GLES 40 (tid=13770)
[DEBUG] [FluorateGL] glDrawElements(mode=0x0004, count=30, type=0x1403, indices=0x0) bound_vao=1 bound_buf=40 (tid=13770)
[DEBUG] [FluorateGL] glTexParameteri(target=0x0DE1, pname=0x813C, param=0)
[DEBUG] [FluorateGL] glTexParameteri(target=0x0DE1, pname=0x813D, param=0)
[DEBUG] [FluorateGL] glBindVertexBuffer(binding=0, buf=38, offset=0, stride=24) desktop 38 -> GLES 38 (tid=13770)
[DEBUG] [FluorateGL] glBindBuffer(0x8893): desktop 40 -> GLES 40 (tid=13770)
[DEBUG] [FluorateGL] glDrawElements(mode=0x0004, count=12, type=0x1403, indices=0x0) bound_vao=2 bound_buf=40 (tid=13770)
[DEBUG] [FluorateGL] glFramebufferTexture2D(target=0x8CA9, attachment=0x8CE0, textarget=0x0DE1, texture=8, level=0)
[DEBUG] [FluorateGL] glFramebufferTexture2D(target=0x8CA9, attachment=0x8D00, textarget=0x0DE1, texture=0, level=0)
[DEBUG] [FluorateGL] glBindBuffer(0x8A11): desktop 15 -> GLES 15 (tid=13770)
[DEBUG] [FluorateGL] glFramebufferTexture2D(target=0x8D40, attachment=0x8CE0, textarget=0x0DE1, texture=0, level=0)
[DEBUG] [FluorateGL] glFramebufferTexture2D(target=0x8D40, attachment=0x8D00, textarget=0x0DE1, texture=7, level=0)
[DEBUG] [FluorateGL] glFramebufferTexture2D(target=0x8D40, attachment=0x8D00, textarget=0x0DE1, texture=0, level=0)
[DEBUG] [FluorateGL] glFramebufferTexture2D(target=0x8D40, attachment=0x8CE0, textarget=0x0DE1, texture=8, level=0)
[DEBUG] [FluorateGL] glFramebufferTexture2D(target=0x8D40, attachment=0x8D00, textarget=0x0DE1, texture=0, level=0)
[DEBUG] [FluorateGL] glFramebufferTexture2D(target=0x8D40, attachment=0x8CE0, textarget=0x0DE1, texture=0, level=0)
[DEBUG] [FluorateGL] glBindBuffer(0x8892): desktop 36 -> GLES 36 (tid=13770)
[DEBUG] [FluorateGL] glBindBuffer(0x8892): desktop 39 -> GLES 39 (tid=13770)
[DEBUG] [FluorateGL] glBindBuffer(0x8A11): desktop 3 -> GLES 3 (tid=13770)
[DEBUG] [FluorateGL] glBindVertexBuffer(binding=0, buf=36, offset=0, stride=16) desktop 36 -> GLES 36 (tid=13770)
[DEBUG] [FluorateGL] glBindBuffer(0x8893): desktop 40 -> GLES 40 (tid=13770)
[DEBUG] [FluorateGL] glDrawElements(mode=0x0004, count=30, type=0x1403, indices=0x0) bound_vao=1 bound_buf=40 (tid=13770)
[DEBUG] [FluorateGL] glTexParameteri(target=0x0DE1, pname=0x813C, param=0)
[DEBUG] [FluorateGL] glTexParameteri(target=0x0DE1, pname=0x813D, param=0)
[DEBUG] [FluorateGL] glBindVertexBuffer(binding=0, buf=39, offset=0, stride=24) desktop 39 -> GLES 39 (tid=13770)
[DEBUG] [FluorateGL] glBindBuffer(0x8893): desktop 40 -> GLES 40 (tid=13770)
[DEBUG] [FluorateGL] glDrawElements(mode=0x0004, count=12, type=0x1403, indices=0x0) bound_vao=2 bound_buf=40 (tid=13770)
[DEBUG] [FluorateGL] glFramebufferTexture2D(target=0x8CA9, attachment=0x8CE0, textarget=0x0DE1, texture=8, level=0)
[DEBUG] [FluorateGL] glFramebufferTexture2D(target=0x8CA9, attachment=0x8D00, textarget=0x0DE1, texture=0, level=0)
[DEBUG] [FluorateGL] glBindBuffer(0x8A11): desktop 15 -> GLES 15 (tid=13770)
[DEBUG] [FluorateGL] glFramebufferTexture2D(target=0x8D40, attachment=0x8CE0, textarget=0x0DE1, texture=0, level=0)
[DEBUG] [FluorateGL] glFramebufferTexture2D(target=0x8D40, attachment=0x8D00, textarget=0x0DE1, texture=7, level=0)
[DEBUG] [FluorateGL] glFramebufferTexture2D(target=0x8D40, attachment=0x8D00, textarget=0x0DE1, texture=0, level=0)
[DEBUG] [FluorateGL] glFramebufferTexture2D(target=0x8D40, attachment=0x8CE0, textarget=0x0DE1, texture=8, level=0)
[DEBUG] [FluorateGL] glFramebufferTexture2D(target=0x8D40, attachment=0x8D00, textarget=0x0DE1, texture=0, level=0)
[DEBUG] [FluorateGL] glFramebufferTexture2D(target=0x8D40, attachment=0x8CE0, textarget=0x0DE1, texture=0, level=0)
[DEBUG] [FluorateGL] glBindBuffer(0x8892): desktop 34 -> GLES 34 (tid=13770)
[DEBUG] [FluorateGL] glBindBuffer(0x8892): desktop 37 -> GLES 37 (tid=13770)
[DEBUG] [FluorateGL] glBindBuffer(0x8A11): desktop 1 -> GLES 1 (tid=13770)
[DEBUG] [FluorateGL] glBindVertexBuffer(binding=0, buf=34, offset=0, stride=16) desktop 34 -> GLES 34 (tid=13770)
[DEBUG] [FluorateGL] glBindBuffer(0x8893): desktop 40 -> GLES 40 (tid=13770)
[DEBUG] [FluorateGL] glDrawElements(mode=0x0004, count=30, type=0x1403, indices=0x0) bound_vao=1 bound_buf=40 (tid=13770)
[DEBUG] [FluorateGL] glTexParameteri(target=0x0DE1, pname=0x813C, param=0)
[DEBUG] [FluorateGL] glTexParameteri(target=0x0DE1, pname=0x813D, param=0)
[DEBUG] [FluorateGL] glBindVertexBuffer(binding=0, buf=37, offset=0, stride=24) desktop 37 -> GLES 37 (tid=13770)
[DEBUG] [FluorateGL] glBindBuffer(0x8893): desktop 40 -> GLES 40 (tid=13770)
[DEBUG] [FluorateGL] glDrawElements(mode=0x0004, count=12, type=0x1403, indices=0x0) bound_vao=2 bound_buf=40 (tid=13770)
[DEBUG] [FluorateGL] glFramebufferTexture2D(target=0x8CA9, attachment=0x8CE0, textarget=0x0DE1, texture=8, level=0)
[DEBUG] [FluorateGL] glFramebufferTexture2D(target=0x8CA9, attachment=0x8D00, textarget=0x0DE1, texture=0, level=0)
[DEBUG] [FluorateGL] glBindBuffer(0x8A11): desktop 15 -> GLES 15 (tid=13770)
[DEBUG] [FluorateGL] glFramebufferTexture2D(target=0x8D40, attachment=0x8CE0, textarget=0x0DE1, texture=0, level=0)
[DEBUG] [FluorateGL] glFramebufferTexture2D(target=0x8D40, attachment=0x8D00, textarget=0x0DE1, texture=7, level=0)
[DEBUG] [FluorateGL] glFramebufferTexture2D(target=0x8D40, attachment=0x8D00, textarget=0x0DE1, texture=0, level=0)
[DEBUG] [FluorateGL] glFramebufferTexture2D(target=0x8D40, attachment=0x8CE0, textarget=0x0DE1, texture=8, level=0)
[DEBUG] [FluorateGL] glFramebufferTexture2D(target=0x8D40, attachment=0x8D00, textarget=0x0DE1, texture=0, level=0)
[DEBUG] [FluorateGL] glFramebufferTexture2D(target=0x8D40, attachment=0x8CE0, textarget=0x0DE1, texture=0, level=0)
[DEBUG] [FluorateGL] glBindBuffer(0x8892): desktop 35 -> GLES 35 (tid=13770)
[DEBUG] [FluorateGL] glBindBuffer(0x8892): desktop 38 -> GLES 38 (tid=13770)
[DEBUG] [FluorateGL] glBindBuffer(0x8A11): desktop 2 -> GLES 2 (tid=13770)
[DEBUG] [FluorateGL] glBindVertexBuffer(binding=0, buf=35, offset=0, stride=16) desktop 35 -> GLES 35 (tid=13770)
[DEBUG] [FluorateGL] glBindBuffer(0x8893): desktop 40 -> GLES 40 (tid=13770)
[DEBUG] [FluorateGL] glDrawElements(mode=0x0004, count=30, type=0x1403, indices=0x0) bound_vao=1 bound_buf=40 (tid=13770)
[DEBUG] [FluorateGL] glTexParameteri(target=0x0DE1, pname=0x813C, param=0)
[DEBUG] [FluorateGL] glTexParameteri(target=0x0DE1, pname=0x813D, param=0)
[DEBUG] [FluorateGL] glBindVertexBuffer(binding=0, buf=38, offset=0, stride=24) desktop 38 -> GLES 38 (tid=13770)
[DEBUG] [FluorateGL] glBindBuffer(0x8893): desktop 40 -> GLES 40 (tid=13770)
[DEBUG] [FluorateGL] glDrawElements(mode=0x0004, count=12, type=0x1403, indices=0x0) bound_vao=2 bound_buf=40 (tid=13770)
[DEBUG] [FluorateGL] glFramebufferTexture2D(target=0x8CA9, attachment=0x8CE0, textarget=0x0DE1, texture=8, level=0)
[DEBUG] [FluorateGL] glFramebufferTexture2D(target=0x8CA9, attachment=0x8D00, textarget=0x0DE1, texture=0, level=0)
[DEBUG] [FluorateGL] glBindBuffer(0x8A11): desktop 15 -> GLES 15 (tid=13770)
[DEBUG] [FluorateGL] glFramebufferTexture2D(target=0x8D40, attachment=0x8CE0, textarget=0x0DE1, texture=0, level=0)
[DEBUG] [FluorateGL] glFramebufferTexture2D(target=0x8D40, attachment=0x8D00, textarget=0x0DE1, texture=7, level=0)
[DEBUG] [FluorateGL] glFramebufferTexture2D(target=0x8D40, attachment=0x8D00, textarget=0x0DE1, texture=0, level=0)
[DEBUG] [FluorateGL] glFramebufferTexture2D(target=0x8D40, attachment=0x8CE0, textarget=0x0DE1, texture=8, level=0)
[DEBUG] [FluorateGL] glFramebufferTexture2D(target=0x8D40, attachment=0x8D00, textarget=0x0DE1, texture=0, level=0)
[DEBUG] [FluorateGL] glFramebufferTexture2D(target=0x8D40, attachment=0x8CE0, textarget=0x0DE1, texture=0, level=0)
[DEBUG] [FluorateGL] glBindBuffer(0x8892): desktop 36 -> GLES 36 (tid=13770)
[DEBUG] [FluorateGL] glBindBuffer(0x8892): desktop 39 -> GLES 39 (tid=13770)
[DEBUG] [FluorateGL] glBindBuffer(0x8A11): desktop 3 -> GLES 3 (tid=13770)
[DEBUG] [FluorateGL] glBindVertexBuffer(binding=0, buf=36, offset=0, stride=16) desktop 36 -> GLES 36 (tid=13770)
[DEBUG] [FluorateGL] glBindBuffer(0x8893): desktop 40 -> GLES 40 (tid=13770)
[DEBUG] [FluorateGL] glDrawElements(mode=0x0004, count=30, type=0x1403, indices=0x0) bound_vao=1 bound_buf=40 (tid=13770)
[DEBUG] [FluorateGL] glTexParameteri(target=0x0DE1, pname=0x813C, param=0)
[DEBUG] [FluorateGL] glTexParameteri(target=0x0DE1, pname=0x813D, param=0)
[DEBUG] [FluorateGL] glBindVertexBuffer(binding=0, buf=39, offset=0, stride=24) desktop 39 -> GLES 39 (tid=13770)
[DEBUG] [FluorateGL] glBindBuffer(0x8893): desktop 40 -> GLES 40 (tid=13770)
[DEBUG] [FluorateGL] glDrawElements(mode=0x0004, count=12, type=0x1403, indices=0x0) bound_vao=2 bound_buf=40 (tid=13770)
[DEBUG] [FluorateGL] glFramebufferTexture2D(target=0x8CA9, attachment=0x8CE0, textarget=0x0DE1, texture=8, level=0)
[DEBUG] [FluorateGL] glFramebufferTexture2D(target=0x8CA9, attachment=0x8D00, textarget=0x0DE1, texture=0, level=0)
[DEBUG] [FluorateGL] glBindBuffer(0x8A11): desktop 15 -> GLES 15 (tid=13770)
[DEBUG] [FluorateGL] glFramebufferTexture2D(target=0x8D40, attachment=0x8CE0, textarget=0x0DE1, texture=0, level=0)
[DEBUG] [FluorateGL] glFramebufferTexture2D(target=0x8D40, attachment=0x8D00, textarget=0x0DE1, texture=7, level=0)
[DEBUG] [FluorateGL] glFramebufferTexture2D(target=0x8D40, attachment=0x8D00, textarget=0x0DE1, texture=0, level=0)
[DEBUG] [FluorateGL] glFramebufferTexture2D(target=0x8D40, attachment=0x8CE0, textarget=0x0DE1, texture=8, level=0)
[DEBUG] [FluorateGL] glFramebufferTexture2D(target=0x8D40, attachment=0x8D00, textarget=0x0DE1, texture=0, level=0)
[DEBUG] [FluorateGL] glFramebufferTexture2D(target=0x8D40, attachment=0x8CE0, textarget=0x0DE1, texture=0, level=0)
[DEBUG] [FluorateGL] glBindBuffer(0x8892): desktop 34 -> GLES 34 (tid=13770)
[DEBUG] [FluorateGL] glBindBuffer(0x8892): desktop 37 -> GLES 37 (tid=13770)
[DEBUG] [FluorateGL] glBindBuffer(0x8A11): desktop 1 -> GLES 1 (tid=13770)
[DEBUG] [FluorateGL] glBindVertexBuffer(binding=0, buf=34, offset=0, stride=16) desktop 34 -> GLES 34 (tid=13770)
[DEBUG] [FluorateGL] glBindBuffer(0x8893): desktop 40 -> GLES 40 (tid=13770)
[DEBUG] [FluorateGL] glDrawElements(mode=0x0004, count=30, type=0x1403, indices=0x0) bound_vao=1 bound_buf=40 (tid=13770)
[DEBUG] [FluorateGL] glTexParameteri(target=0x0DE1, pname=0x813C, param=0)
[DEBUG] [FluorateGL] glTexParameteri(target=0x0DE1, pname=0x813D, param=0)
[DEBUG] [FluorateGL] glBindVertexBuffer(binding=0, buf=37, offset=0, stride=24) desktop 37 -> GLES 37 (tid=13770)
[DEBUG] [FluorateGL] glBindBuffer(0x8893): desktop 40 -> GLES 40 (tid=13770)
[DEBUG] [FluorateGL] glDrawElements(mode=0x0004, count=12, type=0x1403, indices=0x0) bound_vao=2 bound_buf=40 (tid=13770)
[DEBUG] [FluorateGL] glFramebufferTexture2D(target=0x8CA9, attachment=0x8CE0, textarget=0x0DE1, texture=8, level=0)
[DEBUG] [FluorateGL] glFramebufferTexture2D(target=0x8CA9, attachment=0x8D00, textarget=0x0DE1, texture=0, level=0)
[DEBUG] [FluorateGL] glBindBuffer(0x8A11): desktop 15 -> GLES 15 (tid=13770)
[DEBUG] [FluorateGL] glFramebufferTexture2D(target=0x8D40, attachment=0x8CE0, textarget=0x0DE1, texture=0, level=0)
[DEBUG] [FluorateGL] glFramebufferTexture2D(target=0x8D40, attachment=0x8D00, textarget=0x0DE1, texture=7, level=0)
[DEBUG] [FluorateGL] glFramebufferTexture2D(target=0x8D40, attachment=0x8D00, textarget=0x0DE1, texture=0, level=0)
[DEBUG] [FluorateGL] glFramebufferTexture2D(target=0x8D40, attachment=0x8CE0, textarget=0x0DE1, texture=8, level=0)
[DEBUG] [FluorateGL] glFramebufferTexture2D(target=0x8D40, attachment=0x8D00, textarget=0x0DE1, texture=0, level=0)
[DEBUG] [FluorateGL] glFramebufferTexture2D(target=0x8D40, attachment=0x8CE0, textarget=0x0DE1, texture=0, level=0)
[DEBUG] [FluorateGL] glBindBuffer(0x8892): desktop 35 -> GLES 35 (tid=13770)
[DEBUG] [FluorateGL] glBindBuffer(0x8892): desktop 38 -> GLES 38 (tid=13770)
[DEBUG] [FluorateGL] glBindBuffer(0x8A11): desktop 2 -> GLES 2 (tid=13770)
[DEBUG] [FluorateGL] glBindVertexBuffer(binding=0, buf=35, offset=0, stride=16) desktop 35 -> GLES 35 (tid=13770)
[DEBUG] [FluorateGL] glBindBuffer(0x8893): desktop 40 -> GLES 40 (tid=13770)
[DEBUG] [FluorateGL] glDrawElements(mode=0x0004, count=30, type=0x1403, indices=0x0) bound_vao=1 bound_buf=40 (tid=13770)
[DEBUG] [FluorateGL] glTexParameteri(target=0x0DE1, pname=0x813C, param=0)
[DEBUG] [FluorateGL] glTexParameteri(target=0x0DE1, pname=0x813D, param=0)
[DEBUG] [FluorateGL] glBindVertexBuffer(binding=0, buf=38, offset=0, stride=24) desktop 38 -> GLES 38 (tid=13770)
[DEBUG] [FluorateGL] glBindBuffer(0x8893): desktop 40 -> GLES 40 (tid=13770)
[DEBUG] [FluorateGL] glDrawElements(mode=0x0004, count=12, type=0x1403, indices=0x0) bound_vao=2 bound_buf=40 (tid=13770)
[DEBUG] [FluorateGL] glFramebufferTexture2D(target=0x8CA9, attachment=0x8CE0, textarget=0x0DE1, texture=8, level=0)
[DEBUG] [FluorateGL] glFramebufferTexture2D(target=0x8CA9, attachment=0x8D00, textarget=0x0DE1, texture=0, level=0)
[DEBUG] [FluorateGL] glBindBuffer(0x8A11): desktop 15 -> GLES 15 (tid=13770)
[DEBUG] [FluorateGL] glFramebufferTexture2D(target=0x8D40, attachment=0x8CE0, textarget=0x0DE1, texture=0, level=0)
[DEBUG] [FluorateGL] glFramebufferTexture2D(target=0x8D40, attachment=0x8D00, textarget=0x0DE1, texture=7, level=0)
[DEBUG] [FluorateGL] glFramebufferTexture2D(target=0x8D40, attachment=0x8D00, textarget=0x0DE1, texture=0, level=0)
[DEBUG] [FluorateGL] glFramebufferTexture2D(target=0x8D40, attachment=0x8CE0, textarget=0x0DE1, texture=8, level=0)
[DEBUG] [FluorateGL] glFramebufferTexture2D(target=0x8D40, attachment=0x8D00, textarget=0x0DE1, texture=0, level=0)
[DEBUG] [FluorateGL] glFramebufferTexture2D(target=0x8D40, attachment=0x8CE0, textarget=0x0DE1, texture=0, level=0)
[DEBUG] [FluorateGL] glBindBuffer(0x8892): desktop 36 -> GLES 36 (tid=13770)
[DEBUG] [FluorateGL] glBindBuffer(0x8892): desktop 39 -> GLES 39 (tid=13770)
[DEBUG] [FluorateGL] glBindBuffer(0x8A11): desktop 3 -> GLES 3 (tid=13770)
[DEBUG] [FluorateGL] glBindVertexBuffer(binding=0, buf=36, offset=0, stride=16) desktop 36 -> GLES 36 (tid=13770)
[DEBUG] [FluorateGL] glBindBuffer(0x8893): desktop 40 -> GLES 40 (tid=13770)
[DEBUG] [FluorateGL] glDrawElements(mode=0x0004, count=30, type=0x1403, indices=0x0) bound_vao=1 bound_buf=40 (tid=13770)
[DEBUG] [FluorateGL] glTexParameteri(target=0x0DE1, pname=0x813C, param=0)
[DEBUG] [FluorateGL] glTexParameteri(target=0x0DE1, pname=0x813D, param=0)
[DEBUG] [FluorateGL] glBindVertexBuffer(binding=0, buf=39, offset=0, stride=24) desktop 39 -> GLES 39 (tid=13770)
[DEBUG] [FluorateGL] glBindBuffer(0x8893): desktop 40 -> GLES 40 (tid=13770)
[DEBUG] [FluorateGL] glDrawElements(mode=0x0004, count=12, type=0x1403, indices=0x0) bound_vao=2 bound_buf=40 (tid=13770)
[DEBUG] [FluorateGL] glFramebufferTexture2D(target=0x8CA9, attachment=0x8CE0, textarget=0x0DE1, texture=8, level=0)
[DEBUG] [FluorateGL] glFramebufferTexture2D(target=0x8CA9, attachment=0x8D00, textarget=0x0DE1, texture=0, level=0)
[DEBUG] [FluorateGL] glBindBuffer(0x8A11): desktop 15 -> GLES 15 (tid=13770)
[DEBUG] [FluorateGL] glFramebufferTexture2D(target=0x8D40, attachment=0x8CE0, textarget=0x0DE1, texture=0, level=0)
[DEBUG] [FluorateGL] glFramebufferTexture2D(target=0x8D40, attachment=0x8D00, textarget=0x0DE1, texture=7, level=0)
[DEBUG] [FluorateGL] glFramebufferTexture2D(target=0x8D40, attachment=0x8D00, textarget=0x0DE1, texture=0, level=0)
[DEBUG] [FluorateGL] glFramebufferTexture2D(target=0x8D40, attachment=0x8CE0, textarget=0x0DE1, texture=8, level=0)
[DEBUG] [FluorateGL] glFramebufferTexture2D(target=0x8D40, attachment=0x8D00, textarget=0x0DE1, texture=0, level=0)
[DEBUG] [FluorateGL] glFramebufferTexture2D(target=0x8D40, attachment=0x8CE0, textarget=0x0DE1, texture=0, level=0)
[DEBUG] [FluorateGL] glBindBuffer(0x8892): desktop 34 -> GLES 34 (tid=13770)
[DEBUG] [FluorateGL] glBindBuffer(0x8892): desktop 37 -> GLES 37 (tid=13770)
[DEBUG] [FluorateGL] glBindBuffer(0x8A11): desktop 1 -> GLES 1 (tid=13770)
[DEBUG] [FluorateGL] glBindVertexBuffer(binding=0, buf=34, offset=0, stride=16) desktop 34 -> GLES 34 (tid=13770)
[DEBUG] [FluorateGL] glBindBuffer(0x8893): desktop 40 -> GLES 40 (tid=13770)
[DEBUG] [FluorateGL] glDrawElements(mode=0x0004, count=30, type=0x1403, indices=0x0) bound_vao=1 bound_buf=40 (tid=13770)
[DEBUG] [FluorateGL] glTexParameteri(target=0x0DE1, pname=0x813C, param=0)
[DEBUG] [FluorateGL] glTexParameteri(target=0x0DE1, pname=0x813D, param=0)
[DEBUG] [FluorateGL] glBindVertexBuffer(binding=0, buf=37, offset=0, stride=24) desktop 37 -> GLES 37 (tid=13770)
[DEBUG] [FluorateGL] glBindBuffer(0x8893): desktop 40 -> GLES 40 (tid=13770)
[DEBUG] [FluorateGL] glDrawElements(mode=0x0004, count=12, type=0x1403, indices=0x0) bound_vao=2 bound_buf=40 (tid=13770)
[DEBUG] [FluorateGL] glFramebufferTexture2D(target=0x8CA9, attachment=0x8CE0, textarget=0x0DE1, texture=8, level=0)
[DEBUG] [FluorateGL] glFramebufferTexture2D(target=0x8CA9, attachment=0x8D00, textarget=0x0DE1, texture=0, level=0)
[DEBUG] [FluorateGL] glBindBuffer(0x8A11): desktop 15 -> GLES 15 (tid=13770)
[DEBUG] [FluorateGL] glFramebufferTexture2D(target=0x8D40, attachment=0x8CE0, textarget=0x0DE1, texture=0, level=0)
[DEBUG] [FluorateGL] glFramebufferTexture2D(target=0x8D40, attachment=0x8D00, textarget=0x0DE1, texture=7, level=0)
[DEBUG] [FluorateGL] glFramebufferTexture2D(target=0x8D40, attachment=0x8D00, textarget=0x0DE1, texture=0, level=0)
[DEBUG] [FluorateGL] glFramebufferTexture2D(target=0x8D40, attachment=0x8CE0, textarget=0x0DE1, texture=8, level=0)
[DEBUG] [FluorateGL] glFramebufferTexture2D(target=0x8D40, attachment=0x8D00, textarget=0x0DE1, texture=0, level=0)
[DEBUG] [FluorateGL] glFramebufferTexture2D(target=0x8D40, attachment=0x8CE0, textarget=0x0DE1, texture=0, level=0)
[DEBUG] [FluorateGL] glBindBuffer(0x8892): desktop 35 -> GLES 35 (tid=13770)
[DEBUG] [FluorateGL] glBindBuffer(0x8892): desktop 38 -> GLES 38 (tid=13770)
[DEBUG] [FluorateGL] glBindBuffer(0x8A11): desktop 2 -> GLES 2 (tid=13770)
[DEBUG] [FluorateGL] glBindVertexBuffer(binding=0, buf=35, offset=0, stride=16) desktop 35 -> GLES 35 (tid=13770)
[DEBUG] [FluorateGL] glBindBuffer(0x8893): desktop 40 -> GLES 40 (tid=13770)
[DEBUG] [FluorateGL] glDrawElements(mode=0x0004, count=30, type=0x1403, indices=0x0) bound_vao=1 bound_buf=40 (tid=13770)
[DEBUG] [FluorateGL] glTexParameteri(target=0x0DE1, pname=0x813C, param=0)
[DEBUG] [FluorateGL] glTexParameteri(target=0x0DE1, pname=0x813D, param=0)
[DEBUG] [FluorateGL] glBindVertexBuffer(binding=0, buf=38, offset=0, stride=24) desktop 38 -> GLES 38 (tid=13770)
[DEBUG] [FluorateGL] glBindBuffer(0x8893): desktop 40 -> GLES 40 (tid=13770)
[DEBUG] [FluorateGL] glDrawElements(mode=0x0004, count=12, type=0x1403, indices=0x0) bound_vao=2 bound_buf=40 (tid=13770)
[DEBUG] [FluorateGL] glFramebufferTexture2D(target=0x8CA9, attachment=0x8CE0, textarget=0x0DE1, texture=8, level=0)
[DEBUG] [FluorateGL] glFramebufferTexture2D(target=0x8CA9, attachment=0x8D00, textarget=0x0DE1, texture=0, level=0)
[DEBUG] [FluorateGL] glBindBuffer(0x8A11): desktop 15 -> GLES 15 (tid=13770)
[DEBUG] [FluorateGL] glFramebufferTexture2D(target=0x8D40, attachment=0x8CE0, textarget=0x0DE1, texture=0, level=0)
[DEBUG] [FluorateGL] glFramebufferTexture2D(target=0x8D40, attachment=0x8D00, textarget=0x0DE1, texture=7, level=0)
[DEBUG] [FluorateGL] glFramebufferTexture2D(target=0x8D40, attachment=0x8D00, textarget=0x0DE1, texture=0, level=0)
[DEBUG] [FluorateGL] glFramebufferTexture2D(target=0x8D40, attachment=0x8CE0, textarget=0x0DE1, texture=8, level=0)
[DEBUG] [FluorateGL] glFramebufferTexture2D(target=0x8D40, attachment=0x8D00, textarget=0x0DE1, texture=0, level=0)
[DEBUG] [FluorateGL] glFramebufferTexture2D(target=0x8D40, attachment=0x8CE0, textarget=0x0DE1, texture=0, level=0)
[DEBUG] [FluorateGL] glBindBuffer(0x8892): desktop 36 -> GLES 36 (tid=13770)
[DEBUG] [FluorateGL] glBindBuffer(0x8892): desktop 39 -> GLES 39 (tid=13770)
[DEBUG] [FluorateGL] glBindBuffer(0x8A11): desktop 3 -> GLES 3 (tid=13770)
[DEBUG] [FluorateGL] glBindVertexBuffer(binding=0, buf=36, offset=0, stride=16) desktop 36 -> GLES 36 (tid=13770)
[DEBUG] [FluorateGL] glBindBuffer(0x8893): desktop 40 -> GLES 40 (tid=13770)
[DEBUG] [FluorateGL] glDrawElements(mode=0x0004, count=30, type=0x1403, indices=0x0) bound_vao=1 bound_buf=40 (tid=13770)
[DEBUG] [FluorateGL] glTexParameteri(target=0x0DE1, pname=0x813C, param=0)
[DEBUG] [FluorateGL] glTexParameteri(target=0x0DE1, pname=0x813D, param=0)
[DEBUG] [FluorateGL] glBindVertexBuffer(binding=0, buf=39, offset=0, stride=24) desktop 39 -> GLES 39 (tid=13770)
[DEBUG] [FluorateGL] glBindBuffer(0x8893): desktop 40 -> GLES 40 (tid=13770)
[DEBUG] [FluorateGL] glDrawElements(mode=0x0004, count=12, type=0x1403, indices=0x0) bound_vao=2 bound_buf=40 (tid=13770)
[DEBUG] [FluorateGL] glFramebufferTexture2D(target=0x8CA9, attachment=0x8CE0, textarget=0x0DE1, texture=8, level=0)
[DEBUG] [FluorateGL] glFramebufferTexture2D(target=0x8CA9, attachment=0x8D00, textarget=0x0DE1, texture=0, level=0)
[DEBUG] [FluorateGL] glBindBuffer(0x8A11): desktop 15 -> GLES 15 (tid=13770)
[DEBUG] [FluorateGL] glFramebufferTexture2D(target=0x8D40, attachment=0x8CE0, textarget=0x0DE1, texture=0, level=0)
[DEBUG] [FluorateGL] glFramebufferTexture2D(target=0x8D40, attachment=0x8D00, textarget=0x0DE1, texture=7, level=0)
[DEBUG] [FluorateGL] glFramebufferTexture2D(target=0x8D40, attachment=0x8D00, textarget=0x0DE1, texture=0, level=0)
[DEBUG] [FluorateGL] glFramebufferTexture2D(target=0x8D40, attachment=0x8CE0, textarget=0x0DE1, texture=8, level=0)
[DEBUG] [FluorateGL] glFramebufferTexture2D(target=0x8D40, attachment=0x8D00, textarget=0x0DE1, texture=0, level=0)
[DEBUG] [FluorateGL] glFramebufferTexture2D(target=0x8D40, attachment=0x8CE0, textarget=0x0DE1, texture=0, level=0)
[DEBUG] [FluorateGL] glBindBuffer(0x8892): desktop 34 -> GLES 34 (tid=13770)
[DEBUG] [FluorateGL] glBindBuffer(0x8892): desktop 37 -> GLES 37 (tid=13770)
[DEBUG] [FluorateGL] glBindBuffer(0x8A11): desktop 1 -> GLES 1 (tid=13770)
[DEBUG] [FluorateGL] glBindVertexBuffer(binding=0, buf=34, offset=0, stride=16) desktop 34 -> GLES 34 (tid=13770)
[DEBUG] [FluorateGL] glBindBuffer(0x8893): desktop 40 -> GLES 40 (tid=13770)
[DEBUG] [FluorateGL] glDrawElements(mode=0x0004, count=30, type=0x1403, indices=0x0) bound_vao=1 bound_buf=40 (tid=13770)
[DEBUG] [FluorateGL] glTexParameteri(target=0x0DE1, pname=0x813C, param=0)
[DEBUG] [FluorateGL] glTexParameteri(target=0x0DE1, pname=0x813D, param=0)
[DEBUG] [FluorateGL] glBindVertexBuffer(binding=0, buf=37, offset=0, stride=24) desktop 37 -> GLES 37 (tid=13770)
[DEBUG] [FluorateGL] glBindBuffer(0x8893): desktop 40 -> GLES 40 (tid=13770)
[DEBUG] [FluorateGL] glDrawElements(mode=0x0004, count=12, type=0x1403, indices=0x0) bound_vao=2 bound_buf=40 (tid=13770)
[DEBUG] [FluorateGL] glFramebufferTexture2D(target=0x8CA9, attachment=0x8CE0, textarget=0x0DE1, texture=8, level=0)
[DEBUG] [FluorateGL] glFramebufferTexture2D(target=0x8CA9, attachment=0x8D00, textarget=0x0DE1, texture=0, level=0)
[DEBUG] [FluorateGL] glBindBuffer(0x8A11): desktop 15 -> GLES 15 (tid=13770)
[DEBUG] [FluorateGL] glFramebufferTexture2D(target=0x8D40, attachment=0x8CE0, textarget=0x0DE1, texture=0, level=0)
[DEBUG] [FluorateGL] glFramebufferTexture2D(target=0x8D40, attachment=0x8D00, textarget=0x0DE1, texture=7, level=0)
[DEBUG] [FluorateGL] glFramebufferTexture2D(target=0x8D40, attachment=0x8D00, textarget=0x0DE1, texture=0, level=0)
[DEBUG] [FluorateGL] glFramebufferTexture2D(target=0x8D40, attachment=0x8CE0, textarget=0x0DE1, texture=8, level=0)
[DEBUG] [FluorateGL] glFramebufferTexture2D(target=0x8D40, attachment=0x8D00, textarget=0x0DE1, texture=0, level=0)
[DEBUG] [FluorateGL] glFramebufferTexture2D(target=0x8D40, attachment=0x8CE0, textarget=0x0DE1, texture=0, level=0)
[DEBUG] [FluorateGL] glBindBuffer(0x8892): desktop 35 -> GLES 35 (tid=13770)
[DEBUG] [FluorateGL] glBindBuffer(0x8892): desktop 38 -> GLES 38 (tid=13770)
[DEBUG] [FluorateGL] glBindBuffer(0x8A11): desktop 2 -> GLES 2 (tid=13770)
[DEBUG] [FluorateGL] glBindVertexBuffer(binding=0, buf=35, offset=0, stride=16) desktop 35 -> GLES 35 (tid=13770)
[DEBUG] [FluorateGL] glBindBuffer(0x8893): desktop 40 -> GLES 40 (tid=13770)
[DEBUG] [FluorateGL] glDrawElements(mode=0x0004, count=30, type=0x1403, indices=0x0) bound_vao=1 bound_buf=40 (tid=13770)
[DEBUG] [FluorateGL] glTexParameteri(target=0x0DE1, pname=0x813C, param=0)
[DEBUG] [FluorateGL] glTexParameteri(target=0x0DE1, pname=0x813D, param=0)
[DEBUG] [FluorateGL] glBindVertexBuffer(binding=0, buf=38, offset=0, stride=24) desktop 38 -> GLES 38 (tid=13770)
[DEBUG] [FluorateGL] glBindBuffer(0x8893): desktop 40 -> GLES 40 (tid=13770)
[DEBUG] [FluorateGL] glDrawElements(mode=0x0004, count=12, type=0x1403, indices=0x0) bound_vao=2 bound_buf=40 (tid=13770)
[DEBUG] [FluorateGL] glFramebufferTexture2D(target=0x8CA9, attachment=0x8CE0, textarget=0x0DE1, texture=8, level=0)
[DEBUG] [FluorateGL] glFramebufferTexture2D(target=0x8CA9, attachment=0x8D00, textarget=0x0DE1, texture=0, level=0)
[DEBUG] [FluorateGL] glBindBuffer(0x8A11): desktop 15 -> GLES 15 (tid=13770)
[DEBUG] [FluorateGL] glFramebufferTexture2D(target=0x8D40, attachment=0x8CE0, textarget=0x0DE1, texture=0, level=0)
[DEBUG] [FluorateGL] glFramebufferTexture2D(target=0x8D40, attachment=0x8D00, textarget=0x0DE1, texture=7, level=0)
[DEBUG] [FluorateGL] glFramebufferTexture2D(target=0x8D40, attachment=0x8D00, textarget=0x0DE1, texture=0, level=0)
[DEBUG] [FluorateGL] glFramebufferTexture2D(target=0x8D40, attachment=0x8CE0, textarget=0x0DE1, texture=8, level=0)
[DEBUG] [FluorateGL] glFramebufferTexture2D(target=0x8D40, attachment=0x8D00, textarget=0x0DE1, texture=0, level=0)
[DEBUG] [FluorateGL] glFramebufferTexture2D(target=0x8D40, attachment=0x8CE0, textarget=0x0DE1, texture=0, level=0)
[DEBUG] [FluorateGL] glBindBuffer(0x8892): desktop 36 -> GLES 36 (tid=13770)
[DEBUG] [FluorateGL] glBindBuffer(0x8892): desktop 39 -> GLES 39 (tid=13770)
[DEBUG] [FluorateGL] glBindBuffer(0x8A11): desktop 3 -> GLES 3 (tid=13770)
[DEBUG] [FluorateGL] glBindVertexBuffer(binding=0, buf=36, offset=0, stride=16) desktop 36 -> GLES 36 (tid=13770)
[DEBUG] [FluorateGL] glBindBuffer(0x8893): desktop 40 -> GLES 40 (tid=13770)
[DEBUG] [FluorateGL] glDrawElements(mode=0x0004, count=30, type=0x1403, indices=0x0) bound_vao=1 bound_buf=40 (tid=13770)
[DEBUG] [FluorateGL] glTexParameteri(target=0x0DE1, pname=0x813C, param=0)
[DEBUG] [FluorateGL] glTexParameteri(target=0x0DE1, pname=0x813D, param=0)
[DEBUG] [FluorateGL] glBindVertexBuffer(binding=0, buf=39, offset=0, stride=24) desktop 39 -> GLES 39 (tid=13770)
[DEBUG] [FluorateGL] glBindBuffer(0x8893): desktop 40 -> GLES 40 (tid=13770)
[DEBUG] [FluorateGL] glDrawElements(mode=0x0004, count=12, type=0x1403, indices=0x0) bound_vao=2 bound_buf=40 (tid=13770)
[DEBUG] [FluorateGL] glFramebufferTexture2D(target=0x8CA9, attachment=0x8CE0, textarget=0x0DE1, texture=8, level=0)
[DEBUG] [FluorateGL] glFramebufferTexture2D(target=0x8CA9, attachment=0x8D00, textarget=0x0DE1, texture=0, level=0)
[DEBUG] [FluorateGL] glBindBuffer(0x8A11): desktop 15 -> GLES 15 (tid=13770)
[DEBUG] [FluorateGL] glFramebufferTexture2D(target=0x8D40, attachment=0x8CE0, textarget=0x0DE1, texture=0, level=0)
[DEBUG] [FluorateGL] glFramebufferTexture2D(target=0x8D40, attachment=0x8D00, textarget=0x0DE1, texture=7, level=0)
[DEBUG] [FluorateGL] glFramebufferTexture2D(target=0x8D40, attachment=0x8D00, textarget=0x0DE1, texture=0, level=0)
[DEBUG] [FluorateGL] glFramebufferTexture2D(target=0x8D40, attachment=0x8CE0, textarget=0x0DE1, texture=8, level=0)
[DEBUG] [FluorateGL] glFramebufferTexture2D(target=0x8D40, attachment=0x8D00, textarget=0x0DE1, texture=0, level=0)
[DEBUG] [FluorateGL] glFramebufferTexture2D(target=0x8D40, attachment=0x8CE0, textarget=0x0DE1, texture=0, level=0)
[DEBUG] [FluorateGL] glBindBuffer(0x8892): desktop 34 -> GLES 34 (tid=13770)
[DEBUG] [FluorateGL] glBindBuffer(0x8892): desktop 37 -> GLES 37 (tid=13770)
[DEBUG] [FluorateGL] glBindBuffer(0x8A11): desktop 1 -> GLES 1 (tid=13770)
[DEBUG] [FluorateGL] glBindVertexBuffer(binding=0, buf=34, offset=0, stride=16) desktop 34 -> GLES 34 (tid=13770)
[DEBUG] [FluorateGL] glBindBuffer(0x8893): desktop 40 -> GLES 40 (tid=13770)
[DEBUG] [FluorateGL] glDrawElements(mode=0x0004, count=30, type=0x1403, indices=0x0) bound_vao=1 bound_buf=40 (tid=13770)
[DEBUG] [FluorateGL] glTexParameteri(target=0x0DE1, pname=0x813C, param=0)
[DEBUG] [FluorateGL] glTexParameteri(target=0x0DE1, pname=0x813D, param=0)
[DEBUG] [FluorateGL] glBindVertexBuffer(binding=0, buf=37, offset=0, stride=24) desktop 37 -> GLES 37 (tid=13770)
[DEBUG] [FluorateGL] glBindBuffer(0x8893): desktop 40 -> GLES 40 (tid=13770)
[DEBUG] [FluorateGL] glDrawElements(mode=0x0004, count=12, type=0x1403, indices=0x0) bound_vao=2 bound_buf=40 (tid=13770)
[DEBUG] [FluorateGL] glFramebufferTexture2D(target=0x8CA9, attachment=0x8CE0, textarget=0x0DE1, texture=8, level=0)
[DEBUG] [FluorateGL] glFramebufferTexture2D(target=0x8CA9, attachment=0x8D00, textarget=0x0DE1, texture=0, level=0)
[DEBUG] [FluorateGL] glBindBuffer(0x8A11): desktop 15 -> GLES 15 (tid=13770)
[DEBUG] [FluorateGL] glFramebufferTexture2D(target=0x8D40, attachment=0x8CE0, textarget=0x0DE1, texture=0, level=0)
[DEBUG] [FluorateGL] glFramebufferTexture2D(target=0x8D40, attachment=0x8D00, textarget=0x0DE1, texture=7, level=0)
[DEBUG] [FluorateGL] glFramebufferTexture2D(target=0x8D40, attachment=0x8D00, textarget=0x0DE1, texture=0, level=0)
[DEBUG] [FluorateGL] glFramebufferTexture2D(target=0x8D40, attachment=0x8CE0, textarget=0x0DE1, texture=8, level=0)
[DEBUG] [FluorateGL] glFramebufferTexture2D(target=0x8D40, attachment=0x8D00, textarget=0x0DE1, texture=0, level=0)
[DEBUG] [FluorateGL] glFramebufferTexture2D(target=0x8D40, attachment=0x8CE0, textarget=0x0DE1, texture=0, level=0)
[DEBUG] [FluorateGL] glBindBuffer(0x8892): desktop 35 -> GLES 35 (tid=13770)
[DEBUG] [FluorateGL] glBindBuffer(0x8892): desktop 38 -> GLES 38 (tid=13770)
[DEBUG] [FluorateGL] glBindBuffer(0x8A11): desktop 2 -> GLES 2 (tid=13770)
[DEBUG] [FluorateGL] glBindVertexBuffer(binding=0, buf=35, offset=0, stride=16) desktop 35 -> GLES 35 (tid=13770)
[DEBUG] [FluorateGL] glBindBuffer(0x8893): desktop 40 -> GLES 40 (tid=13770)
[DEBUG] [FluorateGL] glDrawElements(mode=0x0004, count=30, type=0x1403, indices=0x0) bound_vao=1 bound_buf=40 (tid=13770)
[DEBUG] [FluorateGL] glTexParameteri(target=0x0DE1, pname=0x813C, param=0)
[DEBUG] [FluorateGL] glTexParameteri(target=0x0DE1, pname=0x813D, param=0)
[DEBUG] [FluorateGL] glBindVertexBuffer(binding=0, buf=38, offset=0, stride=24) desktop 38 -> GLES 38 (tid=13770)
[DEBUG] [FluorateGL] glBindBuffer(0x8893): desktop 40 -> GLES 40 (tid=13770)
[DEBUG] [FluorateGL] glDrawElements(mode=0x0004, count=12, type=0x1403, indices=0x0) bound_vao=2 bound_buf=40 (tid=13770)
[DEBUG] [FluorateGL] glFramebufferTexture2D(target=0x8CA9, attachment=0x8CE0, textarget=0x0DE1, texture=8, level=0)
[DEBUG] [FluorateGL] glFramebufferTexture2D(target=0x8CA9, attachment=0x8D00, textarget=0x0DE1, texture=0, level=0)
[DEBUG] [FluorateGL] glBindBuffer(0x8A11): desktop 15 -> GLES 15 (tid=13770)
[DEBUG] [FluorateGL] glFramebufferTexture2D(target=0x8D40, attachment=0x8CE0, textarget=0x0DE1, texture=0, level=0)
[DEBUG] [FluorateGL] glFramebufferTexture2D(target=0x8D40, attachment=0x8D00, textarget=0x0DE1, texture=7, level=0)
[DEBUG] [FluorateGL] glFramebufferTexture2D(target=0x8D40, attachment=0x8D00, textarget=0x0DE1, texture=0, level=0)
[DEBUG] [FluorateGL] glFramebufferTexture2D(target=0x8D40, attachment=0x8CE0, textarget=0x0DE1, texture=8, level=0)
[DEBUG] [FluorateGL] glFramebufferTexture2D(target=0x8D40, attachment=0x8D00, textarget=0x0DE1, texture=0, level=0)
[DEBUG] [FluorateGL] glFramebufferTexture2D(target=0x8D40, attachment=0x8CE0, textarget=0x0DE1, texture=0, level=0)
[DEBUG] [FluorateGL] glBindBuffer(0x8892): desktop 36 -> GLES 36 (tid=13770)
[DEBUG] [FluorateGL] glBindBuffer(0x8892): desktop 39 -> GLES 39 (tid=13770)
[DEBUG] [FluorateGL] glBindBuffer(0x8A11): desktop 3 -> GLES 3 (tid=13770)
[DEBUG] [FluorateGL] glBindVertexBuffer(binding=0, buf=36, offset=0, stride=16) desktop 36 -> GLES 36 (tid=13770)
[DEBUG] [FluorateGL] glBindBuffer(0x8893): desktop 40 -> GLES 40 (tid=13770)
[DEBUG] [FluorateGL] glDrawElements(mode=0x0004, count=30, type=0x1403, indices=0x0) bound_vao=1 bound_buf=40 (tid=13770)
[DEBUG] [FluorateGL] glTexParameteri(target=0x0DE1, pname=0x813C, param=0)
[DEBUG] [FluorateGL] glTexParameteri(target=0x0DE1, pname=0x813D, param=0)
[DEBUG] [FluorateGL] glBindVertexBuffer(binding=0, buf=39, offset=0, stride=24) desktop 39 -> GLES 39 (tid=13770)
[DEBUG] [FluorateGL] glBindBuffer(0x8893): desktop 40 -> GLES 40 (tid=13770)
[DEBUG] [FluorateGL] glDrawElements(mode=0x0004, count=12, type=0x1403, indices=0x0) bound_vao=2 bound_buf=40 (tid=13770)
[DEBUG] [FluorateGL] glFramebufferTexture2D(target=0x8CA9, attachment=0x8CE0, textarget=0x0DE1, texture=8, level=0)
[DEBUG] [FluorateGL] glFramebufferTexture2D(target=0x8CA9, attachment=0x8D00, textarget=0x0DE1, texture=0, level=0)
[DEBUG] [FluorateGL] glBindBuffer(0x8A11): desktop 15 -> GLES 15 (tid=13770)
[DEBUG] [FluorateGL] glFramebufferTexture2D(target=0x8D40, attachment=0x8CE0, textarget=0x0DE1, texture=0, level=0)
[DEBUG] [FluorateGL] glFramebufferTexture2D(target=0x8D40, attachment=0x8D00, textarget=0x0DE1, texture=7, level=0)
[DEBUG] [FluorateGL] glFramebufferTexture2D(target=0x8D40, attachment=0x8D00, textarget=0x0DE1, texture=0, level=0)
[DEBUG] [FluorateGL] glFramebufferTexture2D(target=0x8D40, attachment=0x8CE0, textarget=0x0DE1, texture=8, level=0)
[DEBUG] [FluorateGL] glFramebufferTexture2D(target=0x8D40, attachment=0x8D00, textarget=0x0DE1, texture=0, level=0)
[DEBUG] [FluorateGL] glFramebufferTexture2D(target=0x8D40, attachment=0x8CE0, textarget=0x0DE1, texture=0, level=0)
[DEBUG] [FluorateGL] glBindBuffer(0x8892): desktop 34 -> GLES 34 (tid=13770)
[DEBUG] [FluorateGL] glBindBuffer(0x8892): desktop 37 -> GLES 37 (tid=13770)
[DEBUG] [FluorateGL] glBindBuffer(0x8A11): desktop 1 -> GLES 1 (tid=13770)
[DEBUG] [FluorateGL] glBindVertexBuffer(binding=0, buf=34, offset=0, stride=16) desktop 34 -> GLES 34 (tid=13770)
[DEBUG] [FluorateGL] glBindBuffer(0x8893): desktop 40 -> GLES 40 (tid=13770)
[DEBUG] [FluorateGL] glDrawElements(mode=0x0004, count=30, type=0x1403, indices=0x0) bound_vao=1 bound_buf=40 (tid=13770)
[DEBUG] [FluorateGL] glTexParameteri(target=0x0DE1, pname=0x813C, param=0)
[DEBUG] [FluorateGL] glTexParameteri(target=0x0DE1, pname=0x813D, param=0)
[DEBUG] [FluorateGL] glBindVertexBuffer(binding=0, buf=37, offset=0, stride=24) desktop 37 -> GLES 37 (tid=13770)
[DEBUG] [FluorateGL] glBindBuffer(0x8893): desktop 40 -> GLES 40 (tid=13770)
[DEBUG] [FluorateGL] glDrawElements(mode=0x0004, count=12, type=0x1403, indices=0x0) bound_vao=2 bound_buf=40 (tid=13770)
[DEBUG] [FluorateGL] glFramebufferTexture2D(target=0x8CA9, attachment=0x8CE0, textarget=0x0DE1, texture=8, level=0)
[DEBUG] [FluorateGL] glFramebufferTexture2D(target=0x8CA9, attachment=0x8D00, textarget=0x0DE1, texture=0, level=0)
[DEBUG] [FluorateGL] glBindBuffer(0x8A11): desktop 15 -> GLES 15 (tid=13770)
[DEBUG] [FluorateGL] glFramebufferTexture2D(target=0x8D40, attachment=0x8CE0, textarget=0x0DE1, texture=0, level=0)
[DEBUG] [FluorateGL] glFramebufferTexture2D(target=0x8D40, attachment=0x8D00, textarget=0x0DE1, texture=7, level=0)
[DEBUG] [FluorateGL] glFramebufferTexture2D(target=0x8D40, attachment=0x8D00, textarget=0x0DE1, texture=0, level=0)
[DEBUG] [FluorateGL] glFramebufferTexture2D(target=0x8D40, attachment=0x8CE0, textarget=0x0DE1, texture=8, level=0)
[DEBUG] [FluorateGL] glFramebufferTexture2D(target=0x8D40, attachment=0x8D00, textarget=0x0DE1, texture=0, level=0)
[DEBUG] [FluorateGL] glFramebufferTexture2D(target=0x8D40, attachment=0x8CE0, textarget=0x0DE1, texture=0, level=0)
[DEBUG] [FluorateGL] glBindBuffer(0x8892): desktop 35 -> GLES 35 (tid=13770)
[DEBUG] [FluorateGL] glBindBuffer(0x8892): desktop 38 -> GLES 38 (tid=13770)
[DEBUG] [FluorateGL] glBindBuffer(0x8A11): desktop 2 -> GLES 2 (tid=13770)
[DEBUG] [FluorateGL] glBindVertexBuffer(binding=0, buf=35, offset=0, stride=16) desktop 35 -> GLES 35 (tid=13770)
[DEBUG] [FluorateGL] glBindBuffer(0x8893): desktop 40 -> GLES 40 (tid=13770)
[DEBUG] [FluorateGL] glDrawElements(mode=0x0004, count=30, type=0x1403, indices=0x0) bound_vao=1 bound_buf=40 (tid=13770)
[DEBUG] [FluorateGL] glTexParameteri(target=0x0DE1, pname=0x813C, param=0)
[DEBUG] [FluorateGL] glTexParameteri(target=0x0DE1, pname=0x813D, param=0)
[DEBUG] [FluorateGL] glBindVertexBuffer(binding=0, buf=38, offset=0, stride=24) desktop 38 -> GLES 38 (tid=13770)
[DEBUG] [FluorateGL] glBindBuffer(0x8893): desktop 40 -> GLES 40 (tid=13770)
[DEBUG] [FluorateGL] glDrawElements(mode=0x0004, count=12, type=0x1403, indices=0x0) bound_vao=2 bound_buf=40 (tid=13770)
[DEBUG] [FluorateGL] glFramebufferTexture2D(target=0x8CA9, attachment=0x8CE0, textarget=0x0DE1, texture=8, level=0)
[DEBUG] [FluorateGL] glFramebufferTexture2D(target=0x8CA9, attachment=0x8D00, textarget=0x0DE1, texture=0, level=0)
[DEBUG] [FluorateGL] glBindBuffer(0x8A11): desktop 15 -> GLES 15 (tid=13770)
[DEBUG] [FluorateGL] glFramebufferTexture2D(target=0x8D40, attachment=0x8CE0, textarget=0x0DE1, texture=0, level=0)
[DEBUG] [FluorateGL] glFramebufferTexture2D(target=0x8D40, attachment=0x8D00, textarget=0x0DE1, texture=7, level=0)
[DEBUG] [FluorateGL] glFramebufferTexture2D(target=0x8D40, attachment=0x8D00, textarget=0x0DE1, texture=0, level=0)
[DEBUG] [FluorateGL] glFramebufferTexture2D(target=0x8D40, attachment=0x8CE0, textarget=0x0DE1, texture=8, level=0)
[DEBUG] [FluorateGL] glFramebufferTexture2D(target=0x8D40, attachment=0x8D00, textarget=0x0DE1, texture=0, level=0)
[DEBUG] [FluorateGL] glFramebufferTexture2D(target=0x8D40, attachment=0x8CE0, textarget=0x0DE1, texture=0, level=0)
[DEBUG] [FluorateGL] glBindBuffer(0x8892): desktop 36 -> GLES 36 (tid=13770)
[DEBUG] [FluorateGL] glBindBuffer(0x8892): desktop 39 -> GLES 39 (tid=13770)
[DEBUG] [FluorateGL] glBindBuffer(0x8A11): desktop 3 -> GLES 3 (tid=13770)
[DEBUG] [FluorateGL] glBindVertexBuffer(binding=0, buf=36, offset=0, stride=16) desktop 36 -> GLES 36 (tid=13770)
[DEBUG] [FluorateGL] glBindBuffer(0x8893): desktop 40 -> GLES 40 (tid=13770)
[DEBUG] [FluorateGL] glDrawElements(mode=0x0004, count=30, type=0x1403, indices=0x0) bound_vao=1 bound_buf=40 (tid=13770)
[DEBUG] [FluorateGL] glTexParameteri(target=0x0DE1, pname=0x813C, param=0)
[DEBUG] [FluorateGL] glTexParameteri(target=0x0DE1, pname=0x813D, param=0)
[DEBUG] [FluorateGL] glBindVertexBuffer(binding=0, buf=39, offset=0, stride=24) desktop 39 -> GLES 39 (tid=13770)
[DEBUG] [FluorateGL] glBindBuffer(0x8893): desktop 40 -> GLES 40 (tid=13770)
[DEBUG] [FluorateGL] glDrawElements(mode=0x0004, count=12, type=0x1403, indices=0x0) bound_vao=2 bound_buf=40 (tid=13770)
[DEBUG] [FluorateGL] glFramebufferTexture2D(target=0x8CA9, attachment=0x8CE0, textarget=0x0DE1, texture=8, level=0)
[DEBUG] [FluorateGL] glFramebufferTexture2D(target=0x8CA9, attachment=0x8D00, textarget=0x0DE1, texture=0, level=0)
[DEBUG] [FluorateGL] glBindBuffer(0x8A11): desktop 15 -> GLES 15 (tid=13770)
[DEBUG] [FluorateGL] glFramebufferTexture2D(target=0x8D40, attachment=0x8CE0, textarget=0x0DE1, texture=0, level=0)
[DEBUG] [FluorateGL] glFramebufferTexture2D(target=0x8D40, attachment=0x8D00, textarget=0x0DE1, texture=7, level=0)
[DEBUG] [FluorateGL] glFramebufferTexture2D(target=0x8D40, attachment=0x8D00, textarget=0x0DE1, texture=0, level=0)
[DEBUG] [FluorateGL] glFramebufferTexture2D(target=0x8D40, attachment=0x8CE0, textarget=0x0DE1, texture=8, level=0)
[DEBUG] [FluorateGL] glFramebufferTexture2D(target=0x8D40, attachment=0x8D00, textarget=0x0DE1, texture=0, level=0)
[DEBUG] [FluorateGL] glFramebufferTexture2D(target=0x8D40, attachment=0x8CE0, textarget=0x0DE1, texture=0, level=0)
[DEBUG] [FluorateGL] glBindBuffer(0x8892): desktop 34 -> GLES 34 (tid=13770)
[DEBUG] [FluorateGL] glBindBuffer(0x8892): desktop 37 -> GLES 37 (tid=13770)
[DEBUG] [FluorateGL] glBindBuffer(0x8A11): desktop 1 -> GLES 1 (tid=13770)
[DEBUG] [FluorateGL] glBindVertexBuffer(binding=0, buf=34, offset=0, stride=16) desktop 34 -> GLES 34 (tid=13770)
[DEBUG] [FluorateGL] glBindBuffer(0x8893): desktop 40 -> GLES 40 (tid=13770)
[DEBUG] [FluorateGL] glDrawElements(mode=0x0004, count=30, type=0x1403, indices=0x0) bound_vao=1 bound_buf=40 (tid=13770)
[DEBUG] [FluorateGL] glTexParameteri(target=0x0DE1, pname=0x813C, param=0)
[DEBUG] [FluorateGL] glTexParameteri(target=0x0DE1, pname=0x813D, param=0)
[DEBUG] [FluorateGL] glBindVertexBuffer(binding=0, buf=37, offset=0, stride=24) desktop 37 -> GLES 37 (tid=13770)
[DEBUG] [FluorateGL] glBindBuffer(0x8893): desktop 40 -> GLES 40 (tid=13770)
[DEBUG] [FluorateGL] glDrawElements(mode=0x0004, count=12, type=0x1403, indices=0x0) bound_vao=2 bound_buf=40 (tid=13770)
[DEBUG] [FluorateGL] glFramebufferTexture2D(target=0x8CA9, attachment=0x8CE0, textarget=0x0DE1, texture=8, level=0)
[DEBUG] [FluorateGL] glFramebufferTexture2D(target=0x8CA9, attachment=0x8D00, textarget=0x0DE1, texture=0, level=0)
[DEBUG] [FluorateGL] glBindBuffer(0x8A11): desktop 15 -> GLES 15 (tid=13770)
[DEBUG] [FluorateGL] glFramebufferTexture2D(target=0x8D40, attachment=0x8CE0, textarget=0x0DE1, texture=0, level=0)
[DEBUG] [FluorateGL] glFramebufferTexture2D(target=0x8D40, attachment=0x8D00, textarget=0x0DE1, texture=7, level=0)
[DEBUG] [FluorateGL] glFramebufferTexture2D(target=0x8D40, attachment=0x8D00, textarget=0x0DE1, texture=0, level=0)
[DEBUG] [FluorateGL] glFramebufferTexture2D(target=0x8D40, attachment=0x8CE0, textarget=0x0DE1, texture=8, level=0)
[DEBUG] [FluorateGL] glFramebufferTexture2D(target=0x8D40, attachment=0x8D00, textarget=0x0DE1, texture=0, level=0)
[DEBUG] [FluorateGL] glFramebufferTexture2D(target=0x8D40, attachment=0x8CE0, textarget=0x0DE1, texture=0, level=0)
[DEBUG] [FluorateGL] glBindBuffer(0x8892): desktop 35 -> GLES 35 (tid=13770)
[DEBUG] [FluorateGL] glBindBuffer(0x8892): desktop 38 -> GLES 38 (tid=13770)
[DEBUG] [FluorateGL] glBindBuffer(0x8A11): desktop 2 -> GLES 2 (tid=13770)
[DEBUG] [FluorateGL] glBindVertexBuffer(binding=0, buf=35, offset=0, stride=16) desktop 35 -> GLES 35 (tid=13770)
[DEBUG] [FluorateGL] glBindBuffer(0x8893): desktop 40 -> GLES 40 (tid=13770)
[DEBUG] [FluorateGL] glDrawElements(mode=0x0004, count=30, type=0x1403, indices=0x0) bound_vao=1 bound_buf=40 (tid=13770)
[DEBUG] [FluorateGL] glTexParameteri(target=0x0DE1, pname=0x813C, param=0)
[DEBUG] [FluorateGL] glTexParameteri(target=0x0DE1, pname=0x813D, param=0)
[DEBUG] [FluorateGL] glBindVertexBuffer(binding=0, buf=38, offset=0, stride=24) desktop 38 -> GLES 38 (tid=13770)
[DEBUG] [FluorateGL] glBindBuffer(0x8893): desktop 40 -> GLES 40 (tid=13770)
[DEBUG] [FluorateGL] glDrawElements(mode=0x0004, count=12, type=0x1403, indices=0x0) bound_vao=2 bound_buf=40 (tid=13770)
[DEBUG] [FluorateGL] glFramebufferTexture2D(target=0x8CA9, attachment=0x8CE0, textarget=0x0DE1, texture=8, level=0)
[DEBUG] [FluorateGL] glFramebufferTexture2D(target=0x8CA9, attachment=0x8D00, textarget=0x0DE1, texture=0, level=0)
[DEBUG] [FluorateGL] glBindBuffer(0x8A11): desktop 15 -> GLES 15 (tid=13770)
[DEBUG] [FluorateGL] glFramebufferTexture2D(target=0x8D40, attachment=0x8CE0, textarget=0x0DE1, texture=0, level=0)
[DEBUG] [FluorateGL] glFramebufferTexture2D(target=0x8D40, attachment=0x8D00, textarget=0x0DE1, texture=7, level=0)
[DEBUG] [FluorateGL] glFramebufferTexture2D(target=0x8D40, attachment=0x8D00, textarget=0x0DE1, texture=0, level=0)
[DEBUG] [FluorateGL] glFramebufferTexture2D(target=0x8D40, attachment=0x8CE0, textarget=0x0DE1, texture=8, level=0)
[DEBUG] [FluorateGL] glFramebufferTexture2D(target=0x8D40, attachment=0x8D00, textarget=0x0DE1, texture=0, level=0)
[DEBUG] [FluorateGL] glFramebufferTexture2D(target=0x8D40, attachment=0x8CE0, textarget=0x0DE1, texture=0, level=0)
[DEBUG] [FluorateGL] glBindBuffer(0x8892): desktop 36 -> GLES 36 (tid=13770)
[DEBUG] [FluorateGL] glBindBuffer(0x8892): desktop 39 -> GLES 39 (tid=13770)
[DEBUG] [FluorateGL] glBindBuffer(0x8A11): desktop 3 -> GLES 3 (tid=13770)
[DEBUG] [FluorateGL] glBindVertexBuffer(binding=0, buf=36, offset=0, stride=16) desktop 36 -> GLES 36 (tid=13770)
[DEBUG] [FluorateGL] glBindBuffer(0x8893): desktop 40 -> GLES 40 (tid=13770)
[DEBUG] [FluorateGL] glDrawElements(mode=0x0004, count=30, type=0x1403, indices=0x0) bound_vao=1 bound_buf=40 (tid=13770)
[DEBUG] [FluorateGL] glTexParameteri(target=0x0DE1, pname=0x813C, param=0)
[DEBUG] [FluorateGL] glTexParameteri(target=0x0DE1, pname=0x813D, param=0)
[DEBUG] [FluorateGL] glBindVertexBuffer(binding=0, buf=39, offset=0, stride=24) desktop 39 -> GLES 39 (tid=13770)
[DEBUG] [FluorateGL] glBindBuffer(0x8893): desktop 40 -> GLES 40 (tid=13770)
[DEBUG] [FluorateGL] glDrawElements(mode=0x0004, count=12, type=0x1403, indices=0x0) bound_vao=2 bound_buf=40 (tid=13770)
[DEBUG] [FluorateGL] glFramebufferTexture2D(target=0x8CA9, attachment=0x8CE0, textarget=0x0DE1, texture=8, level=0)
[DEBUG] [FluorateGL] glFramebufferTexture2D(target=0x8CA9, attachment=0x8D00, textarget=0x0DE1, texture=0, level=0)
[DEBUG] [FluorateGL] glBindBuffer(0x8A11): desktop 15 -> GLES 15 (tid=13770)
[DEBUG] [FluorateGL] glFramebufferTexture2D(target=0x8D40, attachment=0x8CE0, textarget=0x0DE1, texture=0, level=0)
[DEBUG] [FluorateGL] glFramebufferTexture2D(target=0x8D40, attachment=0x8D00, textarget=0x0DE1, texture=7, level=0)
[DEBUG] [FluorateGL] glFramebufferTexture2D(target=0x8D40, attachment=0x8D00, textarget=0x0DE1, texture=0, level=0)
[DEBUG] [FluorateGL] glFramebufferTexture2D(target=0x8D40, attachment=0x8CE0, textarget=0x0DE1, texture=8, level=0)
[DEBUG] [FluorateGL] glFramebufferTexture2D(target=0x8D40, attachment=0x8D00, textarget=0x0DE1, texture=0, level=0)
[DEBUG] [FluorateGL] glFramebufferTexture2D(target=0x8D40, attachment=0x8CE0, textarget=0x0DE1, texture=0, level=0)
[DEBUG] [FluorateGL] glBindBuffer(0x8892): desktop 34 -> GLES 34 (tid=13770)
[DEBUG] [FluorateGL] glBindBuffer(0x8892): desktop 37 -> GLES 37 (tid=13770)
[DEBUG] [FluorateGL] glBindBuffer(0x8A11): desktop 1 -> GLES 1 (tid=13770)
[DEBUG] [FluorateGL] glBindVertexBuffer(binding=0, buf=34, offset=0, stride=16) desktop 34 -> GLES 34 (tid=13770)
[DEBUG] [FluorateGL] glBindBuffer(0x8893): desktop 40 -> GLES 40 (tid=13770)
[DEBUG] [FluorateGL] glDrawElements(mode=0x0004, count=30, type=0x1403, indices=0x0) bound_vao=1 bound_buf=40 (tid=13770)
[DEBUG] [FluorateGL] glTexParameteri(target=0x0DE1, pname=0x813C, param=0)
[DEBUG] [FluorateGL] glTexParameteri(target=0x0DE1, pname=0x813D, param=0)
[DEBUG] [FluorateGL] glBindVertexBuffer(binding=0, buf=37, offset=0, stride=24) desktop 37 -> GLES 37 (tid=13770)
[DEBUG] [FluorateGL] glBindBuffer(0x8893): desktop 40 -> GLES 40 (tid=13770)
[DEBUG] [FluorateGL] glDrawElements(mode=0x0004, count=12, type=0x1403, indices=0x0) bound_vao=2 bound_buf=40 (tid=13770)
[DEBUG] [FluorateGL] glFramebufferTexture2D(target=0x8CA9, attachment=0x8CE0, textarget=0x0DE1, texture=8, level=0)
[DEBUG] [FluorateGL] glFramebufferTexture2D(target=0x8CA9, attachment=0x8D00, textarget=0x0DE1, texture=0, level=0)
[DEBUG] [FluorateGL] glBindBuffer(0x8A11): desktop 15 -> GLES 15 (tid=13770)
[DEBUG] [FluorateGL] glFramebufferTexture2D(target=0x8D40, attachment=0x8CE0, textarget=0x0DE1, texture=0, level=0)
[DEBUG] [FluorateGL] glFramebufferTexture2D(target=0x8D40, attachment=0x8D00, textarget=0x0DE1, texture=7, level=0)
[DEBUG] [FluorateGL] glFramebufferTexture2D(target=0x8D40, attachment=0x8D00, textarget=0x0DE1, texture=0, level=0)
[DEBUG] [FluorateGL] glFramebufferTexture2D(target=0x8D40, attachment=0x8CE0, textarget=0x0DE1, texture=8, level=0)
[DEBUG] [FluorateGL] glFramebufferTexture2D(target=0x8D40, attachment=0x8D00, textarget=0x0DE1, texture=0, level=0)
[DEBUG] [FluorateGL] glFramebufferTexture2D(target=0x8D40, attachment=0x8CE0, textarget=0x0DE1, texture=0, level=0)
[DEBUG] [FluorateGL] glBindBuffer(0x8892): desktop 35 -> GLES 35 (tid=13770)
[DEBUG] [FluorateGL] glBindBuffer(0x8892): desktop 38 -> GLES 38 (tid=13770)
[DEBUG] [FluorateGL] glBindBuffer(0x8A11): desktop 2 -> GLES 2 (tid=13770)
[DEBUG] [FluorateGL] glBindVertexBuffer(binding=0, buf=35, offset=0, stride=16) desktop 35 -> GLES 35 (tid=13770)
[DEBUG] [FluorateGL] glBindBuffer(0x8893): desktop 40 -> GLES 40 (tid=13770)
[DEBUG] [FluorateGL] glDrawElements(mode=0x0004, count=30, type=0x1403, indices=0x0) bound_vao=1 bound_buf=40 (tid=13770)
[DEBUG] [FluorateGL] glTexParameteri(target=0x0DE1, pname=0x813C, param=0)
[DEBUG] [FluorateGL] glTexParameteri(target=0x0DE1, pname=0x813D, param=0)
[DEBUG] [FluorateGL] glBindVertexBuffer(binding=0, buf=38, offset=0, stride=24) desktop 38 -> GLES 38 (tid=13770)
[DEBUG] [FluorateGL] glBindBuffer(0x8893): desktop 40 -> GLES 40 (tid=13770)
[DEBUG] [FluorateGL] glDrawElements(mode=0x0004, count=12, type=0x1403, indices=0x0) bound_vao=2 bound_buf=40 (tid=13770)
[DEBUG] [FluorateGL] glFramebufferTexture2D(target=0x8CA9, attachment=0x8CE0, textarget=0x0DE1, texture=8, level=0)
[DEBUG] [FluorateGL] glFramebufferTexture2D(target=0x8CA9, attachment=0x8D00, textarget=0x0DE1, texture=0, level=0)
[DEBUG] [FluorateGL] glBindBuffer(0x8A11): desktop 15 -> GLES 15 (tid=13770)
[DEBUG] [FluorateGL] glFramebufferTexture2D(target=0x8D40, attachment=0x8CE0, textarget=0x0DE1, texture=0, level=0)
[DEBUG] [FluorateGL] glFramebufferTexture2D(target=0x8D40, attachment=0x8D00, textarget=0x0DE1, texture=7, level=0)
[DEBUG] [FluorateGL] glFramebufferTexture2D(target=0x8D40, attachment=0x8D00, textarget=0x0DE1, texture=0, level=0)
[DEBUG] [FluorateGL] glFramebufferTexture2D(target=0x8D40, attachment=0x8CE0, textarget=0x0DE1, texture=8, level=0)
[DEBUG] [FluorateGL] glFramebufferTexture2D(target=0x8D40, attachment=0x8D00, textarget=0x0DE1, texture=0, level=0)
[DEBUG] [FluorateGL] glFramebufferTexture2D(target=0x8D40, attachment=0x8CE0, textarget=0x0DE1, texture=0, level=0)
[DEBUG] [FluorateGL] glBindBuffer(0x8892): desktop 36 -> GLES 36 (tid=13770)
[DEBUG] [FluorateGL] glBindBuffer(0x8892): desktop 39 -> GLES 39 (tid=13770)
[DEBUG] [FluorateGL] glBindBuffer(0x8A11): desktop 3 -> GLES 3 (tid=13770)
[DEBUG] [FluorateGL] glBindVertexBuffer(binding=0, buf=36, offset=0, stride=16) desktop 36 -> GLES 36 (tid=13770)
[DEBUG] [FluorateGL] glBindBuffer(0x8893): desktop 40 -> GLES 40 (tid=13770)
[DEBUG] [FluorateGL] glDrawElements(mode=0x0004, count=30, type=0x1403, indices=0x0) bound_vao=1 bound_buf=40 (tid=13770)
[DEBUG] [FluorateGL] glTexParameteri(target=0x0DE1, pname=0x813C, param=0)
[DEBUG] [FluorateGL] glTexParameteri(target=0x0DE1, pname=0x813D, param=0)
[DEBUG] [FluorateGL] glBindVertexBuffer(binding=0, buf=39, offset=0, stride=24) desktop 39 -> GLES 39 (tid=13770)
[DEBUG] [FluorateGL] glBindBuffer(0x8893): desktop 40 -> GLES 40 (tid=13770)
[DEBUG] [FluorateGL] glDrawElements(mode=0x0004, count=12, type=0x1403, indices=0x0) bound_vao=2 bound_buf=40 (tid=13770)
[DEBUG] [FluorateGL] glFramebufferTexture2D(target=0x8CA9, attachment=0x8CE0, textarget=0x0DE1, texture=8, level=0)
[DEBUG] [FluorateGL] glFramebufferTexture2D(target=0x8CA9, attachment=0x8D00, textarget=0x0DE1, texture=0, level=0)
[DEBUG] [FluorateGL] glBindBuffer(0x8A11): desktop 15 -> GLES 15 (tid=13770)
[DEBUG] [FluorateGL] glFramebufferTexture2D(target=0x8D40, attachment=0x8CE0, textarget=0x0DE1, texture=0, level=0)
[DEBUG] [FluorateGL] glFramebufferTexture2D(target=0x8D40, attachment=0x8D00, textarget=0x0DE1, texture=7, level=0)
[DEBUG] [FluorateGL] glFramebufferTexture2D(target=0x8D40, attachment=0x8D00, textarget=0x0DE1, texture=0, level=0)
[DEBUG] [FluorateGL] glFramebufferTexture2D(target=0x8D40, attachment=0x8CE0, textarget=0x0DE1, texture=8, level=0)
[DEBUG] [FluorateGL] glFramebufferTexture2D(target=0x8D40, attachment=0x8D00, textarget=0x0DE1, texture=0, level=0)
[DEBUG] [FluorateGL] glFramebufferTexture2D(target=0x8D40, attachment=0x8CE0, textarget=0x0DE1, texture=0, level=0)
[DEBUG] [FluorateGL] glBindBuffer(0x8892): desktop 34 -> GLES 34 (tid=13770)
[DEBUG] [FluorateGL] glBindBuffer(0x8892): desktop 37 -> GLES 37 (tid=13770)
[DEBUG] [FluorateGL] glBindBuffer(0x8A11): desktop 1 -> GLES 1 (tid=13770)
[DEBUG] [FluorateGL] glBindVertexBuffer(binding=0, buf=34, offset=0, stride=16) desktop 34 -> GLES 34 (tid=13770)
[DEBUG] [FluorateGL] glBindBuffer(0x8893): desktop 40 -> GLES 40 (tid=13770)
[DEBUG] [FluorateGL] glDrawElements(mode=0x0004, count=30, type=0x1403, indices=0x0) bound_vao=1 bound_buf=40 (tid=13770)
[DEBUG] [FluorateGL] glTexParameteri(target=0x0DE1, pname=0x813C, param=0)
[DEBUG] [FluorateGL] glTexParameteri(target=0x0DE1, pname=0x813D, param=0)
[DEBUG] [FluorateGL] glBindVertexBuffer(binding=0, buf=37, offset=0, stride=24) desktop 37 -> GLES 37 (tid=13770)
[DEBUG] [FluorateGL] glBindBuffer(0x8893): desktop 40 -> GLES 40 (tid=13770)
[DEBUG] [FluorateGL] glDrawElements(mode=0x0004, count=12, type=0x1403, indices=0x0) bound_vao=2 bound_buf=40 (tid=13770)
[DEBUG] [FluorateGL] glFramebufferTexture2D(target=0x8CA9, attachment=0x8CE0, textarget=0x0DE1, texture=8, level=0)
[DEBUG] [FluorateGL] glFramebufferTexture2D(target=0x8CA9, attachment=0x8D00, textarget=0x0DE1, texture=0, level=0)
[DEBUG] [FluorateGL] glBindBuffer(0x8A11): desktop 15 -> GLES 15 (tid=13770)
[DEBUG] [FluorateGL] glFramebufferTexture2D(target=0x8D40, attachment=0x8CE0, textarget=0x0DE1, texture=0, level=0)
[DEBUG] [FluorateGL] glFramebufferTexture2D(target=0x8D40, attachment=0x8D00, textarget=0x0DE1, texture=7, level=0)
[DEBUG] [FluorateGL] glFramebufferTexture2D(target=0x8D40, attachment=0x8D00, textarget=0x0DE1, texture=0, level=0)
[DEBUG] [FluorateGL] glFramebufferTexture2D(target=0x8D40, attachment=0x8CE0, textarget=0x0DE1, texture=8, level=0)
[DEBUG] [FluorateGL] glFramebufferTexture2D(target=0x8D40, attachment=0x8D00, textarget=0x0DE1, texture=0, level=0)
[DEBUG] [FluorateGL] glFramebufferTexture2D(target=0x8D40, attachment=0x8CE0, textarget=0x0DE1, texture=0, level=0)
[DEBUG] [FluorateGL] glBindBuffer(0x8892): desktop 35 -> GLES 35 (tid=13770)
[DEBUG] [FluorateGL] glBindBuffer(0x8892): desktop 38 -> GLES 38 (tid=13770)
[DEBUG] [FluorateGL] glBindBuffer(0x8A11): desktop 2 -> GLES 2 (tid=13770)
[DEBUG] [FluorateGL] glBindVertexBuffer(binding=0, buf=35, offset=0, stride=16) desktop 35 -> GLES 35 (tid=13770)
[DEBUG] [FluorateGL] glBindBuffer(0x8893): desktop 40 -> GLES 40 (tid=13770)
[DEBUG] [FluorateGL] glDrawElements(mode=0x0004, count=30, type=0x1403, indices=0x0) bound_vao=1 bound_buf=40 (tid=13770)
[DEBUG] [FluorateGL] glTexParameteri(target=0x0DE1, pname=0x813C, param=0)
[DEBUG] [FluorateGL] glTexParameteri(target=0x0DE1, pname=0x813D, param=0)
[DEBUG] [FluorateGL] glBindVertexBuffer(binding=0, buf=38, offset=0, stride=24) desktop 38 -> GLES 38 (tid=13770)
[DEBUG] [FluorateGL] glBindBuffer(0x8893): desktop 40 -> GLES 40 (tid=13770)
[DEBUG] [FluorateGL] glDrawElements(mode=0x0004, count=12, type=0x1403, indices=0x0) bound_vao=2 bound_buf=40 (tid=13770)
[DEBUG] [FluorateGL] glFramebufferTexture2D(target=0x8CA9, attachment=0x8CE0, textarget=0x0DE1, texture=8, level=0)
[DEBUG] [FluorateGL] glFramebufferTexture2D(target=0x8CA9, attachment=0x8D00, textarget=0x0DE1, texture=0, level=0)
[DEBUG] [FluorateGL] glBindBuffer(0x8A11): desktop 15 -> GLES 15 (tid=13770)
[DEBUG] [FluorateGL] glFramebufferTexture2D(target=0x8D40, attachment=0x8CE0, textarget=0x0DE1, texture=0, level=0)
[DEBUG] [FluorateGL] glFramebufferTexture2D(target=0x8D40, attachment=0x8D00, textarget=0x0DE1, texture=7, level=0)
[DEBUG] [FluorateGL] glFramebufferTexture2D(target=0x8D40, attachment=0x8D00, textarget=0x0DE1, texture=0, level=0)
[DEBUG] [FluorateGL] glFramebufferTexture2D(target=0x8D40, attachment=0x8CE0, textarget=0x0DE1, texture=8, level=0)
[DEBUG] [FluorateGL] glFramebufferTexture2D(target=0x8D40, attachment=0x8D00, textarget=0x0DE1, texture=0, level=0)
[DEBUG] [FluorateGL] glFramebufferTexture2D(target=0x8D40, attachment=0x8CE0, textarget=0x0DE1, texture=0, level=0)
[DEBUG] [FluorateGL] glBindBuffer(0x8892): desktop 36 -> GLES 36 (tid=13770)
[DEBUG] [FluorateGL] glBindBuffer(0x8892): desktop 39 -> GLES 39 (tid=13770)
[DEBUG] [FluorateGL] glBindBuffer(0x8A11): desktop 3 -> GLES 3 (tid=13770)
[DEBUG] [FluorateGL] glBindVertexBuffer(binding=0, buf=36, offset=0, stride=16) desktop 36 -> GLES 36 (tid=13770)
[DEBUG] [FluorateGL] glBindBuffer(0x8893): desktop 40 -> GLES 40 (tid=13770)
[DEBUG] [FluorateGL] glDrawElements(mode=0x0004, count=30, type=0x1403, indices=0x0) bound_vao=1 bound_buf=40 (tid=13770)
[DEBUG] [FluorateGL] glTexParameteri(target=0x0DE1, pname=0x813C, param=0)
[DEBUG] [FluorateGL] glTexParameteri(target=0x0DE1, pname=0x813D, param=0)
[DEBUG] [FluorateGL] glBindVertexBuffer(binding=0, buf=39, offset=0, stride=24) desktop 39 -> GLES 39 (tid=13770)
[DEBUG] [FluorateGL] glBindBuffer(0x8893): desktop 40 -> GLES 40 (tid=13770)
[DEBUG] [FluorateGL] glDrawElements(mode=0x0004, count=12, type=0x1403, indices=0x0) bound_vao=2 bound_buf=40 (tid=13770)
[DEBUG] [FluorateGL] glFramebufferTexture2D(target=0x8CA9, attachment=0x8CE0, textarget=0x0DE1, texture=8, level=0)
[DEBUG] [FluorateGL] glFramebufferTexture2D(target=0x8CA9, attachment=0x8D00, textarget=0x0DE1, texture=0, level=0)
[DEBUG] [FluorateGL] glBindBuffer(0x8A11): desktop 15 -> GLES 15 (tid=13770)
[DEBUG] [FluorateGL] glFramebufferTexture2D(target=0x8D40, attachment=0x8CE0, textarget=0x0DE1, texture=0, level=0)
[DEBUG] [FluorateGL] glFramebufferTexture2D(target=0x8D40, attachment=0x8D00, textarget=0x0DE1, texture=7, level=0)
[DEBUG] [FluorateGL] glFramebufferTexture2D(target=0x8D40, attachment=0x8D00, textarget=0x0DE1, texture=0, level=0)
[DEBUG] [FluorateGL] glFramebufferTexture2D(target=0x8D40, attachment=0x8CE0, textarget=0x0DE1, texture=8, level=0)
[DEBUG] [FluorateGL] glFramebufferTexture2D(target=0x8D40, attachment=0x8D00, textarget=0x0DE1, texture=0, level=0)
[DEBUG] [FluorateGL] glFramebufferTexture2D(target=0x8D40, attachment=0x8CE0, textarget=0x0DE1, texture=0, level=0)
[DEBUG] [FluorateGL] glBindBuffer(0x8892): desktop 34 -> GLES 34 (tid=13770)
[DEBUG] [FluorateGL] glBindBuffer(0x8892): desktop 37 -> GLES 37 (tid=13770)
[DEBUG] [FluorateGL] glBindBuffer(0x8A11): desktop 1 -> GLES 1 (tid=13770)
[DEBUG] [FluorateGL] glBindVertexBuffer(binding=0, buf=34, offset=0, stride=16) desktop 34 -> GLES 34 (tid=13770)
[DEBUG] [FluorateGL] glBindBuffer(0x8893): desktop 40 -> GLES 40 (tid=13770)
[DEBUG] [FluorateGL] glDrawElements(mode=0x0004, count=30, type=0x1403, indices=0x0) bound_vao=1 bound_buf=40 (tid=13770)
[DEBUG] [FluorateGL] glTexParameteri(target=0x0DE1, pname=0x813C, param=0)
[DEBUG] [FluorateGL] glTexParameteri(target=0x0DE1, pname=0x813D, param=0)
[DEBUG] [FluorateGL] glBindVertexBuffer(binding=0, buf=37, offset=0, stride=24) desktop 37 -> GLES 37 (tid=13770)
[DEBUG] [FluorateGL] glBindBuffer(0x8893): desktop 40 -> GLES 40 (tid=13770)
[DEBUG] [FluorateGL] glDrawElements(mode=0x0004, count=12, type=0x1403, indices=0x0) bound_vao=2 bound_buf=40 (tid=13770)
[DEBUG] [FluorateGL] glFramebufferTexture2D(target=0x8CA9, attachment=0x8CE0, textarget=0x0DE1, texture=8, level=0)
[DEBUG] [FluorateGL] glFramebufferTexture2D(target=0x8CA9, attachment=0x8D00, textarget=0x0DE1, texture=0, level=0)
[DEBUG] [FluorateGL] glBindBuffer(0x8A11): desktop 15 -> GLES 15 (tid=13770)
[DEBUG] [FluorateGL] glFramebufferTexture2D(target=0x8D40, attachment=0x8CE0, textarget=0x0DE1, texture=0, level=0)
[DEBUG] [FluorateGL] glFramebufferTexture2D(target=0x8D40, attachment=0x8D00, textarget=0x0DE1, texture=7, level=0)
[DEBUG] [FluorateGL] glFramebufferTexture2D(target=0x8D40, attachment=0x8D00, textarget=0x0DE1, texture=0, level=0)
[DEBUG] [FluorateGL] glFramebufferTexture2D(target=0x8D40, attachment=0x8CE0, textarget=0x0DE1, texture=8, level=0)
[DEBUG] [FluorateGL] glFramebufferTexture2D(target=0x8D40, attachment=0x8D00, textarget=0x0DE1, texture=0, level=0)
[DEBUG] [FluorateGL] glFramebufferTexture2D(target=0x8D40, attachment=0x8CE0, textarget=0x0DE1, texture=0, level=0)
[DEBUG] [FluorateGL] glBindBuffer(0x8892): desktop 35 -> GLES 35 (tid=13770)
[DEBUG] [FluorateGL] glBindBuffer(0x8892): desktop 38 -> GLES 38 (tid=13770)
[DEBUG] [FluorateGL] glBindBuffer(0x8A11): desktop 2 -> GLES 2 (tid=13770)
[DEBUG] [FluorateGL] glBindVertexBuffer(binding=0, buf=35, offset=0, stride=16) desktop 35 -> GLES 35 (tid=13770)
[DEBUG] [FluorateGL] glBindBuffer(0x8893): desktop 40 -> GLES 40 (tid=13770)
[DEBUG] [FluorateGL] glDrawElements(mode=0x0004, count=30, type=0x1403, indices=0x0) bound_vao=1 bound_buf=40 (tid=13770)
[DEBUG] [FluorateGL] glTexParameteri(target=0x0DE1, pname=0x813C, param=0)
[DEBUG] [FluorateGL] glTexParameteri(target=0x0DE1, pname=0x813D, param=0)
[DEBUG] [FluorateGL] glBindVertexBuffer(binding=0, buf=38, offset=0, stride=24) desktop 38 -> GLES 38 (tid=13770)
[DEBUG] [FluorateGL] glBindBuffer(0x8893): desktop 40 -> GLES 40 (tid=13770)
[DEBUG] [FluorateGL] glDrawElements(mode=0x0004, count=12, type=0x1403, indices=0x0) bound_vao=2 bound_buf=40 (tid=13770)
[DEBUG] [FluorateGL] glFramebufferTexture2D(target=0x8CA9, attachment=0x8CE0, textarget=0x0DE1, texture=8, level=0)
[DEBUG] [FluorateGL] glFramebufferTexture2D(target=0x8CA9, attachment=0x8D00, textarget=0x0DE1, texture=0, level=0)
[DEBUG] [FluorateGL] glBindBuffer(0x8A11): desktop 15 -> GLES 15 (tid=13770)
[DEBUG] [FluorateGL] glFramebufferTexture2D(target=0x8D40, attachment=0x8CE0, textarget=0x0DE1, texture=0, level=0)
[DEBUG] [FluorateGL] glFramebufferTexture2D(target=0x8D40, attachment=0x8D00, textarget=0x0DE1, texture=7, level=0)
[DEBUG] [FluorateGL] glFramebufferTexture2D(target=0x8D40, attachment=0x8D00, textarget=0x0DE1, texture=0, level=0)
[DEBUG] [FluorateGL] glFramebufferTexture2D(target=0x8D40, attachment=0x8CE0, textarget=0x0DE1, texture=8, level=0)
[DEBUG] [FluorateGL] glFramebufferTexture2D(target=0x8D40, attachment=0x8D00, textarget=0x0DE1, texture=0, level=0)
[DEBUG] [FluorateGL] glFramebufferTexture2D(target=0x8D40, attachment=0x8CE0, textarget=0x0DE1, texture=0, level=0)
[DEBUG] [FluorateGL] glBindBuffer(0x8892): desktop 36 -> GLES 36 (tid=13770)
[DEBUG] [FluorateGL] glBindBuffer(0x8892): desktop 39 -> GLES 39 (tid=13770)
[DEBUG] [FluorateGL] glBindBuffer(0x8A11): desktop 3 -> GLES 3 (tid=13770)
[DEBUG] [FluorateGL] glBindVertexBuffer(binding=0, buf=36, offset=0, stride=16) desktop 36 -> GLES 36 (tid=13770)
[DEBUG] [FluorateGL] glBindBuffer(0x8893): desktop 40 -> GLES 40 (tid=13770)
[DEBUG] [FluorateGL] glDrawElements(mode=0x0004, count=30, type=0x1403, indices=0x0) bound_vao=1 bound_buf=40 (tid=13770)
[DEBUG] [FluorateGL] glTexParameteri(target=0x0DE1, pname=0x813C, param=0)
[DEBUG] [FluorateGL] glTexParameteri(target=0x0DE1, pname=0x813D, param=0)
[DEBUG] [FluorateGL] glBindVertexBuffer(binding=0, buf=39, offset=0, stride=24) desktop 39 -> GLES 39 (tid=13770)
[DEBUG] [FluorateGL] glBindBuffer(0x8893): desktop 40 -> GLES 40 (tid=13770)
[DEBUG] [FluorateGL] glDrawElements(mode=0x0004, count=12, type=0x1403, indices=0x0) bound_vao=2 bound_buf=40 (tid=13770)
[DEBUG] [FluorateGL] glFramebufferTexture2D(target=0x8CA9, attachment=0x8CE0, textarget=0x0DE1, texture=8, level=0)
[DEBUG] [FluorateGL] glFramebufferTexture2D(target=0x8CA9, attachment=0x8D00, textarget=0x0DE1, texture=0, level=0)
[DEBUG] [FluorateGL] glBindBuffer(0x8A11): desktop 15 -> GLES 15 (tid=13770)
[DEBUG] [FluorateGL] glFramebufferTexture2D(target=0x8D40, attachment=0x8CE0, textarget=0x0DE1, texture=0, level=0)
[DEBUG] [FluorateGL] glFramebufferTexture2D(target=0x8D40, attachment=0x8D00, textarget=0x0DE1, texture=7, level=0)
[DEBUG] [FluorateGL] glFramebufferTexture2D(target=0x8D40, attachment=0x8D00, textarget=0x0DE1, texture=0, level=0)
[DEBUG] [FluorateGL] glFramebufferTexture2D(target=0x8D40, attachment=0x8CE0, textarget=0x0DE1, texture=8, level=0)
[DEBUG] [FluorateGL] glFramebufferTexture2D(target=0x8D40, attachment=0x8D00, textarget=0x0DE1, texture=0, level=0)
[DEBUG] [FluorateGL] glFramebufferTexture2D(target=0x8D40, attachment=0x8CE0, textarget=0x0DE1, texture=0, level=0)
[DEBUG] [FluorateGL] glBindBuffer(0x8892): desktop 34 -> GLES 34 (tid=13770)
[DEBUG] [FluorateGL] glBindBuffer(0x8892): desktop 37 -> GLES 37 (tid=13770)
[DEBUG] [FluorateGL] glBindBuffer(0x8A11): desktop 1 -> GLES 1 (tid=13770)
[DEBUG] [FluorateGL] glBindVertexBuffer(binding=0, buf=34, offset=0, stride=16) desktop 34 -> GLES 34 (tid=13770)
[DEBUG] [FluorateGL] glBindBuffer(0x8893): desktop 40 -> GLES 40 (tid=13770)
[DEBUG] [FluorateGL] glDrawElements(mode=0x0004, count=30, type=0x1403, indices=0x0) bound_vao=1 bound_buf=40 (tid=13770)
[DEBUG] [FluorateGL] glTexParameteri(target=0x0DE1, pname=0x813C, param=0)
[DEBUG] [FluorateGL] glTexParameteri(target=0x0DE1, pname=0x813D, param=0)
[DEBUG] [FluorateGL] glBindVertexBuffer(binding=0, buf=37, offset=0, stride=24) desktop 37 -> GLES 37 (tid=13770)
[DEBUG] [FluorateGL] glBindBuffer(0x8893): desktop 40 -> GLES 40 (tid=13770)
[DEBUG] [FluorateGL] glDrawElements(mode=0x0004, count=12, type=0x1403, indices=0x0) bound_vao=2 bound_buf=40 (tid=13770)
[DEBUG] [FluorateGL] glFramebufferTexture2D(target=0x8CA9, attachment=0x8CE0, textarget=0x0DE1, texture=8, level=0)
[DEBUG] [FluorateGL] glFramebufferTexture2D(target=0x8CA9, attachment=0x8D00, textarget=0x0DE1, texture=0, level=0)
[DEBUG] [FluorateGL] glBindBuffer(0x8A11): desktop 15 -> GLES 15 (tid=13770)
[DEBUG] [FluorateGL] glFramebufferTexture2D(target=0x8D40, attachment=0x8CE0, textarget=0x0DE1, texture=0, level=0)
[DEBUG] [FluorateGL] glFramebufferTexture2D(target=0x8D40, attachment=0x8D00, textarget=0x0DE1, texture=7, level=0)
[DEBUG] [FluorateGL] glFramebufferTexture2D(target=0x8D40, attachment=0x8D00, textarget=0x0DE1, texture=0, level=0)
[DEBUG] [FluorateGL] glFramebufferTexture2D(target=0x8D40, attachment=0x8CE0, textarget=0x0DE1, texture=8, level=0)
[DEBUG] [FluorateGL] glFramebufferTexture2D(target=0x8D40, attachment=0x8D00, textarget=0x0DE1, texture=0, level=0)
[DEBUG] [FluorateGL] glFramebufferTexture2D(target=0x8D40, attachment=0x8CE0, textarget=0x0DE1, texture=0, level=0)
[DEBUG] [FluorateGL] glBindBuffer(0x8892): desktop 35 -> GLES 35 (tid=13770)
[DEBUG] [FluorateGL] glBindBuffer(0x8892): desktop 38 -> GLES 38 (tid=13770)
[DEBUG] [FluorateGL] glBindBuffer(0x8A11): desktop 2 -> GLES 2 (tid=13770)
[DEBUG] [FluorateGL] glBindVertexBuffer(binding=0, buf=35, offset=0, stride=16) desktop 35 -> GLES 35 (tid=13770)
[DEBUG] [FluorateGL] glBindBuffer(0x8893): desktop 40 -> GLES 40 (tid=13770)
[DEBUG] [FluorateGL] glDrawElements(mode=0x0004, count=30, type=0x1403, indices=0x0) bound_vao=1 bound_buf=40 (tid=13770)
[DEBUG] [FluorateGL] glTexParameteri(target=0x0DE1, pname=0x813C, param=0)
[DEBUG] [FluorateGL] glTexParameteri(target=0x0DE1, pname=0x813D, param=0)
[DEBUG] [FluorateGL] glBindVertexBuffer(binding=0, buf=38, offset=0, stride=24) desktop 38 -> GLES 38 (tid=13770)
[DEBUG] [FluorateGL] glBindBuffer(0x8893): desktop 40 -> GLES 40 (tid=13770)
[DEBUG] [FluorateGL] glDrawElements(mode=0x0004, count=12, type=0x1403, indices=0x0) bound_vao=2 bound_buf=40 (tid=13770)
[DEBUG] [FluorateGL] glFramebufferTexture2D(target=0x8CA9, attachment=0x8CE0, textarget=0x0DE1, texture=8, level=0)
[DEBUG] [FluorateGL] glFramebufferTexture2D(target=0x8CA9, attachment=0x8D00, textarget=0x0DE1, texture=0, level=0)
[DEBUG] [FluorateGL] glBindBuffer(0x8A11): desktop 15 -> GLES 15 (tid=13770)
[DEBUG] [FluorateGL] glFramebufferTexture2D(target=0x8D40, attachment=0x8CE0, textarget=0x0DE1, texture=0, level=0)
[DEBUG] [FluorateGL] glFramebufferTexture2D(target=0x8D40, attachment=0x8D00, textarget=0x0DE1, texture=7, level=0)
[DEBUG] [FluorateGL] glFramebufferTexture2D(target=0x8D40, attachment=0x8D00, textarget=0x0DE1, texture=0, level=0)
[DEBUG] [FluorateGL] glFramebufferTexture2D(target=0x8D40, attachment=0x8CE0, textarget=0x0DE1, texture=8, level=0)
[DEBUG] [FluorateGL] glFramebufferTexture2D(target=0x8D40, attachment=0x8D00, textarget=0x0DE1, texture=0, level=0)
[DEBUG] [FluorateGL] glFramebufferTexture2D(target=0x8D40, attachment=0x8CE0, textarget=0x0DE1, texture=0, level=0)
[DEBUG] [FluorateGL] glBindBuffer(0x8892): desktop 36 -> GLES 36 (tid=13770)
[DEBUG] [FluorateGL] glBindBuffer(0x8892): desktop 39 -> GLES 39 (tid=13770)
[DEBUG] [FluorateGL] glBindBuffer(0x8A11): desktop 3 -> GLES 3 (tid=13770)
[DEBUG] [FluorateGL] glBindVertexBuffer(binding=0, buf=36, offset=0, stride=16) desktop 36 -> GLES 36 (tid=13770)
[DEBUG] [FluorateGL] glBindBuffer(0x8893): desktop 40 -> GLES 40 (tid=13770)
[DEBUG] [FluorateGL] glDrawElements(mode=0x0004, count=30, type=0x1403, indices=0x0) bound_vao=1 bound_buf=40 (tid=13770)
[DEBUG] [FluorateGL] glTexParameteri(target=0x0DE1, pname=0x813C, param=0)
[DEBUG] [FluorateGL] glTexParameteri(target=0x0DE1, pname=0x813D, param=0)
[DEBUG] [FluorateGL] glBindVertexBuffer(binding=0, buf=39, offset=0, stride=24) desktop 39 -> GLES 39 (tid=13770)
[DEBUG] [FluorateGL] glBindBuffer(0x8893): desktop 40 -> GLES 40 (tid=13770)
[DEBUG] [FluorateGL] glDrawElements(mode=0x0004, count=12, type=0x1403, indices=0x0) bound_vao=2 bound_buf=40 (tid=13770)
[DEBUG] [FluorateGL] glFramebufferTexture2D(target=0x8CA9, attachment=0x8CE0, textarget=0x0DE1, texture=8, level=0)
[DEBUG] [FluorateGL] glFramebufferTexture2D(target=0x8CA9, attachment=0x8D00, textarget=0x0DE1, texture=0, level=0)
[DEBUG] [FluorateGL] glBindBuffer(0x8A11): desktop 15 -> GLES 15 (tid=13770)
[DEBUG] [FluorateGL] glFramebufferTexture2D(target=0x8D40, attachment=0x8CE0, textarget=0x0DE1, texture=0, level=0)
[DEBUG] [FluorateGL] glFramebufferTexture2D(target=0x8D40, attachment=0x8D00, textarget=0x0DE1, texture=7, level=0)
[DEBUG] [FluorateGL] glFramebufferTexture2D(target=0x8D40, attachment=0x8D00, textarget=0x0DE1, texture=0, level=0)
[DEBUG] [FluorateGL] glFramebufferTexture2D(target=0x8D40, attachment=0x8CE0, textarget=0x0DE1, texture=8, level=0)
[DEBUG] [FluorateGL] glFramebufferTexture2D(target=0x8D40, attachment=0x8D00, textarget=0x0DE1, texture=0, level=0)
[DEBUG] [FluorateGL] glFramebufferTexture2D(target=0x8D40, attachment=0x8CE0, textarget=0x0DE1, texture=0, level=0)
[DEBUG] [FluorateGL] glBindBuffer(0x8892): desktop 34 -> GLES 34 (tid=13770)
[DEBUG] [FluorateGL] glBindBuffer(0x8892): desktop 37 -> GLES 37 (tid=13770)
[DEBUG] [FluorateGL] glBindBuffer(0x8A11): desktop 1 -> GLES 1 (tid=13770)
[DEBUG] [FluorateGL] glBindVertexBuffer(binding=0, buf=34, offset=0, stride=16) desktop 34 -> GLES 34 (tid=13770)
[DEBUG] [FluorateGL] glBindBuffer(0x8893): desktop 40 -> GLES 40 (tid=13770)
[DEBUG] [FluorateGL] glDrawElements(mode=0x0004, count=30, type=0x1403, indices=0x0) bound_vao=1 bound_buf=40 (tid=13770)
[DEBUG] [FluorateGL] glTexParameteri(target=0x0DE1, pname=0x813C, param=0)
[DEBUG] [FluorateGL] glTexParameteri(target=0x0DE1, pname=0x813D, param=0)
[DEBUG] [FluorateGL] glBindVertexBuffer(binding=0, buf=37, offset=0, stride=24) desktop 37 -> GLES 37 (tid=13770)
[DEBUG] [FluorateGL] glBindBuffer(0x8893): desktop 40 -> GLES 40 (tid=13770)
[DEBUG] [FluorateGL] glDrawElements(mode=0x0004, count=12, type=0x1403, indices=0x0) bound_vao=2 bound_buf=40 (tid=13770)
[DEBUG] [FluorateGL] glFramebufferTexture2D(target=0x8CA9, attachment=0x8CE0, textarget=0x0DE1, texture=8, level=0)
[DEBUG] [FluorateGL] glFramebufferTexture2D(target=0x8CA9, attachment=0x8D00, textarget=0x0DE1, texture=0, level=0)
[DEBUG] [FluorateGL] glBindBuffer(0x8A11): desktop 15 -> GLES 15 (tid=13770)
[DEBUG] [FluorateGL] glFramebufferTexture2D(target=0x8D40, attachment=0x8CE0, textarget=0x0DE1, texture=0, level=0)
[DEBUG] [FluorateGL] glFramebufferTexture2D(target=0x8D40, attachment=0x8D00, textarget=0x0DE1, texture=7, level=0)
[DEBUG] [FluorateGL] glFramebufferTexture2D(target=0x8D40, attachment=0x8D00, textarget=0x0DE1, texture=0, level=0)
[DEBUG] [FluorateGL] glFramebufferTexture2D(target=0x8D40, attachment=0x8CE0, textarget=0x0DE1, texture=8, level=0)
[DEBUG] [FluorateGL] glFramebufferTexture2D(target=0x8D40, attachment=0x8D00, textarget=0x0DE1, texture=0, level=0)
[DEBUG] [FluorateGL] glFramebufferTexture2D(target=0x8D40, attachment=0x8CE0, textarget=0x0DE1, texture=0, level=0)
[DEBUG] [FluorateGL] glBindBuffer(0x8892): desktop 35 -> GLES 35 (tid=13770)
[DEBUG] [FluorateGL] glBindBuffer(0x8892): desktop 38 -> GLES 38 (tid=13770)
[DEBUG] [FluorateGL] glBindBuffer(0x8A11): desktop 2 -> GLES 2 (tid=13770)
[DEBUG] [FluorateGL] glBindVertexBuffer(binding=0, buf=35, offset=0, stride=16) desktop 35 -> GLES 35 (tid=13770)
[DEBUG] [FluorateGL] glBindBuffer(0x8893): desktop 40 -> GLES 40 (tid=13770)
[DEBUG] [FluorateGL] glDrawElements(mode=0x0004, count=30, type=0x1403, indices=0x0) bound_vao=1 bound_buf=40 (tid=13770)
[DEBUG] [FluorateGL] glTexParameteri(target=0x0DE1, pname=0x813C, param=0)
[DEBUG] [FluorateGL] glTexParameteri(target=0x0DE1, pname=0x813D, param=0)
[DEBUG] [FluorateGL] glBindVertexBuffer(binding=0, buf=38, offset=0, stride=24) desktop 38 -> GLES 38 (tid=13770)
[DEBUG] [FluorateGL] glBindBuffer(0x8893): desktop 40 -> GLES 40 (tid=13770)
[DEBUG] [FluorateGL] glDrawElements(mode=0x0004, count=12, type=0x1403, indices=0x0) bound_vao=2 bound_buf=40 (tid=13770)
[DEBUG] [FluorateGL] glFramebufferTexture2D(target=0x8CA9, attachment=0x8CE0, textarget=0x0DE1, texture=8, level=0)
[DEBUG] [FluorateGL] glFramebufferTexture2D(target=0x8CA9, attachment=0x8D00, textarget=0x0DE1, texture=0, level=0)
[DEBUG] [FluorateGL] glBindBuffer(0x8A11): desktop 15 -> GLES 15 (tid=13770)
[DEBUG] [FluorateGL] glFramebufferTexture2D(target=0x8D40, attachment=0x8CE0, textarget=0x0DE1, texture=0, level=0)
[DEBUG] [FluorateGL] glFramebufferTexture2D(target=0x8D40, attachment=0x8D00, textarget=0x0DE1, texture=7, level=0)
[DEBUG] [FluorateGL] glFramebufferTexture2D(target=0x8D40, attachment=0x8D00, textarget=0x0DE1, texture=0, level=0)
[DEBUG] [FluorateGL] glFramebufferTexture2D(target=0x8D40, attachment=0x8CE0, textarget=0x0DE1, texture=8, level=0)
[DEBUG] [FluorateGL] glFramebufferTexture2D(target=0x8D40, attachment=0x8D00, textarget=0x0DE1, texture=0, level=0)
[DEBUG] [FluorateGL] glFramebufferTexture2D(target=0x8D40, attachment=0x8CE0, textarget=0x0DE1, texture=0, level=0)
[DEBUG] [FluorateGL] glBindBuffer(0x8892): desktop 36 -> GLES 36 (tid=13770)
[DEBUG] [FluorateGL] glBindBuffer(0x8892): desktop 39 -> GLES 39 (tid=13770)
[DEBUG] [FluorateGL] glBindBuffer(0x8A11): desktop 3 -> GLES 3 (tid=13770)
[DEBUG] [FluorateGL] glBindVertexBuffer(binding=0, buf=36, offset=0, stride=16) desktop 36 -> GLES 36 (tid=13770)
[DEBUG] [FluorateGL] glBindBuffer(0x8893): desktop 40 -> GLES 40 (tid=13770)
[DEBUG] [FluorateGL] glDrawElements(mode=0x0004, count=30, type=0x1403, indices=0x0) bound_vao=1 bound_buf=40 (tid=13770)
[DEBUG] [FluorateGL] glTexParameteri(target=0x0DE1, pname=0x813C, param=0)
[DEBUG] [FluorateGL] glTexParameteri(target=0x0DE1, pname=0x813D, param=0)
[DEBUG] [FluorateGL] glBindVertexBuffer(binding=0, buf=39, offset=0, stride=24) desktop 39 -> GLES 39 (tid=13770)
[DEBUG] [FluorateGL] glBindBuffer(0x8893): desktop 40 -> GLES 40 (tid=13770)
[DEBUG] [FluorateGL] glDrawElements(mode=0x0004, count=12, type=0x1403, indices=0x0) bound_vao=2 bound_buf=40 (tid=13770)
[DEBUG] [FluorateGL] glFramebufferTexture2D(target=0x8CA9, attachment=0x8CE0, textarget=0x0DE1, texture=8, level=0)
[DEBUG] [FluorateGL] glFramebufferTexture2D(target=0x8CA9, attachment=0x8D00, textarget=0x0DE1, texture=0, level=0)
[DEBUG] [FluorateGL] glBindBuffer(0x8A11): desktop 15 -> GLES 15 (tid=13770)
[DEBUG] [FluorateGL] glFramebufferTexture2D(target=0x8D40, attachment=0x8CE0, textarget=0x0DE1, texture=0, level=0)
[DEBUG] [FluorateGL] glFramebufferTexture2D(target=0x8D40, attachment=0x8D00, textarget=0x0DE1, texture=7, level=0)
[DEBUG] [FluorateGL] glFramebufferTexture2D(target=0x8D40, attachment=0x8D00, textarget=0x0DE1, texture=0, level=0)
[DEBUG] [FluorateGL] glFramebufferTexture2D(target=0x8D40, attachment=0x8CE0, textarget=0x0DE1, texture=8, level=0)
[DEBUG] [FluorateGL] glFramebufferTexture2D(target=0x8D40, attachment=0x8D00, textarget=0x0DE1, texture=0, level=0)
[DEBUG] [FluorateGL] glFramebufferTexture2D(target=0x8D40, attachment=0x8CE0, textarget=0x0DE1, texture=0, level=0)
[DEBUG] [FluorateGL] glBindBuffer(0x8892): desktop 34 -> GLES 34 (tid=13770)
[DEBUG] [FluorateGL] glBindBuffer(0x8892): desktop 37 -> GLES 37 (tid=13770)
[DEBUG] [FluorateGL] glBindBuffer(0x8A11): desktop 1 -> GLES 1 (tid=13770)
[DEBUG] [FluorateGL] glBindVertexBuffer(binding=0, buf=34, offset=0, stride=16) desktop 34 -> GLES 34 (tid=13770)
[DEBUG] [FluorateGL] glBindBuffer(0x8893): desktop 40 -> GLES 40 (tid=13770)
[DEBUG] [FluorateGL] glDrawElements(mode=0x0004, count=30, type=0x1403, indices=0x0) bound_vao=1 bound_buf=40 (tid=13770)
[DEBUG] [FluorateGL] glTexParameteri(target=0x0DE1, pname=0x813C, param=0)
[DEBUG] [FluorateGL] glTexParameteri(target=0x0DE1, pname=0x813D, param=0)
[DEBUG] [FluorateGL] glBindVertexBuffer(binding=0, buf=37, offset=0, stride=24) desktop 37 -> GLES 37 (tid=13770)
[DEBUG] [FluorateGL] glBindBuffer(0x8893): desktop 40 -> GLES 40 (tid=13770)
[DEBUG] [FluorateGL] glDrawElements(mode=0x0004, count=12, type=0x1403, indices=0x0) bound_vao=2 bound_buf=40 (tid=13770)
[DEBUG] [FluorateGL] glFramebufferTexture2D(target=0x8CA9, attachment=0x8CE0, textarget=0x0DE1, texture=8, level=0)
[DEBUG] [FluorateGL] glFramebufferTexture2D(target=0x8CA9, attachment=0x8D00, textarget=0x0DE1, texture=0, level=0)
[DEBUG] [FluorateGL] glBindBuffer(0x8A11): desktop 15 -> GLES 15 (tid=13770)
[DEBUG] [FluorateGL] glFramebufferTexture2D(target=0x8D40, attachment=0x8CE0, textarget=0x0DE1, texture=0, level=0)
[DEBUG] [FluorateGL] glFramebufferTexture2D(target=0x8D40, attachment=0x8D00, textarget=0x0DE1, texture=7, level=0)
[DEBUG] [FluorateGL] glFramebufferTexture2D(target=0x8D40, attachment=0x8D00, textarget=0x0DE1, texture=0, level=0)
[DEBUG] [FluorateGL] glFramebufferTexture2D(target=0x8D40, attachment=0x8CE0, textarget=0x0DE1, texture=8, level=0)
[DEBUG] [FluorateGL] glFramebufferTexture2D(target=0x8D40, attachment=0x8D00, textarget=0x0DE1, texture=0, level=0)
[DEBUG] [FluorateGL] glFramebufferTexture2D(target=0x8D40, attachment=0x8CE0, textarget=0x0DE1, texture=0, level=0)
[DEBUG] [FluorateGL] glBindBuffer(0x8892): desktop 35 -> GLES 35 (tid=13770)
[DEBUG] [FluorateGL] glBindBuffer(0x8892): desktop 38 -> GLES 38 (tid=13770)
[DEBUG] [FluorateGL] glBindBuffer(0x8A11): desktop 2 -> GLES 2 (tid=13770)
[DEBUG] [FluorateGL] glBindVertexBuffer(binding=0, buf=35, offset=0, stride=16) desktop 35 -> GLES 35 (tid=13770)
[DEBUG] [FluorateGL] glBindBuffer(0x8893): desktop 40 -> GLES 40 (tid=13770)
[DEBUG] [FluorateGL] glDrawElements(mode=0x0004, count=30, type=0x1403, indices=0x0) bound_vao=1 bound_buf=40 (tid=13770)
[DEBUG] [FluorateGL] glTexParameteri(target=0x0DE1, pname=0x813C, param=0)
[DEBUG] [FluorateGL] glTexParameteri(target=0x0DE1, pname=0x813D, param=0)
[DEBUG] [FluorateGL] glBindVertexBuffer(binding=0, buf=38, offset=0, stride=24) desktop 38 -> GLES 38 (tid=13770)
[DEBUG] [FluorateGL] glBindBuffer(0x8893): desktop 40 -> GLES 40 (tid=13770)
[DEBUG] [FluorateGL] glDrawElements(mode=0x0004, count=12, type=0x1403, indices=0x0) bound_vao=2 bound_buf=40 (tid=13770)
[DEBUG] [FluorateGL] glFramebufferTexture2D(target=0x8CA9, attachment=0x8CE0, textarget=0x0DE1, texture=8, level=0)
[DEBUG] [FluorateGL] glFramebufferTexture2D(target=0x8CA9, attachment=0x8D00, textarget=0x0DE1, texture=0, level=0)
[DEBUG] [FluorateGL] glBindBuffer(0x8A11): desktop 15 -> GLES 15 (tid=13770)
[DEBUG] [FluorateGL] glFramebufferTexture2D(target=0x8D40, attachment=0x8CE0, textarget=0x0DE1, texture=0, level=0)
[DEBUG] [FluorateGL] glFramebufferTexture2D(target=0x8D40, attachment=0x8D00, textarget=0x0DE1, texture=7, level=0)
[DEBUG] [FluorateGL] glFramebufferTexture2D(target=0x8D40, attachment=0x8D00, textarget=0x0DE1, texture=0, level=0)
[DEBUG] [FluorateGL] glFramebufferTexture2D(target=0x8D40, attachment=0x8CE0, textarget=0x0DE1, texture=8, level=0)
[DEBUG] [FluorateGL] glFramebufferTexture2D(target=0x8D40, attachment=0x8D00, textarget=0x0DE1, texture=0, level=0)
[DEBUG] [FluorateGL] glFramebufferTexture2D(target=0x8D40, attachment=0x8CE0, textarget=0x0DE1, texture=0, level=0)
[DEBUG] [FluorateGL] glBindBuffer(0x8892): desktop 36 -> GLES 36 (tid=13770)
[DEBUG] [FluorateGL] glBindBuffer(0x8892): desktop 39 -> GLES 39 (tid=13770)
[DEBUG] [FluorateGL] glBindBuffer(0x8A11): desktop 3 -> GLES 3 (tid=13770)
[DEBUG] [FluorateGL] glBindVertexBuffer(binding=0, buf=36, offset=0, stride=16) desktop 36 -> GLES 36 (tid=13770)
[DEBUG] [FluorateGL] glBindBuffer(0x8893): desktop 40 -> GLES 40 (tid=13770)
[DEBUG] [FluorateGL] glDrawElements(mode=0x0004, count=30, type=0x1403, indices=0x0) bound_vao=1 bound_buf=40 (tid=13770)
[DEBUG] [FluorateGL] glTexParameteri(target=0x0DE1, pname=0x813C, param=0)
[DEBUG] [FluorateGL] glTexParameteri(target=0x0DE1, pname=0x813D, param=0)
[DEBUG] [FluorateGL] glBindVertexBuffer(binding=0, buf=39, offset=0, stride=24) desktop 39 -> GLES 39 (tid=13770)
[DEBUG] [FluorateGL] glBindBuffer(0x8893): desktop 40 -> GLES 40 (tid=13770)
[DEBUG] [FluorateGL] glDrawElements(mode=0x0004, count=12, type=0x1403, indices=0x0) bound_vao=2 bound_buf=40 (tid=13770)
[DEBUG] [FluorateGL] glFramebufferTexture2D(target=0x8CA9, attachment=0x8CE0, textarget=0x0DE1, texture=8, level=0)
[DEBUG] [FluorateGL] glFramebufferTexture2D(target=0x8CA9, attachment=0x8D00, textarget=0x0DE1, texture=0, level=0)
[DEBUG] [FluorateGL] glBindBuffer(0x8A11): desktop 15 -> GLES 15 (tid=13770)
[DEBUG] [FluorateGL] glFramebufferTexture2D(target=0x8D40, attachment=0x8CE0, textarget=0x0DE1, texture=0, level=0)
[DEBUG] [FluorateGL] glFramebufferTexture2D(target=0x8D40, attachment=0x8D00, textarget=0x0DE1, texture=7, level=0)
[DEBUG] [FluorateGL] glFramebufferTexture2D(target=0x8D40, attachment=0x8D00, textarget=0x0DE1, texture=0, level=0)
[DEBUG] [FluorateGL] glFramebufferTexture2D(target=0x8D40, attachment=0x8CE0, textarget=0x0DE1, texture=8, level=0)
[DEBUG] [FluorateGL] glFramebufferTexture2D(target=0x8D40, attachment=0x8D00, textarget=0x0DE1, texture=0, level=0)
[DEBUG] [FluorateGL] glFramebufferTexture2D(target=0x8D40, attachment=0x8CE0, textarget=0x0DE1, texture=0, level=0)
[DEBUG] [FluorateGL] glBindBuffer(0x8892): desktop 34 -> GLES 34 (tid=13770)
[DEBUG] [FluorateGL] glBindBuffer(0x8892): desktop 37 -> GLES 37 (tid=13770)
[DEBUG] [FluorateGL] glBindBuffer(0x8A11): desktop 1 -> GLES 1 (tid=13770)
[DEBUG] [FluorateGL] glBindVertexBuffer(binding=0, buf=34, offset=0, stride=16) desktop 34 -> GLES 34 (tid=13770)
[DEBUG] [FluorateGL] glBindBuffer(0x8893): desktop 40 -> GLES 40 (tid=13770)
[DEBUG] [FluorateGL] glDrawElements(mode=0x0004, count=30, type=0x1403, indices=0x0) bound_vao=1 bound_buf=40 (tid=13770)
[DEBUG] [FluorateGL] glTexParameteri(target=0x0DE1, pname=0x813C, param=0)
[DEBUG] [FluorateGL] glTexParameteri(target=0x0DE1, pname=0x813D, param=0)
[DEBUG] [FluorateGL] glBindVertexBuffer(binding=0, buf=37, offset=0, stride=24) desktop 37 -> GLES 37 (tid=13770)
[DEBUG] [FluorateGL] glBindBuffer(0x8893): desktop 40 -> GLES 40 (tid=13770)
[DEBUG] [FluorateGL] glDrawElements(mode=0x0004, count=12, type=0x1403, indices=0x0) bound_vao=2 bound_buf=40 (tid=13770)
[DEBUG] [FluorateGL] glFramebufferTexture2D(target=0x8CA9, attachment=0x8CE0, textarget=0x0DE1, texture=8, level=0)
[DEBUG] [FluorateGL] glFramebufferTexture2D(target=0x8CA9, attachment=0x8D00, textarget=0x0DE1, texture=0, level=0)
[DEBUG] [FluorateGL] glBindBuffer(0x8A11): desktop 15 -> GLES 15 (tid=13770)
[DEBUG] [FluorateGL] glFramebufferTexture2D(target=0x8D40, attachment=0x8CE0, textarget=0x0DE1, texture=0, level=0)
[DEBUG] [FluorateGL] glFramebufferTexture2D(target=0x8D40, attachment=0x8D00, textarget=0x0DE1, texture=7, level=0)
[DEBUG] [FluorateGL] glFramebufferTexture2D(target=0x8D40, attachment=0x8D00, textarget=0x0DE1, texture=0, level=0)
[DEBUG] [FluorateGL] glFramebufferTexture2D(target=0x8D40, attachment=0x8CE0, textarget=0x0DE1, texture=8, level=0)
[DEBUG] [FluorateGL] glFramebufferTexture2D(target=0x8D40, attachment=0x8D00, textarget=0x0DE1, texture=0, level=0)
[DEBUG] [FluorateGL] glFramebufferTexture2D(target=0x8D40, attachment=0x8CE0, textarget=0x0DE1, texture=0, level=0)
[DEBUG] [FluorateGL] glBindBuffer(0x8892): desktop 35 -> GLES 35 (tid=13770)
[DEBUG] [FluorateGL] glBindBuffer(0x8892): desktop 38 -> GLES 38 (tid=13770)
[DEBUG] [FluorateGL] glBindBuffer(0x8A11): desktop 2 -> GLES 2 (tid=13770)
[DEBUG] [FluorateGL] glBindVertexBuffer(binding=0, buf=35, offset=0, stride=16) desktop 35 -> GLES 35 (tid=13770)
[DEBUG] [FluorateGL] glBindBuffer(0x8893): desktop 40 -> GLES 40 (tid=13770)
[DEBUG] [FluorateGL] glDrawElements(mode=0x0004, count=30, type=0x1403, indices=0x0) bound_vao=1 bound_buf=40 (tid=13770)
[DEBUG] [FluorateGL] glTexParameteri(target=0x0DE1, pname=0x813C, param=0)
[DEBUG] [FluorateGL] glTexParameteri(target=0x0DE1, pname=0x813D, param=0)
[DEBUG] [FluorateGL] glBindVertexBuffer(binding=0, buf=38, offset=0, stride=24) desktop 38 -> GLES 38 (tid=13770)
[DEBUG] [FluorateGL] glBindBuffer(0x8893): desktop 40 -> GLES 40 (tid=13770)
[DEBUG] [FluorateGL] glDrawElements(mode=0x0004, count=12, type=0x1403, indices=0x0) bound_vao=2 bound_buf=40 (tid=13770)
[DEBUG] [FluorateGL] glFramebufferTexture2D(target=0x8CA9, attachment=0x8CE0, textarget=0x0DE1, texture=8, level=0)
[DEBUG] [FluorateGL] glFramebufferTexture2D(target=0x8CA9, attachment=0x8D00, textarget=0x0DE1, texture=0, level=0)
[DEBUG] [FluorateGL] glBindBuffer(0x8A11): desktop 15 -> GLES 15 (tid=13770)
[DEBUG] [FluorateGL] glFramebufferTexture2D(target=0x8D40, attachment=0x8CE0, textarget=0x0DE1, texture=0, level=0)
[DEBUG] [FluorateGL] glFramebufferTexture2D(target=0x8D40, attachment=0x8D00, textarget=0x0DE1, texture=7, level=0)
[DEBUG] [FluorateGL] glFramebufferTexture2D(target=0x8D40, attachment=0x8D00, textarget=0x0DE1, texture=0, level=0)
[DEBUG] [FluorateGL] glFramebufferTexture2D(target=0x8D40, attachment=0x8CE0, textarget=0x0DE1, texture=8, level=0)
[DEBUG] [FluorateGL] glFramebufferTexture2D(target=0x8D40, attachment=0x8D00, textarget=0x0DE1, texture=0, level=0)
[DEBUG] [FluorateGL] glFramebufferTexture2D(target=0x8D40, attachment=0x8CE0, textarget=0x0DE1, texture=0, level=0)
[DEBUG] [FluorateGL] glBindBuffer(0x8892): desktop 36 -> GLES 36 (tid=13770)
[DEBUG] [FluorateGL] glBindBuffer(0x8892): desktop 39 -> GLES 39 (tid=13770)
[DEBUG] [FluorateGL] glBindBuffer(0x8A11): desktop 3 -> GLES 3 (tid=13770)
[DEBUG] [FluorateGL] glBindVertexBuffer(binding=0, buf=36, offset=0, stride=16) desktop 36 -> GLES 36 (tid=13770)
[DEBUG] [FluorateGL] glBindBuffer(0x8893): desktop 40 -> GLES 40 (tid=13770)
[DEBUG] [FluorateGL] glDrawElements(mode=0x0004, count=30, type=0x1403, indices=0x0) bound_vao=1 bound_buf=40 (tid=13770)
[DEBUG] [FluorateGL] glTexParameteri(target=0x0DE1, pname=0x813C, param=0)
[DEBUG] [FluorateGL] glTexParameteri(target=0x0DE1, pname=0x813D, param=0)
[DEBUG] [FluorateGL] glBindVertexBuffer(binding=0, buf=39, offset=0, stride=24) desktop 39 -> GLES 39 (tid=13770)
[DEBUG] [FluorateGL] glBindBuffer(0x8893): desktop 40 -> GLES 40 (tid=13770)
[DEBUG] [FluorateGL] glDrawElements(mode=0x0004, count=12, type=0x1403, indices=0x0) bound_vao=2 bound_buf=40 (tid=13770)
[DEBUG] [FluorateGL] glFramebufferTexture2D(target=0x8CA9, attachment=0x8CE0, textarget=0x0DE1, texture=8, level=0)
[DEBUG] [FluorateGL] glFramebufferTexture2D(target=0x8CA9, attachment=0x8D00, textarget=0x0DE1, texture=0, level=0)
[DEBUG] [FluorateGL] glBindBuffer(0x8A11): desktop 15 -> GLES 15 (tid=13770)
[DEBUG] [FluorateGL] glFramebufferTexture2D(target=0x8D40, attachment=0x8CE0, textarget=0x0DE1, texture=0, level=0)
[DEBUG] [FluorateGL] glFramebufferTexture2D(target=0x8D40, attachment=0x8D00, textarget=0x0DE1, texture=7, level=0)
[DEBUG] [FluorateGL] glFramebufferTexture2D(target=0x8D40, attachment=0x8D00, textarget=0x0DE1, texture=0, level=0)
[DEBUG] [FluorateGL] glFramebufferTexture2D(target=0x8D40, attachment=0x8CE0, textarget=0x0DE1, texture=8, level=0)
[DEBUG] [FluorateGL] glFramebufferTexture2D(target=0x8D40, attachment=0x8D00, textarget=0x0DE1, texture=0, level=0)
[DEBUG] [FluorateGL] glFramebufferTexture2D(target=0x8D40, attachment=0x8CE0, textarget=0x0DE1, texture=0, level=0)
[DEBUG] [FluorateGL] glBindBuffer(0x8892): desktop 34 -> GLES 34 (tid=13770)
[DEBUG] [FluorateGL] glBindBuffer(0x8892): desktop 37 -> GLES 37 (tid=13770)
[DEBUG] [FluorateGL] glBindBuffer(0x8A11): desktop 1 -> GLES 1 (tid=13770)
[DEBUG] [FluorateGL] glBindVertexBuffer(binding=0, buf=34, offset=0, stride=16) desktop 34 -> GLES 34 (tid=13770)
[DEBUG] [FluorateGL] glBindBuffer(0x8893): desktop 40 -> GLES 40 (tid=13770)
[DEBUG] [FluorateGL] glDrawElements(mode=0x0004, count=30, type=0x1403, indices=0x0) bound_vao=1 bound_buf=40 (tid=13770)
[DEBUG] [FluorateGL] glTexParameteri(target=0x0DE1, pname=0x813C, param=0)
[DEBUG] [FluorateGL] glTexParameteri(target=0x0DE1, pname=0x813D, param=0)
[DEBUG] [FluorateGL] glBindVertexBuffer(binding=0, buf=37, offset=0, stride=24) desktop 37 -> GLES 37 (tid=13770)
[DEBUG] [FluorateGL] glBindBuffer(0x8893): desktop 40 -> GLES 40 (tid=13770)
[DEBUG] [FluorateGL] glDrawElements(mode=0x0004, count=12, type=0x1403, indices=0x0) bound_vao=2 bound_buf=40 (tid=13770)
[DEBUG] [FluorateGL] glFramebufferTexture2D(target=0x8CA9, attachment=0x8CE0, textarget=0x0DE1, texture=8, level=0)
[DEBUG] [FluorateGL] glFramebufferTexture2D(target=0x8CA9, attachment=0x8D00, textarget=0x0DE1, texture=0, level=0)
[DEBUG] [FluorateGL] glBindBuffer(0x8A11): desktop 15 -> GLES 15 (tid=13770)
[DEBUG] [FluorateGL] glFramebufferTexture2D(target=0x8D40, attachment=0x8CE0, textarget=0x0DE1, texture=0, level=0)
[DEBUG] [FluorateGL] glFramebufferTexture2D(target=0x8D40, attachment=0x8D00, textarget=0x0DE1, texture=7, level=0)
[DEBUG] [FluorateGL] glFramebufferTexture2D(target=0x8D40, attachment=0x8D00, textarget=0x0DE1, texture=0, level=0)
[DEBUG] [FluorateGL] glFramebufferTexture2D(target=0x8D40, attachment=0x8CE0, textarget=0x0DE1, texture=8, level=0)
[DEBUG] [FluorateGL] glFramebufferTexture2D(target=0x8D40, attachment=0x8D00, textarget=0x0DE1, texture=0, level=0)
[DEBUG] [FluorateGL] glFramebufferTexture2D(target=0x8D40, attachment=0x8CE0, textarget=0x0DE1, texture=0, level=0)
[DEBUG] [FluorateGL] glBindBuffer(0x8892): desktop 35 -> GLES 35 (tid=13770)
[DEBUG] [FluorateGL] glBindBuffer(0x8892): desktop 38 -> GLES 38 (tid=13770)
[DEBUG] [FluorateGL] glBindBuffer(0x8A11): desktop 2 -> GLES 2 (tid=13770)
[DEBUG] [FluorateGL] glBindVertexBuffer(binding=0, buf=35, offset=0, stride=16) desktop 35 -> GLES 35 (tid=13770)
[DEBUG] [FluorateGL] glBindBuffer(0x8893): desktop 40 -> GLES 40 (tid=13770)
[DEBUG] [FluorateGL] glDrawElements(mode=0x0004, count=30, type=0x1403, indices=0x0) bound_vao=1 bound_buf=40 (tid=13770)
[DEBUG] [FluorateGL] glTexParameteri(target=0x0DE1, pname=0x813C, param=0)
[DEBUG] [FluorateGL] glTexParameteri(target=0x0DE1, pname=0x813D, param=0)
[DEBUG] [FluorateGL] glBindVertexBuffer(binding=0, buf=38, offset=0, stride=24) desktop 38 -> GLES 38 (tid=13770)
[DEBUG] [FluorateGL] glBindBuffer(0x8893): desktop 40 -> GLES 40 (tid=13770)
[DEBUG] [FluorateGL] glDrawElements(mode=0x0004, count=12, type=0x1403, indices=0x0) bound_vao=2 bound_buf=40 (tid=13770)
[DEBUG] [FluorateGL] glFramebufferTexture2D(target=0x8CA9, attachment=0x8CE0, textarget=0x0DE1, texture=8, level=0)
[DEBUG] [FluorateGL] glFramebufferTexture2D(target=0x8CA9, attachment=0x8D00, textarget=0x0DE1, texture=0, level=0)
[DEBUG] [FluorateGL] glBindBuffer(0x8A11): desktop 15 -> GLES 15 (tid=13770)
[DEBUG] [FluorateGL] glFramebufferTexture2D(target=0x8D40, attachment=0x8CE0, textarget=0x0DE1, texture=0, level=0)
[DEBUG] [FluorateGL] glFramebufferTexture2D(target=0x8D40, attachment=0x8D00, textarget=0x0DE1, texture=7, level=0)
[DEBUG] [FluorateGL] glFramebufferTexture2D(target=0x8D40, attachment=0x8D00, textarget=0x0DE1, texture=0, level=0)
[DEBUG] [FluorateGL] glFramebufferTexture2D(target=0x8D40, attachment=0x8CE0, textarget=0x0DE1, texture=8, level=0)
[DEBUG] [FluorateGL] glFramebufferTexture2D(target=0x8D40, attachment=0x8D00, textarget=0x0DE1, texture=0, level=0)
[DEBUG] [FluorateGL] glFramebufferTexture2D(target=0x8D40, attachment=0x8CE0, textarget=0x0DE1, texture=0, level=0)
[DEBUG] [FluorateGL] glBindBuffer(0x8892): desktop 36 -> GLES 36 (tid=13770)
[DEBUG] [FluorateGL] glBindBuffer(0x8892): desktop 39 -> GLES 39 (tid=13770)
[DEBUG] [FluorateGL] glBindBuffer(0x8A11): desktop 3 -> GLES 3 (tid=13770)
[DEBUG] [FluorateGL] glBindVertexBuffer(binding=0, buf=36, offset=0, stride=16) desktop 36 -> GLES 36 (tid=13770)
[DEBUG] [FluorateGL] glBindBuffer(0x8893): desktop 40 -> GLES 40 (tid=13770)
[DEBUG] [FluorateGL] glDrawElements(mode=0x0004, count=30, type=0x1403, indices=0x0) bound_vao=1 bound_buf=40 (tid=13770)
[DEBUG] [FluorateGL] glTexParameteri(target=0x0DE1, pname=0x813C, param=0)
[DEBUG] [FluorateGL] glTexParameteri(target=0x0DE1, pname=0x813D, param=0)
[DEBUG] [FluorateGL] glBindVertexBuffer(binding=0, buf=39, offset=0, stride=24) desktop 39 -> GLES 39 (tid=13770)
[DEBUG] [FluorateGL] glBindBuffer(0x8893): desktop 40 -> GLES 40 (tid=13770)
[DEBUG] [FluorateGL] glDrawElements(mode=0x0004, count=12, type=0x1403, indices=0x0) bound_vao=2 bound_buf=40 (tid=13770)
[DEBUG] [FluorateGL] glFramebufferTexture2D(target=0x8CA9, attachment=0x8CE0, textarget=0x0DE1, texture=8, level=0)
[DEBUG] [FluorateGL] glFramebufferTexture2D(target=0x8CA9, attachment=0x8D00, textarget=0x0DE1, texture=0, level=0)
[DEBUG] [FluorateGL] glBindBuffer(0x8A11): desktop 15 -> GLES 15 (tid=13770)
[DEBUG] [FluorateGL] glFramebufferTexture2D(target=0x8D40, attachment=0x8CE0, textarget=0x0DE1, texture=0, level=0)
[DEBUG] [FluorateGL] glFramebufferTexture2D(target=0x8D40, attachment=0x8D00, textarget=0x0DE1, texture=7, level=0)
[DEBUG] [FluorateGL] glFramebufferTexture2D(target=0x8D40, attachment=0x8D00, textarget=0x0DE1, texture=0, level=0)
[DEBUG] [FluorateGL] glFramebufferTexture2D(target=0x8D40, attachment=0x8CE0, textarget=0x0DE1, texture=8, level=0)
[DEBUG] [FluorateGL] glFramebufferTexture2D(target=0x8D40, attachment=0x8D00, textarget=0x0DE1, texture=0, level=0)
[DEBUG] [FluorateGL] glFramebufferTexture2D(target=0x8D40, attachment=0x8CE0, textarget=0x0DE1, texture=0, level=0)
[DEBUG] [FluorateGL] glBindBuffer(0x8892): desktop 34 -> GLES 34 (tid=13770)
[DEBUG] [FluorateGL] glBindBuffer(0x8892): desktop 37 -> GLES 37 (tid=13770)
[DEBUG] [FluorateGL] glBindBuffer(0x8A11): desktop 1 -> GLES 1 (tid=13770)
[DEBUG] [FluorateGL] glBindVertexBuffer(binding=0, buf=34, offset=0, stride=16) desktop 34 -> GLES 34 (tid=13770)
[DEBUG] [FluorateGL] glBindBuffer(0x8893): desktop 40 -> GLES 40 (tid=13770)
[DEBUG] [FluorateGL] glDrawElements(mode=0x0004, count=30, type=0x1403, indices=0x0) bound_vao=1 bound_buf=40 (tid=13770)
[DEBUG] [FluorateGL] glTexParameteri(target=0x0DE1, pname=0x813C, param=0)
[DEBUG] [FluorateGL] glTexParameteri(target=0x0DE1, pname=0x813D, param=0)
[DEBUG] [FluorateGL] glBindVertexBuffer(binding=0, buf=37, offset=0, stride=24) desktop 37 -> GLES 37 (tid=13770)
[DEBUG] [FluorateGL] glBindBuffer(0x8893): desktop 40 -> GLES 40 (tid=13770)
[DEBUG] [FluorateGL] glDrawElements(mode=0x0004, count=12, type=0x1403, indices=0x0) bound_vao=2 bound_buf=40 (tid=13770)
[DEBUG] [FluorateGL] glFramebufferTexture2D(target=0x8CA9, attachment=0x8CE0, textarget=0x0DE1, texture=8, level=0)
[DEBUG] [FluorateGL] glFramebufferTexture2D(target=0x8CA9, attachment=0x8D00, textarget=0x0DE1, texture=0, level=0)
[DEBUG] [FluorateGL] glBindBuffer(0x8A11): desktop 15 -> GLES 15 (tid=13770)
[DEBUG] [FluorateGL] glFramebufferTexture2D(target=0x8D40, attachment=0x8CE0, textarget=0x0DE1, texture=0, level=0)
[DEBUG] [FluorateGL] glFramebufferTexture2D(target=0x8D40, attachment=0x8D00, textarget=0x0DE1, texture=7, level=0)
[DEBUG] [FluorateGL] glFramebufferTexture2D(target=0x8D40, attachment=0x8D00, textarget=0x0DE1, texture=0, level=0)
[DEBUG] [FluorateGL] glFramebufferTexture2D(target=0x8D40, attachment=0x8CE0, textarget=0x0DE1, texture=8, level=0)
[DEBUG] [FluorateGL] glFramebufferTexture2D(target=0x8D40, attachment=0x8D00, textarget=0x0DE1, texture=0, level=0)
[DEBUG] [FluorateGL] glFramebufferTexture2D(target=0x8D40, attachment=0x8CE0, textarget=0x0DE1, texture=0, level=0)
[DEBUG] [FluorateGL] glBindBuffer(0x8892): desktop 35 -> GLES 35 (tid=13770)
[DEBUG] [FluorateGL] glBindBuffer(0x8892): desktop 38 -> GLES 38 (tid=13770)
[DEBUG] [FluorateGL] glBindBuffer(0x8A11): desktop 2 -> GLES 2 (tid=13770)
[DEBUG] [FluorateGL] glBindVertexBuffer(binding=0, buf=35, offset=0, stride=16) desktop 35 -> GLES 35 (tid=13770)
[DEBUG] [FluorateGL] glBindBuffer(0x8893): desktop 40 -> GLES 40 (tid=13770)
[DEBUG] [FluorateGL] glDrawElements(mode=0x0004, count=30, type=0x1403, indices=0x0) bound_vao=1 bound_buf=40 (tid=13770)
[DEBUG] [FluorateGL] glTexParameteri(target=0x0DE1, pname=0x813C, param=0)
[DEBUG] [FluorateGL] glTexParameteri(target=0x0DE1, pname=0x813D, param=0)
[DEBUG] [FluorateGL] glBindVertexBuffer(binding=0, buf=38, offset=0, stride=24) desktop 38 -> GLES 38 (tid=13770)
[DEBUG] [FluorateGL] glBindBuffer(0x8893): desktop 40 -> GLES 40 (tid=13770)
[DEBUG] [FluorateGL] glDrawElements(mode=0x0004, count=12, type=0x1403, indices=0x0) bound_vao=2 bound_buf=40 (tid=13770)
[DEBUG] [FluorateGL] glFramebufferTexture2D(target=0x8CA9, attachment=0x8CE0, textarget=0x0DE1, texture=8, level=0)
[DEBUG] [FluorateGL] glFramebufferTexture2D(target=0x8CA9, attachment=0x8D00, textarget=0x0DE1, texture=0, level=0)
[DEBUG] [FluorateGL] glBindBuffer(0x8A11): desktop 15 -> GLES 15 (tid=13770)
[DEBUG] [FluorateGL] glFramebufferTexture2D(target=0x8D40, attachment=0x8CE0, textarget=0x0DE1, texture=0, level=0)
[DEBUG] [FluorateGL] glFramebufferTexture2D(target=0x8D40, attachment=0x8D00, textarget=0x0DE1, texture=7, level=0)
[DEBUG] [FluorateGL] glFramebufferTexture2D(target=0x8D40, attachment=0x8D00, textarget=0x0DE1, texture=0, level=0)
[DEBUG] [FluorateGL] glFramebufferTexture2D(target=0x8D40, attachment=0x8CE0, textarget=0x0DE1, texture=8, level=0)
[DEBUG] [FluorateGL] glFramebufferTexture2D(target=0x8D40, attachment=0x8D00, textarget=0x0DE1, texture=0, level=0)
[DEBUG] [FluorateGL] glFramebufferTexture2D(target=0x8D40, attachment=0x8CE0, textarget=0x0DE1, texture=0, level=0)
[DEBUG] [FluorateGL] glBindBuffer(0x8892): desktop 36 -> GLES 36 (tid=13770)
[DEBUG] [FluorateGL] glBindBuffer(0x8892): desktop 39 -> GLES 39 (tid=13770)
[DEBUG] [FluorateGL] glBindBuffer(0x8A11): desktop 3 -> GLES 3 (tid=13770)
[DEBUG] [FluorateGL] glBindVertexBuffer(binding=0, buf=36, offset=0, stride=16) desktop 36 -> GLES 36 (tid=13770)
[DEBUG] [FluorateGL] glBindBuffer(0x8893): desktop 40 -> GLES 40 (tid=13770)
[DEBUG] [FluorateGL] glDrawElements(mode=0x0004, count=30, type=0x1403, indices=0x0) bound_vao=1 bound_buf=40 (tid=13770)
[DEBUG] [FluorateGL] glTexParameteri(target=0x0DE1, pname=0x813C, param=0)
[DEBUG] [FluorateGL] glTexParameteri(target=0x0DE1, pname=0x813D, param=0)
[DEBUG] [FluorateGL] glBindVertexBuffer(binding=0, buf=39, offset=0, stride=24) desktop 39 -> GLES 39 (tid=13770)
[DEBUG] [FluorateGL] glBindBuffer(0x8893): desktop 40 -> GLES 40 (tid=13770)
[DEBUG] [FluorateGL] glDrawElements(mode=0x0004, count=12, type=0x1403, indices=0x0) bound_vao=2 bound_buf=40 (tid=13770)
[DEBUG] [FluorateGL] glFramebufferTexture2D(target=0x8CA9, attachment=0x8CE0, textarget=0x0DE1, texture=8, level=0)
[DEBUG] [FluorateGL] glFramebufferTexture2D(target=0x8CA9, attachment=0x8D00, textarget=0x0DE1, texture=0, level=0)
[DEBUG] [FluorateGL] glBindBuffer(0x8A11): desktop 15 -> GLES 15 (tid=13770)
[DEBUG] [FluorateGL] glFramebufferTexture2D(target=0x8D40, attachment=0x8CE0, textarget=0x0DE1, texture=0, level=0)
[DEBUG] [FluorateGL] glFramebufferTexture2D(target=0x8D40, attachment=0x8D00, textarget=0x0DE1, texture=7, level=0)
[DEBUG] [FluorateGL] glFramebufferTexture2D(target=0x8D40, attachment=0x8D00, textarget=0x0DE1, texture=0, level=0)
[DEBUG] [FluorateGL] glFramebufferTexture2D(target=0x8D40, attachment=0x8CE0, textarget=0x0DE1, texture=8, level=0)
[DEBUG] [FluorateGL] glFramebufferTexture2D(target=0x8D40, attachment=0x8D00, textarget=0x0DE1, texture=0, level=0)
[DEBUG] [FluorateGL] glFramebufferTexture2D(target=0x8D40, attachment=0x8CE0, textarget=0x0DE1, texture=0, level=0)
[DEBUG] [FluorateGL] glBindBuffer(0x8892): desktop 34 -> GLES 34 (tid=13770)
[DEBUG] [FluorateGL] glBindBuffer(0x8892): desktop 37 -> GLES 37 (tid=13770)
[DEBUG] [FluorateGL] glBindBuffer(0x8A11): desktop 1 -> GLES 1 (tid=13770)
[DEBUG] [FluorateGL] glBindVertexBuffer(binding=0, buf=34, offset=0, stride=16) desktop 34 -> GLES 34 (tid=13770)
[DEBUG] [FluorateGL] glBindBuffer(0x8893): desktop 40 -> GLES 40 (tid=13770)
[DEBUG] [FluorateGL] glDrawElements(mode=0x0004, count=30, type=0x1403, indices=0x0) bound_vao=1 bound_buf=40 (tid=13770)
[DEBUG] [FluorateGL] glTexParameteri(target=0x0DE1, pname=0x813C, param=0)
[DEBUG] [FluorateGL] glTexParameteri(target=0x0DE1, pname=0x813D, param=0)
[DEBUG] [FluorateGL] glBindVertexBuffer(binding=0, buf=37, offset=0, stride=24) desktop 37 -> GLES 37 (tid=13770)
[DEBUG] [FluorateGL] glBindBuffer(0x8893): desktop 40 -> GLES 40 (tid=13770)
[DEBUG] [FluorateGL] glDrawElements(mode=0x0004, count=12, type=0x1403, indices=0x0) bound_vao=2 bound_buf=40 (tid=13770)
[DEBUG] [FluorateGL] glFramebufferTexture2D(target=0x8CA9, attachment=0x8CE0, textarget=0x0DE1, texture=8, level=0)
[DEBUG] [FluorateGL] glFramebufferTexture2D(target=0x8CA9, attachment=0x8D00, textarget=0x0DE1, texture=0, level=0)
[DEBUG] [FluorateGL] glBindBuffer(0x8A11): desktop 15 -> GLES 15 (tid=13770)
[DEBUG] [FluorateGL] glFramebufferTexture2D(target=0x8D40, attachment=0x8CE0, textarget=0x0DE1, texture=0, level=0)
[DEBUG] [FluorateGL] glFramebufferTexture2D(target=0x8D40, attachment=0x8D00, textarget=0x0DE1, texture=7, level=0)
[DEBUG] [FluorateGL] glFramebufferTexture2D(target=0x8D40, attachment=0x8D00, textarget=0x0DE1, texture=0, level=0)
[DEBUG] [FluorateGL] glFramebufferTexture2D(target=0x8D40, attachment=0x8CE0, textarget=0x0DE1, texture=8, level=0)
[DEBUG] [FluorateGL] glFramebufferTexture2D(target=0x8D40, attachment=0x8D00, textarget=0x0DE1, texture=0, level=0)
[DEBUG] [FluorateGL] glFramebufferTexture2D(target=0x8D40, attachment=0x8CE0, textarget=0x0DE1, texture=0, level=0)
[DEBUG] [FluorateGL] glBindBuffer(0x8892): desktop 35 -> GLES 35 (tid=13770)
[DEBUG] [FluorateGL] glBindBuffer(0x8892): desktop 38 -> GLES 38 (tid=13770)
[DEBUG] [FluorateGL] glBindBuffer(0x8A11): desktop 2 -> GLES 2 (tid=13770)
[DEBUG] [FluorateGL] glBindVertexBuffer(binding=0, buf=35, offset=0, stride=16) desktop 35 -> GLES 35 (tid=13770)
[DEBUG] [FluorateGL] glBindBuffer(0x8893): desktop 40 -> GLES 40 (tid=13770)
[DEBUG] [FluorateGL] glDrawElements(mode=0x0004, count=30, type=0x1403, indices=0x0) bound_vao=1 bound_buf=40 (tid=13770)
[DEBUG] [FluorateGL] glTexParameteri(target=0x0DE1, pname=0x813C, param=0)
[DEBUG] [FluorateGL] glTexParameteri(target=0x0DE1, pname=0x813D, param=0)
[DEBUG] [FluorateGL] glBindVertexBuffer(binding=0, buf=38, offset=0, stride=24) desktop 38 -> GLES 38 (tid=13770)
[DEBUG] [FluorateGL] glBindBuffer(0x8893): desktop 40 -> GLES 40 (tid=13770)
[DEBUG] [FluorateGL] glDrawElements(mode=0x0004, count=12, type=0x1403, indices=0x0) bound_vao=2 bound_buf=40 (tid=13770)
[DEBUG] [FluorateGL] glFramebufferTexture2D(target=0x8CA9, attachment=0x8CE0, textarget=0x0DE1, texture=8, level=0)
[DEBUG] [FluorateGL] glFramebufferTexture2D(target=0x8CA9, attachment=0x8D00, textarget=0x0DE1, texture=0, level=0)
[DEBUG] [FluorateGL] glBindBuffer(0x8A11): desktop 15 -> GLES 15 (tid=13770)
[DEBUG] [FluorateGL] glFramebufferTexture2D(target=0x8D40, attachment=0x8CE0, textarget=0x0DE1, texture=0, level=0)
[DEBUG] [FluorateGL] glFramebufferTexture2D(target=0x8D40, attachment=0x8D00, textarget=0x0DE1, texture=7, level=0)
[DEBUG] [FluorateGL] glFramebufferTexture2D(target=0x8D40, attachment=0x8D00, textarget=0x0DE1, texture=0, level=0)
[DEBUG] [FluorateGL] glFramebufferTexture2D(target=0x8D40, attachment=0x8CE0, textarget=0x0DE1, texture=8, level=0)
[DEBUG] [FluorateGL] glFramebufferTexture2D(target=0x8D40, attachment=0x8D00, textarget=0x0DE1, texture=0, level=0)
[DEBUG] [FluorateGL] glFramebufferTexture2D(target=0x8D40, attachment=0x8CE0, textarget=0x0DE1, texture=0, level=0)
[DEBUG] [FluorateGL] glBindBuffer(0x8892): desktop 36 -> GLES 36 (tid=13770)
[DEBUG] [FluorateGL] glBindBuffer(0x8892): desktop 39 -> GLES 39 (tid=13770)
[DEBUG] [FluorateGL] glBindBuffer(0x8A11): desktop 3 -> GLES 3 (tid=13770)
[DEBUG] [FluorateGL] glBindVertexBuffer(binding=0, buf=36, offset=0, stride=16) desktop 36 -> GLES 36 (tid=13770)
[DEBUG] [FluorateGL] glBindBuffer(0x8893): desktop 40 -> GLES 40 (tid=13770)
[DEBUG] [FluorateGL] glDrawElements(mode=0x0004, count=30, type=0x1403, indices=0x0) bound_vao=1 bound_buf=40 (tid=13770)
[DEBUG] [FluorateGL] glTexParameteri(target=0x0DE1, pname=0x813C, param=0)
[DEBUG] [FluorateGL] glTexParameteri(target=0x0DE1, pname=0x813D, param=0)
[DEBUG] [FluorateGL] glBindVertexBuffer(binding=0, buf=39, offset=0, stride=24) desktop 39 -> GLES 39 (tid=13770)
[DEBUG] [FluorateGL] glBindBuffer(0x8893): desktop 40 -> GLES 40 (tid=13770)
[DEBUG] [FluorateGL] glDrawElements(mode=0x0004, count=12, type=0x1403, indices=0x0) bound_vao=2 bound_buf=40 (tid=13770)
[DEBUG] [FluorateGL] glFramebufferTexture2D(target=0x8CA9, attachment=0x8CE0, textarget=0x0DE1, texture=8, level=0)
[DEBUG] [FluorateGL] glFramebufferTexture2D(target=0x8CA9, attachment=0x8D00, textarget=0x0DE1, texture=0, level=0)
[DEBUG] [FluorateGL] glBindBuffer(0x8A11): desktop 15 -> GLES 15 (tid=13770)
[DEBUG] [FluorateGL] glFramebufferTexture2D(target=0x8D40, attachment=0x8CE0, textarget=0x0DE1, texture=0, level=0)
[DEBUG] [FluorateGL] glFramebufferTexture2D(target=0x8D40, attachment=0x8D00, textarget=0x0DE1, texture=7, level=0)
[DEBUG] [FluorateGL] glFramebufferTexture2D(target=0x8D40, attachment=0x8D00, textarget=0x0DE1, texture=0, level=0)
[DEBUG] [FluorateGL] glFramebufferTexture2D(target=0x8D40, attachment=0x8CE0, textarget=0x0DE1, texture=8, level=0)
[DEBUG] [FluorateGL] glFramebufferTexture2D(target=0x8D40, attachment=0x8D00, textarget=0x0DE1, texture=0, level=0)
[DEBUG] [FluorateGL] glFramebufferTexture2D(target=0x8D40, attachment=0x8CE0, textarget=0x0DE1, texture=0, level=0)
[DEBUG] [FluorateGL] glBindBuffer(0x8892): desktop 34 -> GLES 34 (tid=13770)
[DEBUG] [FluorateGL] glBindBuffer(0x8892): desktop 37 -> GLES 37 (tid=13770)
[DEBUG] [FluorateGL] glBindBuffer(0x8A11): desktop 1 -> GLES 1 (tid=13770)
[DEBUG] [FluorateGL] glBindVertexBuffer(binding=0, buf=34, offset=0, stride=16) desktop 34 -> GLES 34 (tid=13770)
[DEBUG] [FluorateGL] glBindBuffer(0x8893): desktop 40 -> GLES 40 (tid=13770)
[DEBUG] [FluorateGL] glDrawElements(mode=0x0004, count=30, type=0x1403, indices=0x0) bound_vao=1 bound_buf=40 (tid=13770)
[DEBUG] [FluorateGL] glTexParameteri(target=0x0DE1, pname=0x813C, param=0)
[DEBUG] [FluorateGL] glTexParameteri(target=0x0DE1, pname=0x813D, param=0)
[DEBUG] [FluorateGL] glBindVertexBuffer(binding=0, buf=37, offset=0, stride=24) desktop 37 -> GLES 37 (tid=13770)
[DEBUG] [FluorateGL] glBindBuffer(0x8893): desktop 40 -> GLES 40 (tid=13770)
[DEBUG] [FluorateGL] glDrawElements(mode=0x0004, count=12, type=0x1403, indices=0x0) bound_vao=2 bound_buf=40 (tid=13770)
[DEBUG] [FluorateGL] glFramebufferTexture2D(target=0x8CA9, attachment=0x8CE0, textarget=0x0DE1, texture=8, level=0)
[DEBUG] [FluorateGL] glFramebufferTexture2D(target=0x8CA9, attachment=0x8D00, textarget=0x0DE1, texture=0, level=0)
[DEBUG] [FluorateGL] glBindBuffer(0x8A11): desktop 15 -> GLES 15 (tid=13770)
[DEBUG] [FluorateGL] glFramebufferTexture2D(target=0x8D40, attachment=0x8CE0, textarget=0x0DE1, texture=0, level=0)
[DEBUG] [FluorateGL] glFramebufferTexture2D(target=0x8D40, attachment=0x8D00, textarget=0x0DE1, texture=7, level=0)
[DEBUG] [FluorateGL] glFramebufferTexture2D(target=0x8D40, attachment=0x8D00, textarget=0x0DE1, texture=0, level=0)
[DEBUG] [FluorateGL] glFramebufferTexture2D(target=0x8D40, attachment=0x8CE0, textarget=0x0DE1, texture=8, level=0)
[DEBUG] [FluorateGL] glFramebufferTexture2D(target=0x8D40, attachment=0x8D00, textarget=0x0DE1, texture=0, level=0)
[DEBUG] [FluorateGL] glFramebufferTexture2D(target=0x8D40, attachment=0x8CE0, textarget=0x0DE1, texture=0, level=0)
[DEBUG] [FluorateGL] glBindBuffer(0x8892): desktop 35 -> GLES 35 (tid=13770)
[DEBUG] [FluorateGL] glBindBuffer(0x8892): desktop 38 -> GLES 38 (tid=13770)
[DEBUG] [FluorateGL] glBindBuffer(0x8A11): desktop 2 -> GLES 2 (tid=13770)
[DEBUG] [FluorateGL] glBindVertexBuffer(binding=0, buf=35, offset=0, stride=16) desktop 35 -> GLES 35 (tid=13770)
[DEBUG] [FluorateGL] glBindBuffer(0x8893): desktop 40 -> GLES 40 (tid=13770)
[DEBUG] [FluorateGL] glDrawElements(mode=0x0004, count=30, type=0x1403, indices=0x0) bound_vao=1 bound_buf=40 (tid=13770)
[DEBUG] [FluorateGL] glTexParameteri(target=0x0DE1, pname=0x813C, param=0)
[DEBUG] [FluorateGL] glTexParameteri(target=0x0DE1, pname=0x813D, param=0)
[DEBUG] [FluorateGL] glBindVertexBuffer(binding=0, buf=38, offset=0, stride=24) desktop 38 -> GLES 38 (tid=13770)
[DEBUG] [FluorateGL] glBindBuffer(0x8893): desktop 40 -> GLES 40 (tid=13770)
[DEBUG] [FluorateGL] glDrawElements(mode=0x0004, count=12, type=0x1403, indices=0x0) bound_vao=2 bound_buf=40 (tid=13770)
[DEBUG] [FluorateGL] glFramebufferTexture2D(target=0x8CA9, attachment=0x8CE0, textarget=0x0DE1, texture=8, level=0)
[DEBUG] [FluorateGL] glFramebufferTexture2D(target=0x8CA9, attachment=0x8D00, textarget=0x0DE1, texture=0, level=0)
[DEBUG] [FluorateGL] glBindBuffer(0x8A11): desktop 15 -> GLES 15 (tid=13770)
[DEBUG] [FluorateGL] glFramebufferTexture2D(target=0x8D40, attachment=0x8CE0, textarget=0x0DE1, texture=0, level=0)
[DEBUG] [FluorateGL] glFramebufferTexture2D(target=0x8D40, attachment=0x8D00, textarget=0x0DE1, texture=7, level=0)
[DEBUG] [FluorateGL] glFramebufferTexture2D(target=0x8D40, attachment=0x8D00, textarget=0x0DE1, texture=0, level=0)
[DEBUG] [FluorateGL] glFramebufferTexture2D(target=0x8D40, attachment=0x8CE0, textarget=0x0DE1, texture=8, level=0)
[DEBUG] [FluorateGL] glFramebufferTexture2D(target=0x8D40, attachment=0x8D00, textarget=0x0DE1, texture=0, level=0)
[DEBUG] [FluorateGL] glFramebufferTexture2D(target=0x8D40, attachment=0x8CE0, textarget=0x0DE1, texture=0, level=0)
[DEBUG] [FluorateGL] glBindBuffer(0x8892): desktop 36 -> GLES 36 (tid=13770)
[DEBUG] [FluorateGL] glBindBuffer(0x8892): desktop 39 -> GLES 39 (tid=13770)
[DEBUG] [FluorateGL] glBindBuffer(0x8A11): desktop 3 -> GLES 3 (tid=13770)
[DEBUG] [FluorateGL] glBindVertexBuffer(binding=0, buf=36, offset=0, stride=16) desktop 36 -> GLES 36 (tid=13770)
[DEBUG] [FluorateGL] glBindBuffer(0x8893): desktop 40 -> GLES 40 (tid=13770)
[DEBUG] [FluorateGL] glDrawElements(mode=0x0004, count=30, type=0x1403, indices=0x0) bound_vao=1 bound_buf=40 (tid=13770)
[DEBUG] [FluorateGL] glTexParameteri(target=0x0DE1, pname=0x813C, param=0)
[DEBUG] [FluorateGL] glTexParameteri(target=0x0DE1, pname=0x813D, param=0)
[DEBUG] [FluorateGL] glBindVertexBuffer(binding=0, buf=39, offset=0, stride=24) desktop 39 -> GLES 39 (tid=13770)
[DEBUG] [FluorateGL] glBindBuffer(0x8893): desktop 40 -> GLES 40 (tid=13770)
[DEBUG] [FluorateGL] glDrawElements(mode=0x0004, count=12, type=0x1403, indices=0x0) bound_vao=2 bound_buf=40 (tid=13770)
[DEBUG] [FluorateGL] glFramebufferTexture2D(target=0x8CA9, attachment=0x8CE0, textarget=0x0DE1, texture=8, level=0)
[DEBUG] [FluorateGL] glFramebufferTexture2D(target=0x8CA9, attachment=0x8D00, textarget=0x0DE1, texture=0, level=0)
[DEBUG] [FluorateGL] glBindBuffer(0x8A11): desktop 15 -> GLES 15 (tid=13770)
[DEBUG] [FluorateGL] glFramebufferTexture2D(target=0x8D40, attachment=0x8CE0, textarget=0x0DE1, texture=0, level=0)
[DEBUG] [FluorateGL] glFramebufferTexture2D(target=0x8D40, attachment=0x8D00, textarget=0x0DE1, texture=7, level=0)
[DEBUG] [FluorateGL] glFramebufferTexture2D(target=0x8D40, attachment=0x8D00, textarget=0x0DE1, texture=0, level=0)
[DEBUG] [FluorateGL] glFramebufferTexture2D(target=0x8D40, attachment=0x8CE0, textarget=0x0DE1, texture=8, level=0)
[DEBUG] [FluorateGL] glFramebufferTexture2D(target=0x8D40, attachment=0x8D00, textarget=0x0DE1, texture=0, level=0)
[DEBUG] [FluorateGL] glFramebufferTexture2D(target=0x8D40, attachment=0x8CE0, textarget=0x0DE1, texture=0, level=0)
[DEBUG] [FluorateGL] glBindBuffer(0x8892): desktop 34 -> GLES 34 (tid=13770)
[DEBUG] [FluorateGL] glBindBuffer(0x8892): desktop 37 -> GLES 37 (tid=13770)
[DEBUG] [FluorateGL] glBindBuffer(0x8A11): desktop 1 -> GLES 1 (tid=13770)
[DEBUG] [FluorateGL] glBindVertexBuffer(binding=0, buf=34, offset=0, stride=16) desktop 34 -> GLES 34 (tid=13770)
[DEBUG] [FluorateGL] glBindBuffer(0x8893): desktop 40 -> GLES 40 (tid=13770)
[DEBUG] [FluorateGL] glDrawElements(mode=0x0004, count=30, type=0x1403, indices=0x0) bound_vao=1 bound_buf=40 (tid=13770)
[DEBUG] [FluorateGL] glTexParameteri(target=0x0DE1, pname=0x813C, param=0)
[DEBUG] [FluorateGL] glTexParameteri(target=0x0DE1, pname=0x813D, param=0)
[DEBUG] [FluorateGL] glBindVertexBuffer(binding=0, buf=37, offset=0, stride=24) desktop 37 -> GLES 37 (tid=13770)
[DEBUG] [FluorateGL] glBindBuffer(0x8893): desktop 40 -> GLES 40 (tid=13770)
[DEBUG] [FluorateGL] glDrawElements(mode=0x0004, count=12, type=0x1403, indices=0x0) bound_vao=2 bound_buf=40 (tid=13770)
[DEBUG] [FluorateGL] glFramebufferTexture2D(target=0x8CA9, attachment=0x8CE0, textarget=0x0DE1, texture=8, level=0)
[DEBUG] [FluorateGL] glFramebufferTexture2D(target=0x8CA9, attachment=0x8D00, textarget=0x0DE1, texture=0, level=0)
[DEBUG] [FluorateGL] glBindBuffer(0x8A11): desktop 15 -> GLES 15 (tid=13770)
[DEBUG] [FluorateGL] glFramebufferTexture2D(target=0x8D40, attachment=0x8CE0, textarget=0x0DE1, texture=0, level=0)
[DEBUG] [FluorateGL] glFramebufferTexture2D(target=0x8D40, attachment=0x8D00, textarget=0x0DE1, texture=7, level=0)
[DEBUG] [FluorateGL] glFramebufferTexture2D(target=0x8D40, attachment=0x8D00, textarget=0x0DE1, texture=0, level=0)
[DEBUG] [FluorateGL] glFramebufferTexture2D(target=0x8D40, attachment=0x8CE0, textarget=0x0DE1, texture=8, level=0)
[DEBUG] [FluorateGL] glFramebufferTexture2D(target=0x8D40, attachment=0x8D00, textarget=0x0DE1, texture=0, level=0)
[DEBUG] [FluorateGL] glFramebufferTexture2D(target=0x8D40, attachment=0x8CE0, textarget=0x0DE1, texture=0, level=0)
[DEBUG] [FluorateGL] glBindBuffer(0x8892): desktop 35 -> GLES 35 (tid=13770)
[DEBUG] [FluorateGL] glBindBuffer(0x8892): desktop 38 -> GLES 38 (tid=13770)
[DEBUG] [FluorateGL] glBindBuffer(0x8A11): desktop 2 -> GLES 2 (tid=13770)
[DEBUG] [FluorateGL] glBindVertexBuffer(binding=0, buf=35, offset=0, stride=16) desktop 35 -> GLES 35 (tid=13770)
[DEBUG] [FluorateGL] glBindBuffer(0x8893): desktop 40 -> GLES 40 (tid=13770)
[DEBUG] [FluorateGL] glDrawElements(mode=0x0004, count=30, type=0x1403, indices=0x0) bound_vao=1 bound_buf=40 (tid=13770)
[DEBUG] [FluorateGL] glTexParameteri(target=0x0DE1, pname=0x813C, param=0)
[DEBUG] [FluorateGL] glTexParameteri(target=0x0DE1, pname=0x813D, param=0)
[DEBUG] [FluorateGL] glBindVertexBuffer(binding=0, buf=38, offset=0, stride=24) desktop 38 -> GLES 38 (tid=13770)
[DEBUG] [FluorateGL] glBindBuffer(0x8893): desktop 40 -> GLES 40 (tid=13770)
[DEBUG] [FluorateGL] glDrawElements(mode=0x0004, count=12, type=0x1403, indices=0x0) bound_vao=2 bound_buf=40 (tid=13770)
[DEBUG] [FluorateGL] glFramebufferTexture2D(target=0x8CA9, attachment=0x8CE0, textarget=0x0DE1, texture=8, level=0)
[DEBUG] [FluorateGL] glFramebufferTexture2D(target=0x8CA9, attachment=0x8D00, textarget=0x0DE1, texture=0, level=0)
[DEBUG] [FluorateGL] glBindBuffer(0x8A11): desktop 15 -> GLES 15 (tid=13770)
[DEBUG] [FluorateGL] glFramebufferTexture2D(target=0x8D40, attachment=0x8CE0, textarget=0x0DE1, texture=0, level=0)
[DEBUG] [FluorateGL] glFramebufferTexture2D(target=0x8D40, attachment=0x8D00, textarget=0x0DE1, texture=7, level=0)
[DEBUG] [FluorateGL] glFramebufferTexture2D(target=0x8D40, attachment=0x8D00, textarget=0x0DE1, texture=0, level=0)
[DEBUG] [FluorateGL] glFramebufferTexture2D(target=0x8D40, attachment=0x8CE0, textarget=0x0DE1, texture=8, level=0)
[DEBUG] [FluorateGL] glFramebufferTexture2D(target=0x8D40, attachment=0x8D00, textarget=0x0DE1, texture=0, level=0)
[DEBUG] [FluorateGL] glFramebufferTexture2D(target=0x8D40, attachment=0x8CE0, textarget=0x0DE1, texture=0, level=0)
[DEBUG] [FluorateGL] glBindBuffer(0x8892): desktop 36 -> GLES 36 (tid=13770)
[DEBUG] [FluorateGL] glBindBuffer(0x8892): desktop 39 -> GLES 39 (tid=13770)
[DEBUG] [FluorateGL] glBindBuffer(0x8A11): desktop 3 -> GLES 3 (tid=13770)
[DEBUG] [FluorateGL] glBindVertexBuffer(binding=0, buf=36, offset=0, stride=16) desktop 36 -> GLES 36 (tid=13770)
[DEBUG] [FluorateGL] glBindBuffer(0x8893): desktop 40 -> GLES 40 (tid=13770)
[DEBUG] [FluorateGL] glDrawElements(mode=0x0004, count=30, type=0x1403, indices=0x0) bound_vao=1 bound_buf=40 (tid=13770)
[DEBUG] [FluorateGL] glTexParameteri(target=0x0DE1, pname=0x813C, param=0)
[DEBUG] [FluorateGL] glTexParameteri(target=0x0DE1, pname=0x813D, param=0)
[DEBUG] [FluorateGL] glBindVertexBuffer(binding=0, buf=39, offset=0, stride=24) desktop 39 -> GLES 39 (tid=13770)
[DEBUG] [FluorateGL] glBindBuffer(0x8893): desktop 40 -> GLES 40 (tid=13770)
[DEBUG] [FluorateGL] glDrawElements(mode=0x0004, count=12, type=0x1403, indices=0x0) bound_vao=2 bound_buf=40 (tid=13770)
[DEBUG] [FluorateGL] glFramebufferTexture2D(target=0x8CA9, attachment=0x8CE0, textarget=0x0DE1, texture=8, level=0)
[DEBUG] [FluorateGL] glFramebufferTexture2D(target=0x8CA9, attachment=0x8D00, textarget=0x0DE1, texture=0, level=0)
[DEBUG] [FluorateGL] glBindBuffer(0x8A11): desktop 15 -> GLES 15 (tid=13770)
[DEBUG] [FluorateGL] glFramebufferTexture2D(target=0x8D40, attachment=0x8CE0, textarget=0x0DE1, texture=0, level=0)
[DEBUG] [FluorateGL] glFramebufferTexture2D(target=0x8D40, attachment=0x8D00, textarget=0x0DE1, texture=7, level=0)
[DEBUG] [FluorateGL] glFramebufferTexture2D(target=0x8D40, attachment=0x8D00, textarget=0x0DE1, texture=0, level=0)
[DEBUG] [FluorateGL] glFramebufferTexture2D(target=0x8D40, attachment=0x8CE0, textarget=0x0DE1, texture=8, level=0)
[DEBUG] [FluorateGL] glFramebufferTexture2D(target=0x8D40, attachment=0x8D00, textarget=0x0DE1, texture=0, level=0)
[DEBUG] [FluorateGL] glFramebufferTexture2D(target=0x8D40, attachment=0x8CE0, textarget=0x0DE1, texture=0, level=0)
[DEBUG] [FluorateGL] glBindBuffer(0x8892): desktop 34 -> GLES 34 (tid=13770)
[DEBUG] [FluorateGL] glBindBuffer(0x8892): desktop 37 -> GLES 37 (tid=13770)
[DEBUG] [FluorateGL] glBindBuffer(0x8A11): desktop 1 -> GLES 1 (tid=13770)
[DEBUG] [FluorateGL] glBindVertexBuffer(binding=0, buf=34, offset=0, stride=16) desktop 34 -> GLES 34 (tid=13770)
[DEBUG] [FluorateGL] glBindBuffer(0x8893): desktop 40 -> GLES 40 (tid=13770)
[DEBUG] [FluorateGL] glDrawElements(mode=0x0004, count=30, type=0x1403, indices=0x0) bound_vao=1 bound_buf=40 (tid=13770)
[DEBUG] [FluorateGL] glTexParameteri(target=0x0DE1, pname=0x813C, param=0)
[DEBUG] [FluorateGL] glTexParameteri(target=0x0DE1, pname=0x813D, param=0)
[DEBUG] [FluorateGL] glBindVertexBuffer(binding=0, buf=37, offset=0, stride=24) desktop 37 -> GLES 37 (tid=13770)
[DEBUG] [FluorateGL] glBindBuffer(0x8893): desktop 40 -> GLES 40 (tid=13770)
[DEBUG] [FluorateGL] glDrawElements(mode=0x0004, count=12, type=0x1403, indices=0x0) bound_vao=2 bound_buf=40 (tid=13770)
[DEBUG] [FluorateGL] glFramebufferTexture2D(target=0x8CA9, attachment=0x8CE0, textarget=0x0DE1, texture=8, level=0)
[DEBUG] [FluorateGL] glFramebufferTexture2D(target=0x8CA9, attachment=0x8D00, textarget=0x0DE1, texture=0, level=0)
[DEBUG] [FluorateGL] glBindBuffer(0x8A11): desktop 15 -> GLES 15 (tid=13770)
[DEBUG] [FluorateGL] glFramebufferTexture2D(target=0x8D40, attachment=0x8CE0, textarget=0x0DE1, texture=0, level=0)
[DEBUG] [FluorateGL] glFramebufferTexture2D(target=0x8D40, attachment=0x8D00, textarget=0x0DE1, texture=7, level=0)
[DEBUG] [FluorateGL] glFramebufferTexture2D(target=0x8D40, attachment=0x8D00, textarget=0x0DE1, texture=0, level=0)
[DEBUG] [FluorateGL] glFramebufferTexture2D(target=0x8D40, attachment=0x8CE0, textarget=0x0DE1, texture=8, level=0)
[DEBUG] [FluorateGL] glFramebufferTexture2D(target=0x8D40, attachment=0x8D00, textarget=0x0DE1, texture=0, level=0)
[DEBUG] [FluorateGL] glFramebufferTexture2D(target=0x8D40, attachment=0x8CE0, textarget=0x0DE1, texture=0, level=0)
[DEBUG] [FluorateGL] glBindBuffer(0x8892): desktop 35 -> GLES 35 (tid=13770)
[DEBUG] [FluorateGL] glBindBuffer(0x8892): desktop 38 -> GLES 38 (tid=13770)
[DEBUG] [FluorateGL] glBindBuffer(0x8A11): desktop 2 -> GLES 2 (tid=13770)
[DEBUG] [FluorateGL] glBindVertexBuffer(binding=0, buf=35, offset=0, stride=16) desktop 35 -> GLES 35 (tid=13770)
[DEBUG] [FluorateGL] glBindBuffer(0x8893): desktop 40 -> GLES 40 (tid=13770)
[DEBUG] [FluorateGL] glDrawElements(mode=0x0004, count=30, type=0x1403, indices=0x0) bound_vao=1 bound_buf=40 (tid=13770)
[DEBUG] [FluorateGL] glTexParameteri(target=0x0DE1, pname=0x813C, param=0)
[DEBUG] [FluorateGL] glTexParameteri(target=0x0DE1, pname=0x813D, param=0)
[DEBUG] [FluorateGL] glBindVertexBuffer(binding=0, buf=38, offset=0, stride=24) desktop 38 -> GLES 38 (tid=13770)
[DEBUG] [FluorateGL] glBindBuffer(0x8893): desktop 40 -> GLES 40 (tid=13770)
[DEBUG] [FluorateGL] glDrawElements(mode=0x0004, count=12, type=0x1403, indices=0x0) bound_vao=2 bound_buf=40 (tid=13770)
[DEBUG] [FluorateGL] glFramebufferTexture2D(target=0x8CA9, attachment=0x8CE0, textarget=0x0DE1, texture=8, level=0)
[DEBUG] [FluorateGL] glFramebufferTexture2D(target=0x8CA9, attachment=0x8D00, textarget=0x0DE1, texture=0, level=0)
[DEBUG] [FluorateGL] glBindBuffer(0x8A11): desktop 15 -> GLES 15 (tid=13770)
[DEBUG] [FluorateGL] glFramebufferTexture2D(target=0x8D40, attachment=0x8CE0, textarget=0x0DE1, texture=0, level=0)
[DEBUG] [FluorateGL] glFramebufferTexture2D(target=0x8D40, attachment=0x8D00, textarget=0x0DE1, texture=7, level=0)
[DEBUG] [FluorateGL] glFramebufferTexture2D(target=0x8D40, attachment=0x8D00, textarget=0x0DE1, texture=0, level=0)
[DEBUG] [FluorateGL] glFramebufferTexture2D(target=0x8D40, attachment=0x8CE0, textarget=0x0DE1, texture=8, level=0)
[DEBUG] [FluorateGL] glFramebufferTexture2D(target=0x8D40, attachment=0x8D00, textarget=0x0DE1, texture=0, level=0)
[DEBUG] [FluorateGL] glFramebufferTexture2D(target=0x8D40, attachment=0x8CE0, textarget=0x0DE1, texture=0, level=0)
[DEBUG] [FluorateGL] glBindBuffer(0x8892): desktop 36 -> GLES 36 (tid=13770)
[DEBUG] [FluorateGL] glBindBuffer(0x8892): desktop 39 -> GLES 39 (tid=13770)
[DEBUG] [FluorateGL] glBindBuffer(0x8A11): desktop 3 -> GLES 3 (tid=13770)
[DEBUG] [FluorateGL] glBindVertexBuffer(binding=0, buf=36, offset=0, stride=16) desktop 36 -> GLES 36 (tid=13770)
[DEBUG] [FluorateGL] glBindBuffer(0x8893): desktop 40 -> GLES 40 (tid=13770)
[DEBUG] [FluorateGL] glDrawElements(mode=0x0004, count=30, type=0x1403, indices=0x0) bound_vao=1 bound_buf=40 (tid=13770)
[DEBUG] [FluorateGL] glTexParameteri(target=0x0DE1, pname=0x813C, param=0)
[DEBUG] [FluorateGL] glTexParameteri(target=0x0DE1, pname=0x813D, param=0)
[DEBUG] [FluorateGL] glBindVertexBuffer(binding=0, buf=39, offset=0, stride=24) desktop 39 -> GLES 39 (tid=13770)
[DEBUG] [FluorateGL] glBindBuffer(0x8893): desktop 40 -> GLES 40 (tid=13770)
[DEBUG] [FluorateGL] glDrawElements(mode=0x0004, count=12, type=0x1403, indices=0x0) bound_vao=2 bound_buf=40 (tid=13770)
[DEBUG] [FluorateGL] glFramebufferTexture2D(target=0x8CA9, attachment=0x8CE0, textarget=0x0DE1, texture=8, level=0)
[DEBUG] [FluorateGL] glFramebufferTexture2D(target=0x8CA9, attachment=0x8D00, textarget=0x0DE1, texture=0, level=0)
[DEBUG] [FluorateGL] glBindBuffer(0x8A11): desktop 15 -> GLES 15 (tid=13770)
[DEBUG] [FluorateGL] glFramebufferTexture2D(target=0x8D40, attachment=0x8CE0, textarget=0x0DE1, texture=0, level=0)
[DEBUG] [FluorateGL] glFramebufferTexture2D(target=0x8D40, attachment=0x8D00, textarget=0x0DE1, texture=7, level=0)
[DEBUG] [FluorateGL] glFramebufferTexture2D(target=0x8D40, attachment=0x8D00, textarget=0x0DE1, texture=0, level=0)
[DEBUG] [FluorateGL] glFramebufferTexture2D(target=0x8D40, attachment=0x8CE0, textarget=0x0DE1, texture=8, level=0)
[DEBUG] [FluorateGL] glFramebufferTexture2D(target=0x8D40, attachment=0x8D00, textarget=0x0DE1, texture=0, level=0)
[DEBUG] [FluorateGL] glFramebufferTexture2D(target=0x8D40, attachment=0x8CE0, textarget=0x0DE1, texture=0, level=0)
[DEBUG] [FluorateGL] glBindBuffer(0x8892): desktop 34 -> GLES 34 (tid=13770)
[DEBUG] [FluorateGL] glBindBuffer(0x8892): desktop 37 -> GLES 37 (tid=13770)
[DEBUG] [FluorateGL] glBindBuffer(0x8A11): desktop 1 -> GLES 1 (tid=13770)
[DEBUG] [FluorateGL] glBindVertexBuffer(binding=0, buf=34, offset=0, stride=16) desktop 34 -> GLES 34 (tid=13770)
[DEBUG] [FluorateGL] glBindBuffer(0x8893): desktop 40 -> GLES 40 (tid=13770)
[DEBUG] [FluorateGL] glDrawElements(mode=0x0004, count=30, type=0x1403, indices=0x0) bound_vao=1 bound_buf=40 (tid=13770)
[DEBUG] [FluorateGL] glTexParameteri(target=0x0DE1, pname=0x813C, param=0)
[DEBUG] [FluorateGL] glTexParameteri(target=0x0DE1, pname=0x813D, param=0)
[DEBUG] [FluorateGL] glBindVertexBuffer(binding=0, buf=37, offset=0, stride=24) desktop 37 -> GLES 37 (tid=13770)
[DEBUG] [FluorateGL] glBindBuffer(0x8893): desktop 40 -> GLES 40 (tid=13770)
[DEBUG] [FluorateGL] glDrawElements(mode=0x0004, count=12, type=0x1403, indices=0x0) bound_vao=2 bound_buf=40 (tid=13770)
[DEBUG] [FluorateGL] glFramebufferTexture2D(target=0x8CA9, attachment=0x8CE0, textarget=0x0DE1, texture=8, level=0)
[DEBUG] [FluorateGL] glFramebufferTexture2D(target=0x8CA9, attachment=0x8D00, textarget=0x0DE1, texture=0, level=0)
[DEBUG] [FluorateGL] glBindBuffer(0x8A11): desktop 15 -> GLES 15 (tid=13770)
[DEBUG] [FluorateGL] glFramebufferTexture2D(target=0x8D40, attachment=0x8CE0, textarget=0x0DE1, texture=0, level=0)
[DEBUG] [FluorateGL] glFramebufferTexture2D(target=0x8D40, attachment=0x8D00, textarget=0x0DE1, texture=7, level=0)
[DEBUG] [FluorateGL] glFramebufferTexture2D(target=0x8D40, attachment=0x8D00, textarget=0x0DE1, texture=0, level=0)
[DEBUG] [FluorateGL] glFramebufferTexture2D(target=0x8D40, attachment=0x8CE0, textarget=0x0DE1, texture=8, level=0)
[DEBUG] [FluorateGL] glFramebufferTexture2D(target=0x8D40, attachment=0x8D00, textarget=0x0DE1, texture=0, level=0)
[DEBUG] [FluorateGL] glFramebufferTexture2D(target=0x8D40, attachment=0x8CE0, textarget=0x0DE1, texture=0, level=0)
[DEBUG] [FluorateGL] glBindBuffer(0x8892): desktop 35 -> GLES 35 (tid=13770)
[DEBUG] [FluorateGL] glBindBuffer(0x8892): desktop 38 -> GLES 38 (tid=13770)
[DEBUG] [FluorateGL] glBindBuffer(0x8A11): desktop 2 -> GLES 2 (tid=13770)
[DEBUG] [FluorateGL] glBindVertexBuffer(binding=0, buf=35, offset=0, stride=16) desktop 35 -> GLES 35 (tid=13770)
[DEBUG] [FluorateGL] glBindBuffer(0x8893): desktop 40 -> GLES 40 (tid=13770)
[DEBUG] [FluorateGL] glDrawElements(mode=0x0004, count=30, type=0x1403, indices=0x0) bound_vao=1 bound_buf=40 (tid=13770)
[DEBUG] [FluorateGL] glTexParameteri(target=0x0DE1, pname=0x813C, param=0)
[DEBUG] [FluorateGL] glTexParameteri(target=0x0DE1, pname=0x813D, param=0)
[DEBUG] [FluorateGL] glBindVertexBuffer(binding=0, buf=38, offset=0, stride=24) desktop 38 -> GLES 38 (tid=13770)
[DEBUG] [FluorateGL] glBindBuffer(0x8893): desktop 40 -> GLES 40 (tid=13770)
[DEBUG] [FluorateGL] glDrawElements(mode=0x0004, count=12, type=0x1403, indices=0x0) bound_vao=2 bound_buf=40 (tid=13770)
[DEBUG] [FluorateGL] glFramebufferTexture2D(target=0x8CA9, attachment=0x8CE0, textarget=0x0DE1, texture=8, level=0)
[DEBUG] [FluorateGL] glFramebufferTexture2D(target=0x8CA9, attachment=0x8D00, textarget=0x0DE1, texture=0, level=0)
[DEBUG] [FluorateGL] glBindBuffer(0x8A11): desktop 15 -> GLES 15 (tid=13770)
[DEBUG] [FluorateGL] glFramebufferTexture2D(target=0x8D40, attachment=0x8CE0, textarget=0x0DE1, texture=0, level=0)
[DEBUG] [FluorateGL] glFramebufferTexture2D(target=0x8D40, attachment=0x8D00, textarget=0x0DE1, texture=7, level=0)
[DEBUG] [FluorateGL] glFramebufferTexture2D(target=0x8D40, attachment=0x8D00, textarget=0x0DE1, texture=0, level=0)
[DEBUG] [FluorateGL] glFramebufferTexture2D(target=0x8D40, attachment=0x8CE0, textarget=0x0DE1, texture=8, level=0)
[DEBUG] [FluorateGL] glFramebufferTexture2D(target=0x8D40, attachment=0x8D00, textarget=0x0DE1, texture=0, level=0)
[DEBUG] [FluorateGL] glFramebufferTexture2D(target=0x8D40, attachment=0x8CE0, textarget=0x0DE1, texture=0, level=0)
[DEBUG] [FluorateGL] glBindBuffer(0x8892): desktop 36 -> GLES 36 (tid=13770)
[DEBUG] [FluorateGL] glBindBuffer(0x8892): desktop 39 -> GLES 39 (tid=13770)
[DEBUG] [FluorateGL] glBindBuffer(0x8A11): desktop 3 -> GLES 3 (tid=13770)
[DEBUG] [FluorateGL] glBindVertexBuffer(binding=0, buf=36, offset=0, stride=16) desktop 36 -> GLES 36 (tid=13770)
[DEBUG] [FluorateGL] glBindBuffer(0x8893): desktop 40 -> GLES 40 (tid=13770)
[DEBUG] [FluorateGL] glDrawElements(mode=0x0004, count=30, type=0x1403, indices=0x0) bound_vao=1 bound_buf=40 (tid=13770)
[DEBUG] [FluorateGL] glTexParameteri(target=0x0DE1, pname=0x813C, param=0)
[DEBUG] [FluorateGL] glTexParameteri(target=0x0DE1, pname=0x813D, param=0)
[DEBUG] [FluorateGL] glBindVertexBuffer(binding=0, buf=39, offset=0, stride=24) desktop 39 -> GLES 39 (tid=13770)
[DEBUG] [FluorateGL] glBindBuffer(0x8893): desktop 40 -> GLES 40 (tid=13770)
[DEBUG] [FluorateGL] glDrawElements(mode=0x0004, count=12, type=0x1403, indices=0x0) bound_vao=2 bound_buf=40 (tid=13770)
[DEBUG] [FluorateGL] glFramebufferTexture2D(target=0x8CA9, attachment=0x8CE0, textarget=0x0DE1, texture=8, level=0)
[DEBUG] [FluorateGL] glFramebufferTexture2D(target=0x8CA9, attachment=0x8D00, textarget=0x0DE1, texture=0, level=0)
[DEBUG] [FluorateGL] glBindBuffer(0x8A11): desktop 15 -> GLES 15 (tid=13770)
[DEBUG] [FluorateGL] glFramebufferTexture2D(target=0x8D40, attachment=0x8CE0, textarget=0x0DE1, texture=0, level=0)
[DEBUG] [FluorateGL] glFramebufferTexture2D(target=0x8D40, attachment=0x8D00, textarget=0x0DE1, texture=7, level=0)
[DEBUG] [FluorateGL] glFramebufferTexture2D(target=0x8D40, attachment=0x8D00, textarget=0x0DE1, texture=0, level=0)
[DEBUG] [FluorateGL] glFramebufferTexture2D(target=0x8D40, attachment=0x8CE0, textarget=0x0DE1, texture=8, level=0)
[DEBUG] [FluorateGL] glFramebufferTexture2D(target=0x8D40, attachment=0x8D00, textarget=0x0DE1, texture=0, level=0)
[DEBUG] [FluorateGL] glFramebufferTexture2D(target=0x8D40, attachment=0x8CE0, textarget=0x0DE1, texture=0, level=0)
[DEBUG] [FluorateGL] glBindBuffer(0x8892): desktop 34 -> GLES 34 (tid=13770)
[DEBUG] [FluorateGL] glBindBuffer(0x8892): desktop 37 -> GLES 37 (tid=13770)
[DEBUG] [FluorateGL] glBindBuffer(0x8A11): desktop 1 -> GLES 1 (tid=13770)
[DEBUG] [FluorateGL] glBindVertexBuffer(binding=0, buf=34, offset=0, stride=16) desktop 34 -> GLES 34 (tid=13770)
[DEBUG] [FluorateGL] glBindBuffer(0x8893): desktop 40 -> GLES 40 (tid=13770)
[DEBUG] [FluorateGL] glDrawElements(mode=0x0004, count=30, type=0x1403, indices=0x0) bound_vao=1 bound_buf=40 (tid=13770)
[DEBUG] [FluorateGL] glTexParameteri(target=0x0DE1, pname=0x813C, param=0)
[DEBUG] [FluorateGL] glTexParameteri(target=0x0DE1, pname=0x813D, param=0)
[DEBUG] [FluorateGL] glBindVertexBuffer(binding=0, buf=37, offset=0, stride=24) desktop 37 -> GLES 37 (tid=13770)
[DEBUG] [FluorateGL] glBindBuffer(0x8893): desktop 40 -> GLES 40 (tid=13770)
[DEBUG] [FluorateGL] glDrawElements(mode=0x0004, count=12, type=0x1403, indices=0x0) bound_vao=2 bound_buf=40 (tid=13770)
[DEBUG] [FluorateGL] glFramebufferTexture2D(target=0x8CA9, attachment=0x8CE0, textarget=0x0DE1, texture=8, level=0)
[DEBUG] [FluorateGL] glFramebufferTexture2D(target=0x8CA9, attachment=0x8D00, textarget=0x0DE1, texture=0, level=0)
[DEBUG] [FluorateGL] glBindBuffer(0x8A11): desktop 15 -> GLES 15 (tid=13770)
[DEBUG] [FluorateGL] glFramebufferTexture2D(target=0x8D40, attachment=0x8CE0, textarget=0x0DE1, texture=0, level=0)
[DEBUG] [FluorateGL] glFramebufferTexture2D(target=0x8D40, attachment=0x8D00, textarget=0x0DE1, texture=7, level=0)
[DEBUG] [FluorateGL] glFramebufferTexture2D(target=0x8D40, attachment=0x8D00, textarget=0x0DE1, texture=0, level=0)
[DEBUG] [FluorateGL] glFramebufferTexture2D(target=0x8D40, attachment=0x8CE0, textarget=0x0DE1, texture=8, level=0)
[DEBUG] [FluorateGL] glFramebufferTexture2D(target=0x8D40, attachment=0x8D00, textarget=0x0DE1, texture=0, level=0)
[DEBUG] [FluorateGL] glFramebufferTexture2D(target=0x8D40, attachment=0x8CE0, textarget=0x0DE1, texture=0, level=0)
[DEBUG] [FluorateGL] glBindBuffer(0x8892): desktop 35 -> GLES 35 (tid=13770)
[DEBUG] [FluorateGL] glBindBuffer(0x8892): desktop 38 -> GLES 38 (tid=13770)
[DEBUG] [FluorateGL] glBindBuffer(0x8A11): desktop 2 -> GLES 2 (tid=13770)
[DEBUG] [FluorateGL] glBindVertexBuffer(binding=0, buf=35, offset=0, stride=16) desktop 35 -> GLES 35 (tid=13770)
[DEBUG] [FluorateGL] glBindBuffer(0x8893): desktop 40 -> GLES 40 (tid=13770)
[DEBUG] [FluorateGL] glDrawElements(mode=0x0004, count=30, type=0x1403, indices=0x0) bound_vao=1 bound_buf=40 (tid=13770)
[DEBUG] [FluorateGL] glTexParameteri(target=0x0DE1, pname=0x813C, param=0)
[DEBUG] [FluorateGL] glTexParameteri(target=0x0DE1, pname=0x813D, param=0)
[DEBUG] [FluorateGL] glBindVertexBuffer(binding=0, buf=38, offset=0, stride=24) desktop 38 -> GLES 38 (tid=13770)
[DEBUG] [FluorateGL] glBindBuffer(0x8893): desktop 40 -> GLES 40 (tid=13770)
[DEBUG] [FluorateGL] glDrawElements(mode=0x0004, count=12, type=0x1403, indices=0x0) bound_vao=2 bound_buf=40 (tid=13770)
[DEBUG] [FluorateGL] glFramebufferTexture2D(target=0x8CA9, attachment=0x8CE0, textarget=0x0DE1, texture=8, level=0)
[DEBUG] [FluorateGL] glFramebufferTexture2D(target=0x8CA9, attachment=0x8D00, textarget=0x0DE1, texture=0, level=0)
[DEBUG] [FluorateGL] glBindBuffer(0x8A11): desktop 15 -> GLES 15 (tid=13770)
[DEBUG] [FluorateGL] glFramebufferTexture2D(target=0x8D40, attachment=0x8CE0, textarget=0x0DE1, texture=0, level=0)
[DEBUG] [FluorateGL] glFramebufferTexture2D(target=0x8D40, attachment=0x8D00, textarget=0x0DE1, texture=7, level=0)
[DEBUG] [FluorateGL] glFramebufferTexture2D(target=0x8D40, attachment=0x8D00, textarget=0x0DE1, texture=0, level=0)
[DEBUG] [FluorateGL] glFramebufferTexture2D(target=0x8D40, attachment=0x8CE0, textarget=0x0DE1, texture=8, level=0)
[DEBUG] [FluorateGL] glFramebufferTexture2D(target=0x8D40, attachment=0x8D00, textarget=0x0DE1, texture=0, level=0)
[DEBUG] [FluorateGL] glFramebufferTexture2D(target=0x8D40, attachment=0x8CE0, textarget=0x0DE1, texture=0, level=0)
[DEBUG] [FluorateGL] glBindBuffer(0x8892): desktop 36 -> GLES 36 (tid=13770)
[DEBUG] [FluorateGL] glBindBuffer(0x8892): desktop 39 -> GLES 39 (tid=13770)
[DEBUG] [FluorateGL] glBindBuffer(0x8A11): desktop 3 -> GLES 3 (tid=13770)
[DEBUG] [FluorateGL] glBindVertexBuffer(binding=0, buf=36, offset=0, stride=16) desktop 36 -> GLES 36 (tid=13770)
[DEBUG] [FluorateGL] glBindBuffer(0x8893): desktop 40 -> GLES 40 (tid=13770)
[DEBUG] [FluorateGL] glDrawElements(mode=0x0004, count=30, type=0x1403, indices=0x0) bound_vao=1 bound_buf=40 (tid=13770)
[DEBUG] [FluorateGL] glTexParameteri(target=0x0DE1, pname=0x813C, param=0)
[DEBUG] [FluorateGL] glTexParameteri(target=0x0DE1, pname=0x813D, param=0)
[DEBUG] [FluorateGL] glBindVertexBuffer(binding=0, buf=39, offset=0, stride=24) desktop 39 -> GLES 39 (tid=13770)
[DEBUG] [FluorateGL] glBindBuffer(0x8893): desktop 40 -> GLES 40 (tid=13770)
[DEBUG] [FluorateGL] glDrawElements(mode=0x0004, count=12, type=0x1403, indices=0x0) bound_vao=2 bound_buf=40 (tid=13770)
[DEBUG] [FluorateGL] glFramebufferTexture2D(target=0x8CA9, attachment=0x8CE0, textarget=0x0DE1, texture=8, level=0)
[DEBUG] [FluorateGL] glFramebufferTexture2D(target=0x8CA9, attachment=0x8D00, textarget=0x0DE1, texture=0, level=0)
[DEBUG] [FluorateGL] glBindBuffer(0x8A11): desktop 15 -> GLES 15 (tid=13770)
[DEBUG] [FluorateGL] glFramebufferTexture2D(target=0x8D40, attachment=0x8CE0, textarget=0x0DE1, texture=0, level=0)
[DEBUG] [FluorateGL] glFramebufferTexture2D(target=0x8D40, attachment=0x8D00, textarget=0x0DE1, texture=7, level=0)
[DEBUG] [FluorateGL] glFramebufferTexture2D(target=0x8D40, attachment=0x8D00, textarget=0x0DE1, texture=0, level=0)
[DEBUG] [FluorateGL] glFramebufferTexture2D(target=0x8D40, attachment=0x8CE0, textarget=0x0DE1, texture=8, level=0)
[DEBUG] [FluorateGL] glFramebufferTexture2D(target=0x8D40, attachment=0x8D00, textarget=0x0DE1, texture=0, level=0)
[DEBUG] [FluorateGL] glFramebufferTexture2D(target=0x8D40, attachment=0x8CE0, textarget=0x0DE1, texture=0, level=0)
[DEBUG] [FluorateGL] glBindBuffer(0x8892): desktop 34 -> GLES 34 (tid=13770)
[DEBUG] [FluorateGL] glBindBuffer(0x8892): desktop 37 -> GLES 37 (tid=13770)
[DEBUG] [FluorateGL] glBindBuffer(0x8A11): desktop 1 -> GLES 1 (tid=13770)
[DEBUG] [FluorateGL] glBindVertexBuffer(binding=0, buf=34, offset=0, stride=16) desktop 34 -> GLES 34 (tid=13770)
[DEBUG] [FluorateGL] glBindBuffer(0x8893): desktop 40 -> GLES 40 (tid=13770)
[DEBUG] [FluorateGL] glDrawElements(mode=0x0004, count=30, type=0x1403, indices=0x0) bound_vao=1 bound_buf=40 (tid=13770)
[DEBUG] [FluorateGL] glTexParameteri(target=0x0DE1, pname=0x813C, param=0)
[DEBUG] [FluorateGL] glTexParameteri(target=0x0DE1, pname=0x813D, param=0)
[DEBUG] [FluorateGL] glBindVertexBuffer(binding=0, buf=37, offset=0, stride=24) desktop 37 -> GLES 37 (tid=13770)
[DEBUG] [FluorateGL] glBindBuffer(0x8893): desktop 40 -> GLES 40 (tid=13770)
[DEBUG] [FluorateGL] glDrawElements(mode=0x0004, count=12, type=0x1403, indices=0x0) bound_vao=2 bound_buf=40 (tid=13770)
[DEBUG] [FluorateGL] glFramebufferTexture2D(target=0x8CA9, attachment=0x8CE0, textarget=0x0DE1, texture=8, level=0)
[DEBUG] [FluorateGL] glFramebufferTexture2D(target=0x8CA9, attachment=0x8D00, textarget=0x0DE1, texture=0, level=0)
[DEBUG] [FluorateGL] glBindBuffer(0x8A11): desktop 15 -> GLES 15 (tid=13770)
[DEBUG] [FluorateGL] glFramebufferTexture2D(target=0x8D40, attachment=0x8CE0, textarget=0x0DE1, texture=0, level=0)
[DEBUG] [FluorateGL] glFramebufferTexture2D(target=0x8D40, attachment=0x8D00, textarget=0x0DE1, texture=7, level=0)
[DEBUG] [FluorateGL] glFramebufferTexture2D(target=0x8D40, attachment=0x8D00, textarget=0x0DE1, texture=0, level=0)
[DEBUG] [FluorateGL] glFramebufferTexture2D(target=0x8D40, attachment=0x8CE0, textarget=0x0DE1, texture=8, level=0)
[DEBUG] [FluorateGL] glFramebufferTexture2D(target=0x8D40, attachment=0x8D00, textarget=0x0DE1, texture=0, level=0)
[DEBUG] [FluorateGL] glFramebufferTexture2D(target=0x8D40, attachment=0x8CE0, textarget=0x0DE1, texture=0, level=0)
[DEBUG] [FluorateGL] glBindBuffer(0x8892): desktop 35 -> GLES 35 (tid=13770)
[DEBUG] [FluorateGL] glBindBuffer(0x8892): desktop 38 -> GLES 38 (tid=13770)
[DEBUG] [FluorateGL] glBindBuffer(0x8A11): desktop 2 -> GLES 2 (tid=13770)
[DEBUG] [FluorateGL] glBindVertexBuffer(binding=0, buf=35, offset=0, stride=16) desktop 35 -> GLES 35 (tid=13770)
[DEBUG] [FluorateGL] glBindBuffer(0x8893): desktop 40 -> GLES 40 (tid=13770)
[DEBUG] [FluorateGL] glDrawElements(mode=0x0004, count=30, type=0x1403, indices=0x0) bound_vao=1 bound_buf=40 (tid=13770)
[DEBUG] [FluorateGL] glTexParameteri(target=0x0DE1, pname=0x813C, param=0)
[DEBUG] [FluorateGL] glTexParameteri(target=0x0DE1, pname=0x813D, param=0)
[DEBUG] [FluorateGL] glBindVertexBuffer(binding=0, buf=38, offset=0, stride=24) desktop 38 -> GLES 38 (tid=13770)
[DEBUG] [FluorateGL] glBindBuffer(0x8893): desktop 40 -> GLES 40 (tid=13770)
[DEBUG] [FluorateGL] glDrawElements(mode=0x0004, count=12, type=0x1403, indices=0x0) bound_vao=2 bound_buf=40 (tid=13770)
[DEBUG] [FluorateGL] glFramebufferTexture2D(target=0x8CA9, attachment=0x8CE0, textarget=0x0DE1, texture=8, level=0)
[DEBUG] [FluorateGL] glFramebufferTexture2D(target=0x8CA9, attachment=0x8D00, textarget=0x0DE1, texture=0, level=0)
[DEBUG] [FluorateGL] glBindBuffer(0x8A11): desktop 15 -> GLES 15 (tid=13770)
[DEBUG] [FluorateGL] glFramebufferTexture2D(target=0x8D40, attachment=0x8CE0, textarget=0x0DE1, texture=0, level=0)
[DEBUG] [FluorateGL] glFramebufferTexture2D(target=0x8D40, attachment=0x8D00, textarget=0x0DE1, texture=7, level=0)
[DEBUG] [FluorateGL] glFramebufferTexture2D(target=0x8D40, attachment=0x8D00, textarget=0x0DE1, texture=0, level=0)
[DEBUG] [FluorateGL] glFramebufferTexture2D(target=0x8D40, attachment=0x8CE0, textarget=0x0DE1, texture=8, level=0)
[DEBUG] [FluorateGL] glFramebufferTexture2D(target=0x8D40, attachment=0x8D00, textarget=0x0DE1, texture=0, level=0)
[DEBUG] [FluorateGL] glFramebufferTexture2D(target=0x8D40, attachment=0x8CE0, textarget=0x0DE1, texture=0, level=0)
[DEBUG] [FluorateGL] glBindBuffer(0x8892): desktop 36 -> GLES 36 (tid=13770)
[DEBUG] [FluorateGL] glBindBuffer(0x8892): desktop 39 -> GLES 39 (tid=13770)
[DEBUG] [FluorateGL] glBindBuffer(0x8A11): desktop 3 -> GLES 3 (tid=13770)
[DEBUG] [FluorateGL] glBindVertexBuffer(binding=0, buf=36, offset=0, stride=16) desktop 36 -> GLES 36 (tid=13770)
[DEBUG] [FluorateGL] glBindBuffer(0x8893): desktop 40 -> GLES 40 (tid=13770)
[DEBUG] [FluorateGL] glDrawElements(mode=0x0004, count=30, type=0x1403, indices=0x0) bound_vao=1 bound_buf=40 (tid=13770)
[DEBUG] [FluorateGL] glTexParameteri(target=0x0DE1, pname=0x813C, param=0)
[DEBUG] [FluorateGL] glTexParameteri(target=0x0DE1, pname=0x813D, param=0)
[DEBUG] [FluorateGL] glBindVertexBuffer(binding=0, buf=39, offset=0, stride=24) desktop 39 -> GLES 39 (tid=13770)
[DEBUG] [FluorateGL] glBindBuffer(0x8893): desktop 40 -> GLES 40 (tid=13770)
[DEBUG] [FluorateGL] glDrawElements(mode=0x0004, count=12, type=0x1403, indices=0x0) bound_vao=2 bound_buf=40 (tid=13770)
[DEBUG] [FluorateGL] glFramebufferTexture2D(target=0x8CA9, attachment=0x8CE0, textarget=0x0DE1, texture=8, level=0)
[DEBUG] [FluorateGL] glFramebufferTexture2D(target=0x8CA9, attachment=0x8D00, textarget=0x0DE1, texture=0, level=0)
[DEBUG] [FluorateGL] glBindBuffer(0x8A11): desktop 15 -> GLES 15 (tid=13770)
[DEBUG] [FluorateGL] glFramebufferTexture2D(target=0x8D40, attachment=0x8CE0, textarget=0x0DE1, texture=0, level=0)
[DEBUG] [FluorateGL] glFramebufferTexture2D(target=0x8D40, attachment=0x8D00, textarget=0x0DE1, texture=7, level=0)
[DEBUG] [FluorateGL] glFramebufferTexture2D(target=0x8D40, attachment=0x8D00, textarget=0x0DE1, texture=0, level=0)
[DEBUG] [FluorateGL] glFramebufferTexture2D(target=0x8D40, attachment=0x8CE0, textarget=0x0DE1, texture=8, level=0)
[DEBUG] [FluorateGL] glFramebufferTexture2D(target=0x8D40, attachment=0x8D00, textarget=0x0DE1, texture=0, level=0)
[DEBUG] [FluorateGL] glFramebufferTexture2D(target=0x8D40, attachment=0x8CE0, textarget=0x0DE1, texture=0, level=0)
[DEBUG] [FluorateGL] glBindBuffer(0x8892): desktop 34 -> GLES 34 (tid=13770)
[DEBUG] [FluorateGL] glBindBuffer(0x8892): desktop 37 -> GLES 37 (tid=13770)
[DEBUG] [FluorateGL] glBindBuffer(0x8A11): desktop 1 -> GLES 1 (tid=13770)
[DEBUG] [FluorateGL] glBindVertexBuffer(binding=0, buf=34, offset=0, stride=16) desktop 34 -> GLES 34 (tid=13770)
[DEBUG] [FluorateGL] glBindBuffer(0x8893): desktop 40 -> GLES 40 (tid=13770)
[DEBUG] [FluorateGL] glDrawElements(mode=0x0004, count=30, type=0x1403, indices=0x0) bound_vao=1 bound_buf=40 (tid=13770)
[DEBUG] [FluorateGL] glTexParameteri(target=0x0DE1, pname=0x813C, param=0)
[DEBUG] [FluorateGL] glTexParameteri(target=0x0DE1, pname=0x813D, param=0)
[DEBUG] [FluorateGL] glBindVertexBuffer(binding=0, buf=37, offset=0, stride=24) desktop 37 -> GLES 37 (tid=13770)
[DEBUG] [FluorateGL] glBindBuffer(0x8893): desktop 40 -> GLES 40 (tid=13770)
[DEBUG] [FluorateGL] glDrawElements(mode=0x0004, count=12, type=0x1403, indices=0x0) bound_vao=2 bound_buf=40 (tid=13770)
[DEBUG] [FluorateGL] glFramebufferTexture2D(target=0x8CA9, attachment=0x8CE0, textarget=0x0DE1, texture=8, level=0)
[DEBUG] [FluorateGL] glFramebufferTexture2D(target=0x8CA9, attachment=0x8D00, textarget=0x0DE1, texture=0, level=0)
[DEBUG] [FluorateGL] glBindBuffer(0x8A11): desktop 15 -> GLES 15 (tid=13770)
[DEBUG] [FluorateGL] glFramebufferTexture2D(target=0x8D40, attachment=0x8CE0, textarget=0x0DE1, texture=0, level=0)
[DEBUG] [FluorateGL] glFramebufferTexture2D(target=0x8D40, attachment=0x8D00, textarget=0x0DE1, texture=7, level=0)
[DEBUG] [FluorateGL] glFramebufferTexture2D(target=0x8D40, attachment=0x8D00, textarget=0x0DE1, texture=0, level=0)
[DEBUG] [FluorateGL] glFramebufferTexture2D(target=0x8D40, attachment=0x8CE0, textarget=0x0DE1, texture=8, level=0)
[DEBUG] [FluorateGL] glFramebufferTexture2D(target=0x8D40, attachment=0x8D00, textarget=0x0DE1, texture=0, level=0)
[DEBUG] [FluorateGL] glFramebufferTexture2D(target=0x8D40, attachment=0x8CE0, textarget=0x0DE1, texture=0, level=0)
[DEBUG] [FluorateGL] glBindBuffer(0x8892): desktop 35 -> GLES 35 (tid=13770)
[DEBUG] [FluorateGL] glBindBuffer(0x8892): desktop 38 -> GLES 38 (tid=13770)
[DEBUG] [FluorateGL] glBindBuffer(0x8A11): desktop 2 -> GLES 2 (tid=13770)
[DEBUG] [FluorateGL] glBindVertexBuffer(binding=0, buf=35, offset=0, stride=16) desktop 35 -> GLES 35 (tid=13770)
[DEBUG] [FluorateGL] glBindBuffer(0x8893): desktop 40 -> GLES 40 (tid=13770)
[DEBUG] [FluorateGL] glDrawElements(mode=0x0004, count=30, type=0x1403, indices=0x0) bound_vao=1 bound_buf=40 (tid=13770)
[DEBUG] [FluorateGL] glTexParameteri(target=0x0DE1, pname=0x813C, param=0)
[DEBUG] [FluorateGL] glTexParameteri(target=0x0DE1, pname=0x813D, param=0)
[DEBUG] [FluorateGL] glBindVertexBuffer(binding=0, buf=38, offset=0, stride=24) desktop 38 -> GLES 38 (tid=13770)
[DEBUG] [FluorateGL] glBindBuffer(0x8893): desktop 40 -> GLES 40 (tid=13770)
[DEBUG] [FluorateGL] glDrawElements(mode=0x0004, count=12, type=0x1403, indices=0x0) bound_vao=2 bound_buf=40 (tid=13770)
[DEBUG] [FluorateGL] glFramebufferTexture2D(target=0x8CA9, attachment=0x8CE0, textarget=0x0DE1, texture=8, level=0)
[DEBUG] [FluorateGL] glFramebufferTexture2D(target=0x8CA9, attachment=0x8D00, textarget=0x0DE1, texture=0, level=0)
[DEBUG] [FluorateGL] glBindBuffer(0x8A11): desktop 15 -> GLES 15 (tid=13770)
[DEBUG] [FluorateGL] glFramebufferTexture2D(target=0x8D40, attachment=0x8CE0, textarget=0x0DE1, texture=0, level=0)
[DEBUG] [FluorateGL] glFramebufferTexture2D(target=0x8D40, attachment=0x8D00, textarget=0x0DE1, texture=7, level=0)
[DEBUG] [FluorateGL] glFramebufferTexture2D(target=0x8D40, attachment=0x8D00, textarget=0x0DE1, texture=0, level=0)
[DEBUG] [FluorateGL] glFramebufferTexture2D(target=0x8D40, attachment=0x8CE0, textarget=0x0DE1, texture=8, level=0)
[DEBUG] [FluorateGL] glFramebufferTexture2D(target=0x8D40, attachment=0x8D00, textarget=0x0DE1, texture=0, level=0)
[DEBUG] [FluorateGL] glFramebufferTexture2D(target=0x8D40, attachment=0x8CE0, textarget=0x0DE1, texture=0, level=0)
[DEBUG] [FluorateGL] glBindBuffer(0x8892): desktop 36 -> GLES 36 (tid=13770)
[DEBUG] [FluorateGL] glBindBuffer(0x8892): desktop 39 -> GLES 39 (tid=13770)
[DEBUG] [FluorateGL] glBindBuffer(0x8A11): desktop 3 -> GLES 3 (tid=13770)
[DEBUG] [FluorateGL] glBindVertexBuffer(binding=0, buf=36, offset=0, stride=16) desktop 36 -> GLES 36 (tid=13770)
[DEBUG] [FluorateGL] glBindBuffer(0x8893): desktop 40 -> GLES 40 (tid=13770)
[DEBUG] [FluorateGL] glDrawElements(mode=0x0004, count=30, type=0x1403, indices=0x0) bound_vao=1 bound_buf=40 (tid=13770)
[DEBUG] [FluorateGL] glTexParameteri(target=0x0DE1, pname=0x813C, param=0)
[DEBUG] [FluorateGL] glTexParameteri(target=0x0DE1, pname=0x813D, param=0)
[DEBUG] [FluorateGL] glBindVertexBuffer(binding=0, buf=39, offset=0, stride=24) desktop 39 -> GLES 39 (tid=13770)
[DEBUG] [FluorateGL] glBindBuffer(0x8893): desktop 40 -> GLES 40 (tid=13770)
[DEBUG] [FluorateGL] glDrawElements(mode=0x0004, count=12, type=0x1403, indices=0x0) bound_vao=2 bound_buf=40 (tid=13770)
[DEBUG] [FluorateGL] glFramebufferTexture2D(target=0x8CA9, attachment=0x8CE0, textarget=0x0DE1, texture=8, level=0)
[DEBUG] [FluorateGL] glFramebufferTexture2D(target=0x8CA9, attachment=0x8D00, textarget=0x0DE1, texture=0, level=0)
[DEBUG] [FluorateGL] glBindBuffer(0x8A11): desktop 15 -> GLES 15 (tid=13770)
[DEBUG] [FluorateGL] glFramebufferTexture2D(target=0x8D40, attachment=0x8CE0, textarget=0x0DE1, texture=0, level=0)
[DEBUG] [FluorateGL] glFramebufferTexture2D(target=0x8D40, attachment=0x8D00, textarget=0x0DE1, texture=7, level=0)
[DEBUG] [FluorateGL] glFramebufferTexture2D(target=0x8D40, attachment=0x8D00, textarget=0x0DE1, texture=0, level=0)
[DEBUG] [FluorateGL] glFramebufferTexture2D(target=0x8D40, attachment=0x8CE0, textarget=0x0DE1, texture=8, level=0)
[DEBUG] [FluorateGL] glFramebufferTexture2D(target=0x8D40, attachment=0x8D00, textarget=0x0DE1, texture=0, level=0)
[DEBUG] [FluorateGL] glFramebufferTexture2D(target=0x8D40, attachment=0x8CE0, textarget=0x0DE1, texture=0, level=0)
[DEBUG] [FluorateGL] glBindBuffer(0x8892): desktop 34 -> GLES 34 (tid=13770)
[DEBUG] [FluorateGL] glBindBuffer(0x8892): desktop 37 -> GLES 37 (tid=13770)
[DEBUG] [FluorateGL] glBindBuffer(0x8A11): desktop 1 -> GLES 1 (tid=13770)
[DEBUG] [FluorateGL] glBindVertexBuffer(binding=0, buf=34, offset=0, stride=16) desktop 34 -> GLES 34 (tid=13770)
[DEBUG] [FluorateGL] glBindBuffer(0x8893): desktop 40 -> GLES 40 (tid=13770)
[DEBUG] [FluorateGL] glDrawElements(mode=0x0004, count=30, type=0x1403, indices=0x0) bound_vao=1 bound_buf=40 (tid=13770)
[DEBUG] [FluorateGL] glTexParameteri(target=0x0DE1, pname=0x813C, param=0)
[DEBUG] [FluorateGL] glTexParameteri(target=0x0DE1, pname=0x813D, param=0)
[DEBUG] [FluorateGL] glBindVertexBuffer(binding=0, buf=37, offset=0, stride=24) desktop 37 -> GLES 37 (tid=13770)
[DEBUG] [FluorateGL] glBindBuffer(0x8893): desktop 40 -> GLES 40 (tid=13770)
[DEBUG] [FluorateGL] glDrawElements(mode=0x0004, count=12, type=0x1403, indices=0x0) bound_vao=2 bound_buf=40 (tid=13770)
[DEBUG] [FluorateGL] glFramebufferTexture2D(target=0x8CA9, attachment=0x8CE0, textarget=0x0DE1, texture=8, level=0)
[DEBUG] [FluorateGL] glFramebufferTexture2D(target=0x8CA9, attachment=0x8D00, textarget=0x0DE1, texture=0, level=0)
[DEBUG] [FluorateGL] glBindBuffer(0x8A11): desktop 15 -> GLES 15 (tid=13770)
[DEBUG] [FluorateGL] glFramebufferTexture2D(target=0x8D40, attachment=0x8CE0, textarget=0x0DE1, texture=0, level=0)
[DEBUG] [FluorateGL] glFramebufferTexture2D(target=0x8D40, attachment=0x8D00, textarget=0x0DE1, texture=7, level=0)
[DEBUG] [FluorateGL] glFramebufferTexture2D(target=0x8D40, attachment=0x8D00, textarget=0x0DE1, texture=0, level=0)
[DEBUG] [FluorateGL] glFramebufferTexture2D(target=0x8D40, attachment=0x8CE0, textarget=0x0DE1, texture=8, level=0)
[DEBUG] [FluorateGL] glFramebufferTexture2D(target=0x8D40, attachment=0x8D00, textarget=0x0DE1, texture=0, level=0)
[DEBUG] [FluorateGL] glFramebufferTexture2D(target=0x8D40, attachment=0x8CE0, textarget=0x0DE1, texture=0, level=0)
[DEBUG] [FluorateGL] glBindBuffer(0x8892): desktop 35 -> GLES 35 (tid=13770)
[DEBUG] [FluorateGL] glBindBuffer(0x8892): desktop 38 -> GLES 38 (tid=13770)
[DEBUG] [FluorateGL] glBindBuffer(0x8A11): desktop 2 -> GLES 2 (tid=13770)
[DEBUG] [FluorateGL] glBindVertexBuffer(binding=0, buf=35, offset=0, stride=16) desktop 35 -> GLES 35 (tid=13770)
[DEBUG] [FluorateGL] glBindBuffer(0x8893): desktop 40 -> GLES 40 (tid=13770)
[DEBUG] [FluorateGL] glDrawElements(mode=0x0004, count=30, type=0x1403, indices=0x0) bound_vao=1 bound_buf=40 (tid=13770)
[DEBUG] [FluorateGL] glTexParameteri(target=0x0DE1, pname=0x813C, param=0)
[DEBUG] [FluorateGL] glTexParameteri(target=0x0DE1, pname=0x813D, param=0)
[DEBUG] [FluorateGL] glBindVertexBuffer(binding=0, buf=38, offset=0, stride=24) desktop 38 -> GLES 38 (tid=13770)
[DEBUG] [FluorateGL] glBindBuffer(0x8893): desktop 40 -> GLES 40 (tid=13770)
[DEBUG] [FluorateGL] glDrawElements(mode=0x0004, count=12, type=0x1403, indices=0x0) bound_vao=2 bound_buf=40 (tid=13770)
[DEBUG] [FluorateGL] glFramebufferTexture2D(target=0x8CA9, attachment=0x8CE0, textarget=0x0DE1, texture=8, level=0)
[DEBUG] [FluorateGL] glFramebufferTexture2D(target=0x8CA9, attachment=0x8D00, textarget=0x0DE1, texture=0, level=0)
[DEBUG] [FluorateGL] glBindBuffer(0x8A11): desktop 15 -> GLES 15 (tid=13770)
[DEBUG] [FluorateGL] glFramebufferTexture2D(target=0x8D40, attachment=0x8CE0, textarget=0x0DE1, texture=0, level=0)
[DEBUG] [FluorateGL] glFramebufferTexture2D(target=0x8D40, attachment=0x8D00, textarget=0x0DE1, texture=7, level=0)
[DEBUG] [FluorateGL] glFramebufferTexture2D(target=0x8D40, attachment=0x8D00, textarget=0x0DE1, texture=0, level=0)
[DEBUG] [FluorateGL] glFramebufferTexture2D(target=0x8D40, attachment=0x8CE0, textarget=0x0DE1, texture=8, level=0)
[DEBUG] [FluorateGL] glFramebufferTexture2D(target=0x8D40, attachment=0x8D00, textarget=0x0DE1, texture=0, level=0)
[DEBUG] [FluorateGL] glFramebufferTexture2D(target=0x8D40, attachment=0x8CE0, textarget=0x0DE1, texture=0, level=0)
[DEBUG] [FluorateGL] glBindBuffer(0x8892): desktop 36 -> GLES 36 (tid=13770)
[DEBUG] [FluorateGL] glBindBuffer(0x8892): desktop 39 -> GLES 39 (tid=13770)
[DEBUG] [FluorateGL] glBindBuffer(0x8A11): desktop 3 -> GLES 3 (tid=13770)
[DEBUG] [FluorateGL] glBindVertexBuffer(binding=0, buf=36, offset=0, stride=16) desktop 36 -> GLES 36 (tid=13770)
[DEBUG] [FluorateGL] glBindBuffer(0x8893): desktop 40 -> GLES 40 (tid=13770)
[DEBUG] [FluorateGL] glDrawElements(mode=0x0004, count=30, type=0x1403, indices=0x0) bound_vao=1 bound_buf=40 (tid=13770)
[DEBUG] [FluorateGL] glTexParameteri(target=0x0DE1, pname=0x813C, param=0)
[DEBUG] [FluorateGL] glTexParameteri(target=0x0DE1, pname=0x813D, param=0)
[DEBUG] [FluorateGL] glBindVertexBuffer(binding=0, buf=39, offset=0, stride=24) desktop 39 -> GLES 39 (tid=13770)
[DEBUG] [FluorateGL] glBindBuffer(0x8893): desktop 40 -> GLES 40 (tid=13770)
[DEBUG] [FluorateGL] glDrawElements(mode=0x0004, count=12, type=0x1403, indices=0x0) bound_vao=2 bound_buf=40 (tid=13770)
[DEBUG] [FluorateGL] glFramebufferTexture2D(target=0x8CA9, attachment=0x8CE0, textarget=0x0DE1, texture=8, level=0)
[DEBUG] [FluorateGL] glFramebufferTexture2D(target=0x8CA9, attachment=0x8D00, textarget=0x0DE1, texture=0, level=0)
[DEBUG] [FluorateGL] glBindBuffer(0x8A11): desktop 15 -> GLES 15 (tid=13770)
[DEBUG] [FluorateGL] glFramebufferTexture2D(target=0x8D40, attachment=0x8CE0, textarget=0x0DE1, texture=0, level=0)
[DEBUG] [FluorateGL] glFramebufferTexture2D(target=0x8D40, attachment=0x8D00, textarget=0x0DE1, texture=7, level=0)
[DEBUG] [FluorateGL] glFramebufferTexture2D(target=0x8D40, attachment=0x8D00, textarget=0x0DE1, texture=0, level=0)
[DEBUG] [FluorateGL] glFramebufferTexture2D(target=0x8D40, attachment=0x8CE0, textarget=0x0DE1, texture=8, level=0)
[DEBUG] [FluorateGL] glFramebufferTexture2D(target=0x8D40, attachment=0x8D00, textarget=0x0DE1, texture=0, level=0)
[DEBUG] [FluorateGL] glFramebufferTexture2D(target=0x8D40, attachment=0x8CE0, textarget=0x0DE1, texture=0, level=0)
[DEBUG] [FluorateGL] glBindBuffer(0x8892): desktop 34 -> GLES 34 (tid=13770)
[DEBUG] [FluorateGL] glBindBuffer(0x8892): desktop 37 -> GLES 37 (tid=13770)
[DEBUG] [FluorateGL] glBindBuffer(0x8A11): desktop 1 -> GLES 1 (tid=13770)
[DEBUG] [FluorateGL] glBindVertexBuffer(binding=0, buf=34, offset=0, stride=16) desktop 34 -> GLES 34 (tid=13770)
[DEBUG] [FluorateGL] glBindBuffer(0x8893): desktop 40 -> GLES 40 (tid=13770)
[DEBUG] [FluorateGL] glDrawElements(mode=0x0004, count=30, type=0x1403, indices=0x0) bound_vao=1 bound_buf=40 (tid=13770)
[DEBUG] [FluorateGL] glTexParameteri(target=0x0DE1, pname=0x813C, param=0)
[DEBUG] [FluorateGL] glTexParameteri(target=0x0DE1, pname=0x813D, param=0)
[DEBUG] [FluorateGL] glBindVertexBuffer(binding=0, buf=37, offset=0, stride=24) desktop 37 -> GLES 37 (tid=13770)
[DEBUG] [FluorateGL] glBindBuffer(0x8893): desktop 40 -> GLES 40 (tid=13770)
[DEBUG] [FluorateGL] glDrawElements(mode=0x0004, count=12, type=0x1403, indices=0x0) bound_vao=2 bound_buf=40 (tid=13770)
[DEBUG] [FluorateGL] glFramebufferTexture2D(target=0x8CA9, attachment=0x8CE0, textarget=0x0DE1, texture=8, level=0)
[DEBUG] [FluorateGL] glFramebufferTexture2D(target=0x8CA9, attachment=0x8D00, textarget=0x0DE1, texture=0, level=0)
[DEBUG] [FluorateGL] glBindBuffer(0x8A11): desktop 15 -> GLES 15 (tid=13770)
[DEBUG] [FluorateGL] glFramebufferTexture2D(target=0x8D40, attachment=0x8CE0, textarget=0x0DE1, texture=0, level=0)
[DEBUG] [FluorateGL] glFramebufferTexture2D(target=0x8D40, attachment=0x8D00, textarget=0x0DE1, texture=7, level=0)
[DEBUG] [FluorateGL] glFramebufferTexture2D(target=0x8D40, attachment=0x8D00, textarget=0x0DE1, texture=0, level=0)
[DEBUG] [FluorateGL] glFramebufferTexture2D(target=0x8D40, attachment=0x8CE0, textarget=0x0DE1, texture=8, level=0)
[DEBUG] [FluorateGL] glFramebufferTexture2D(target=0x8D40, attachment=0x8D00, textarget=0x0DE1, texture=0, level=0)
[DEBUG] [FluorateGL] glFramebufferTexture2D(target=0x8D40, attachment=0x8CE0, textarget=0x0DE1, texture=0, level=0)
[DEBUG] [FluorateGL] glBindBuffer(0x8892): desktop 35 -> GLES 35 (tid=13770)
[DEBUG] [FluorateGL] glBindBuffer(0x8892): desktop 38 -> GLES 38 (tid=13770)
[DEBUG] [FluorateGL] glBindBuffer(0x8A11): desktop 2 -> GLES 2 (tid=13770)
[DEBUG] [FluorateGL] glBindVertexBuffer(binding=0, buf=35, offset=0, stride=16) desktop 35 -> GLES 35 (tid=13770)
[DEBUG] [FluorateGL] glBindBuffer(0x8893): desktop 40 -> GLES 40 (tid=13770)
[DEBUG] [FluorateGL] glDrawElements(mode=0x0004, count=30, type=0x1403, indices=0x0) bound_vao=1 bound_buf=40 (tid=13770)
[DEBUG] [FluorateGL] glTexParameteri(target=0x0DE1, pname=0x813C, param=0)
[DEBUG] [FluorateGL] glTexParameteri(target=0x0DE1, pname=0x813D, param=0)
[DEBUG] [FluorateGL] glBindVertexBuffer(binding=0, buf=38, offset=0, stride=24) desktop 38 -> GLES 38 (tid=13770)
[DEBUG] [FluorateGL] glBindBuffer(0x8893): desktop 40 -> GLES 40 (tid=13770)
[DEBUG] [FluorateGL] glDrawElements(mode=0x0004, count=12, type=0x1403, indices=0x0) bound_vao=2 bound_buf=40 (tid=13770)
[DEBUG] [FluorateGL] glFramebufferTexture2D(target=0x8CA9, attachment=0x8CE0, textarget=0x0DE1, texture=8, level=0)
[DEBUG] [FluorateGL] glFramebufferTexture2D(target=0x8CA9, attachment=0x8D00, textarget=0x0DE1, texture=0, level=0)
[DEBUG] [FluorateGL] glBindBuffer(0x8A11): desktop 15 -> GLES 15 (tid=13770)
[DEBUG] [FluorateGL] glFramebufferTexture2D(target=0x8D40, attachment=0x8CE0, textarget=0x0DE1, texture=0, level=0)
[DEBUG] [FluorateGL] glFramebufferTexture2D(target=0x8D40, attachment=0x8D00, textarget=0x0DE1, texture=7, level=0)
[DEBUG] [FluorateGL] glFramebufferTexture2D(target=0x8D40, attachment=0x8D00, textarget=0x0DE1, texture=0, level=0)
[DEBUG] [FluorateGL] glFramebufferTexture2D(target=0x8D40, attachment=0x8CE0, textarget=0x0DE1, texture=8, level=0)
[DEBUG] [FluorateGL] glFramebufferTexture2D(target=0x8D40, attachment=0x8D00, textarget=0x0DE1, texture=0, level=0)
[DEBUG] [FluorateGL] glFramebufferTexture2D(target=0x8D40, attachment=0x8CE0, textarget=0x0DE1, texture=0, level=0)
[DEBUG] [FluorateGL] glBindBuffer(0x8892): desktop 36 -> GLES 36 (tid=13770)
[DEBUG] [FluorateGL] glBindBuffer(0x8892): desktop 39 -> GLES 39 (tid=13770)
[DEBUG] [FluorateGL] glBindBuffer(0x8A11): desktop 3 -> GLES 3 (tid=13770)
[DEBUG] [FluorateGL] glBindVertexBuffer(binding=0, buf=36, offset=0, stride=16) desktop 36 -> GLES 36 (tid=13770)
[DEBUG] [FluorateGL] glBindBuffer(0x8893): desktop 40 -> GLES 40 (tid=13770)
[DEBUG] [FluorateGL] glDrawElements(mode=0x0004, count=30, type=0x1403, indices=0x0) bound_vao=1 bound_buf=40 (tid=13770)
[DEBUG] [FluorateGL] glTexParameteri(target=0x0DE1, pname=0x813C, param=0)
[DEBUG] [FluorateGL] glTexParameteri(target=0x0DE1, pname=0x813D, param=0)
[DEBUG] [FluorateGL] glBindVertexBuffer(binding=0, buf=39, offset=0, stride=24) desktop 39 -> GLES 39 (tid=13770)
[DEBUG] [FluorateGL] glBindBuffer(0x8893): desktop 40 -> GLES 40 (tid=13770)
[DEBUG] [FluorateGL] glDrawElements(mode=0x0004, count=12, type=0x1403, indices=0x0) bound_vao=2 bound_buf=40 (tid=13770)
[DEBUG] [FluorateGL] glFramebufferTexture2D(target=0x8CA9, attachment=0x8CE0, textarget=0x0DE1, texture=8, level=0)
[DEBUG] [FluorateGL] glFramebufferTexture2D(target=0x8CA9, attachment=0x8D00, textarget=0x0DE1, texture=0, level=0)
[DEBUG] [FluorateGL] glBindBuffer(0x8A11): desktop 15 -> GLES 15 (tid=13770)
[DEBUG] [FluorateGL] glFramebufferTexture2D(target=0x8D40, attachment=0x8CE0, textarget=0x0DE1, texture=0, level=0)
[DEBUG] [FluorateGL] glFramebufferTexture2D(target=0x8D40, attachment=0x8D00, textarget=0x0DE1, texture=7, level=0)
[DEBUG] [FluorateGL] glFramebufferTexture2D(target=0x8D40, attachment=0x8D00, textarget=0x0DE1, texture=0, level=0)
[DEBUG] [FluorateGL] glFramebufferTexture2D(target=0x8D40, attachment=0x8CE0, textarget=0x0DE1, texture=8, level=0)
[DEBUG] [FluorateGL] glFramebufferTexture2D(target=0x8D40, attachment=0x8D00, textarget=0x0DE1, texture=0, level=0)
[DEBUG] [FluorateGL] glFramebufferTexture2D(target=0x8D40, attachment=0x8CE0, textarget=0x0DE1, texture=0, level=0)
[DEBUG] [FluorateGL] glBindBuffer(0x8892): desktop 34 -> GLES 34 (tid=13770)
[DEBUG] [FluorateGL] glBindBuffer(0x8892): desktop 37 -> GLES 37 (tid=13770)
[DEBUG] [FluorateGL] glBindBuffer(0x8A11): desktop 1 -> GLES 1 (tid=13770)
[DEBUG] [FluorateGL] glBindVertexBuffer(binding=0, buf=34, offset=0, stride=16) desktop 34 -> GLES 34 (tid=13770)
[DEBUG] [FluorateGL] glBindBuffer(0x8893): desktop 40 -> GLES 40 (tid=13770)
[DEBUG] [FluorateGL] glDrawElements(mode=0x0004, count=30, type=0x1403, indices=0x0) bound_vao=1 bound_buf=40 (tid=13770)
[DEBUG] [FluorateGL] glTexParameteri(target=0x0DE1, pname=0x813C, param=0)
[DEBUG] [FluorateGL] glTexParameteri(target=0x0DE1, pname=0x813D, param=0)
[DEBUG] [FluorateGL] glBindVertexBuffer(binding=0, buf=37, offset=0, stride=24) desktop 37 -> GLES 37 (tid=13770)
[DEBUG] [FluorateGL] glBindBuffer(0x8893): desktop 40 -> GLES 40 (tid=13770)
[DEBUG] [FluorateGL] glDrawElements(mode=0x0004, count=12, type=0x1403, indices=0x0) bound_vao=2 bound_buf=40 (tid=13770)
[DEBUG] [FluorateGL] glFramebufferTexture2D(target=0x8CA9, attachment=0x8CE0, textarget=0x0DE1, texture=8, level=0)
[DEBUG] [FluorateGL] glFramebufferTexture2D(target=0x8CA9, attachment=0x8D00, textarget=0x0DE1, texture=0, level=0)
[DEBUG] [FluorateGL] glBindBuffer(0x8A11): desktop 15 -> GLES 15 (tid=13770)
[DEBUG] [FluorateGL] glFramebufferTexture2D(target=0x8D40, attachment=0x8CE0, textarget=0x0DE1, texture=0, level=0)
[DEBUG] [FluorateGL] glFramebufferTexture2D(target=0x8D40, attachment=0x8D00, textarget=0x0DE1, texture=7, level=0)
[DEBUG] [FluorateGL] glFramebufferTexture2D(target=0x8D40, attachment=0x8D00, textarget=0x0DE1, texture=0, level=0)
[DEBUG] [FluorateGL] glFramebufferTexture2D(target=0x8D40, attachment=0x8CE0, textarget=0x0DE1, texture=8, level=0)
[DEBUG] [FluorateGL] glFramebufferTexture2D(target=0x8D40, attachment=0x8D00, textarget=0x0DE1, texture=0, level=0)
[DEBUG] [FluorateGL] glFramebufferTexture2D(target=0x8D40, attachment=0x8CE0, textarget=0x0DE1, texture=0, level=0)
[DEBUG] [FluorateGL] glBindBuffer(0x8892): desktop 35 -> GLES 35 (tid=13770)
[DEBUG] [FluorateGL] glBindBuffer(0x8892): desktop 38 -> GLES 38 (tid=13770)
[DEBUG] [FluorateGL] glBindBuffer(0x8A11): desktop 2 -> GLES 2 (tid=13770)
[DEBUG] [FluorateGL] glBindVertexBuffer(binding=0, buf=35, offset=0, stride=16) desktop 35 -> GLES 35 (tid=13770)
[DEBUG] [FluorateGL] glBindBuffer(0x8893): desktop 40 -> GLES 40 (tid=13770)
[DEBUG] [FluorateGL] glDrawElements(mode=0x0004, count=30, type=0x1403, indices=0x0) bound_vao=1 bound_buf=40 (tid=13770)
[DEBUG] [FluorateGL] glTexParameteri(target=0x0DE1, pname=0x813C, param=0)
[DEBUG] [FluorateGL] glTexParameteri(target=0x0DE1, pname=0x813D, param=0)
[DEBUG] [FluorateGL] glBindVertexBuffer(binding=0, buf=38, offset=0, stride=24) desktop 38 -> GLES 38 (tid=13770)
[DEBUG] [FluorateGL] glBindBuffer(0x8893): desktop 40 -> GLES 40 (tid=13770)
[DEBUG] [FluorateGL] glDrawElements(mode=0x0004, count=12, type=0x1403, indices=0x0) bound_vao=2 bound_buf=40 (tid=13770)
[DEBUG] [FluorateGL] glFramebufferTexture2D(target=0x8CA9, attachment=0x8CE0, textarget=0x0DE1, texture=8, level=0)
[DEBUG] [FluorateGL] glFramebufferTexture2D(target=0x8CA9, attachment=0x8D00, textarget=0x0DE1, texture=0, level=0)
[DEBUG] [FluorateGL] glBindBuffer(0x8A11): desktop 15 -> GLES 15 (tid=13770)
[DEBUG] [FluorateGL] glFramebufferTexture2D(target=0x8D40, attachment=0x8CE0, textarget=0x0DE1, texture=0, level=0)
[DEBUG] [FluorateGL] glFramebufferTexture2D(target=0x8D40, attachment=0x8D00, textarget=0x0DE1, texture=7, level=0)
[DEBUG] [FluorateGL] glFramebufferTexture2D(target=0x8D40, attachment=0x8D00, textarget=0x0DE1, texture=0, level=0)
[DEBUG] [FluorateGL] glFramebufferTexture2D(target=0x8D40, attachment=0x8CE0, textarget=0x0DE1, texture=8, level=0)
[DEBUG] [FluorateGL] glFramebufferTexture2D(target=0x8D40, attachment=0x8D00, textarget=0x0DE1, texture=0, level=0)
[DEBUG] [FluorateGL] glFramebufferTexture2D(target=0x8D40, attachment=0x8CE0, textarget=0x0DE1, texture=0, level=0)
[DEBUG] [FluorateGL] glBindBuffer(0x8892): desktop 36 -> GLES 36 (tid=13770)
[DEBUG] [FluorateGL] glBindBuffer(0x8892): desktop 39 -> GLES 39 (tid=13770)
[DEBUG] [FluorateGL] glBindBuffer(0x8A11): desktop 3 -> GLES 3 (tid=13770)
[DEBUG] [FluorateGL] glBindVertexBuffer(binding=0, buf=36, offset=0, stride=16) desktop 36 -> GLES 36 (tid=13770)
[DEBUG] [FluorateGL] glBindBuffer(0x8893): desktop 40 -> GLES 40 (tid=13770)
[DEBUG] [FluorateGL] glDrawElements(mode=0x0004, count=30, type=0x1403, indices=0x0) bound_vao=1 bound_buf=40 (tid=13770)
[DEBUG] [FluorateGL] glTexParameteri(target=0x0DE1, pname=0x813C, param=0)
[DEBUG] [FluorateGL] glTexParameteri(target=0x0DE1, pname=0x813D, param=0)
[DEBUG] [FluorateGL] glBindVertexBuffer(binding=0, buf=39, offset=0, stride=24) desktop 39 -> GLES 39 (tid=13770)
[DEBUG] [FluorateGL] glBindBuffer(0x8893): desktop 40 -> GLES 40 (tid=13770)
[DEBUG] [FluorateGL] glDrawElements(mode=0x0004, count=12, type=0x1403, indices=0x0) bound_vao=2 bound_buf=40 (tid=13770)
[DEBUG] [FluorateGL] glFramebufferTexture2D(target=0x8CA9, attachment=0x8CE0, textarget=0x0DE1, texture=8, level=0)
[DEBUG] [FluorateGL] glFramebufferTexture2D(target=0x8CA9, attachment=0x8D00, textarget=0x0DE1, texture=0, level=0)
[DEBUG] [FluorateGL] glBindBuffer(0x8A11): desktop 15 -> GLES 15 (tid=13770)
[DEBUG] [FluorateGL] glFramebufferTexture2D(target=0x8D40, attachment=0x8CE0, textarget=0x0DE1, texture=0, level=0)
[DEBUG] [FluorateGL] glFramebufferTexture2D(target=0x8D40, attachment=0x8D00, textarget=0x0DE1, texture=7, level=0)
[DEBUG] [FluorateGL] glFramebufferTexture2D(target=0x8D40, attachment=0x8D00, textarget=0x0DE1, texture=0, level=0)
[DEBUG] [FluorateGL] glFramebufferTexture2D(target=0x8D40, attachment=0x8CE0, textarget=0x0DE1, texture=8, level=0)
[DEBUG] [FluorateGL] glFramebufferTexture2D(target=0x8D40, attachment=0x8D00, textarget=0x0DE1, texture=0, level=0)
[DEBUG] [FluorateGL] glFramebufferTexture2D(target=0x8D40, attachment=0x8CE0, textarget=0x0DE1, texture=0, level=0)
[DEBUG] [FluorateGL] glBindBuffer(0x8892): desktop 34 -> GLES 34 (tid=13770)
[DEBUG] [FluorateGL] glBindBuffer(0x8892): desktop 37 -> GLES 37 (tid=13770)
[DEBUG] [FluorateGL] glBindBuffer(0x8A11): desktop 1 -> GLES 1 (tid=13770)
[DEBUG] [FluorateGL] glBindVertexBuffer(binding=0, buf=34, offset=0, stride=16) desktop 34 -> GLES 34 (tid=13770)
[DEBUG] [FluorateGL] glBindBuffer(0x8893): desktop 40 -> GLES 40 (tid=13770)
[DEBUG] [FluorateGL] glDrawElements(mode=0x0004, count=30, type=0x1403, indices=0x0) bound_vao=1 bound_buf=40 (tid=13770)
[DEBUG] [FluorateGL] glTexParameteri(target=0x0DE1, pname=0x813C, param=0)
[DEBUG] [FluorateGL] glTexParameteri(target=0x0DE1, pname=0x813D, param=0)
[DEBUG] [FluorateGL] glBindVertexBuffer(binding=0, buf=37, offset=0, stride=24) desktop 37 -> GLES 37 (tid=13770)
[DEBUG] [FluorateGL] glBindBuffer(0x8893): desktop 40 -> GLES 40 (tid=13770)
[DEBUG] [FluorateGL] glDrawElements(mode=0x0004, count=12, type=0x1403, indices=0x0) bound_vao=2 bound_buf=40 (tid=13770)
[DEBUG] [FluorateGL] glFramebufferTexture2D(target=0x8CA9, attachment=0x8CE0, textarget=0x0DE1, texture=8, level=0)
[DEBUG] [FluorateGL] glFramebufferTexture2D(target=0x8CA9, attachment=0x8D00, textarget=0x0DE1, texture=0, level=0)
[DEBUG] [FluorateGL] glBindBuffer(0x8A11): desktop 15 -> GLES 15 (tid=13770)
[DEBUG] [FluorateGL] glFramebufferTexture2D(target=0x8D40, attachment=0x8CE0, textarget=0x0DE1, texture=0, level=0)
[DEBUG] [FluorateGL] glFramebufferTexture2D(target=0x8D40, attachment=0x8D00, textarget=0x0DE1, texture=7, level=0)
[DEBUG] [FluorateGL] glFramebufferTexture2D(target=0x8D40, attachment=0x8D00, textarget=0x0DE1, texture=0, level=0)
[DEBUG] [FluorateGL] glFramebufferTexture2D(target=0x8D40, attachment=0x8CE0, textarget=0x0DE1, texture=8, level=0)
[DEBUG] [FluorateGL] glFramebufferTexture2D(target=0x8D40, attachment=0x8D00, textarget=0x0DE1, texture=0, level=0)
[DEBUG] [FluorateGL] glFramebufferTexture2D(target=0x8D40, attachment=0x8CE0, textarget=0x0DE1, texture=0, level=0)
[DEBUG] [FluorateGL] glBindBuffer(0x8892): desktop 35 -> GLES 35 (tid=13770)
[DEBUG] [FluorateGL] glBindBuffer(0x8892): desktop 38 -> GLES 38 (tid=13770)
[DEBUG] [FluorateGL] glBindBuffer(0x8A11): desktop 2 -> GLES 2 (tid=13770)
[DEBUG] [FluorateGL] glBindVertexBuffer(binding=0, buf=35, offset=0, stride=16) desktop 35 -> GLES 35 (tid=13770)
[DEBUG] [FluorateGL] glBindBuffer(0x8893): desktop 40 -> GLES 40 (tid=13770)
[DEBUG] [FluorateGL] glDrawElements(mode=0x0004, count=30, type=0x1403, indices=0x0) bound_vao=1 bound_buf=40 (tid=13770)
[DEBUG] [FluorateGL] glTexParameteri(target=0x0DE1, pname=0x813C, param=0)
[DEBUG] [FluorateGL] glTexParameteri(target=0x0DE1, pname=0x813D, param=0)
[DEBUG] [FluorateGL] glBindVertexBuffer(binding=0, buf=38, offset=0, stride=24) desktop 38 -> GLES 38 (tid=13770)
[DEBUG] [FluorateGL] glBindBuffer(0x8893): desktop 40 -> GLES 40 (tid=13770)
[DEBUG] [FluorateGL] glDrawElements(mode=0x0004, count=12, type=0x1403, indices=0x0) bound_vao=2 bound_buf=40 (tid=13770)
[DEBUG] [FluorateGL] glFramebufferTexture2D(target=0x8CA9, attachment=0x8CE0, textarget=0x0DE1, texture=8, level=0)
[DEBUG] [FluorateGL] glFramebufferTexture2D(target=0x8CA9, attachment=0x8D00, textarget=0x0DE1, texture=0, level=0)
[DEBUG] [FluorateGL] glBindBuffer(0x8A11): desktop 15 -> GLES 15 (tid=13770)
[DEBUG] [FluorateGL] glFramebufferTexture2D(target=0x8D40, attachment=0x8CE0, textarget=0x0DE1, texture=0, level=0)
[DEBUG] [FluorateGL] glFramebufferTexture2D(target=0x8D40, attachment=0x8D00, textarget=0x0DE1, texture=7, level=0)
[DEBUG] [FluorateGL] glFramebufferTexture2D(target=0x8D40, attachment=0x8D00, textarget=0x0DE1, texture=0, level=0)
[DEBUG] [FluorateGL] glFramebufferTexture2D(target=0x8D40, attachment=0x8CE0, textarget=0x0DE1, texture=8, level=0)
[DEBUG] [FluorateGL] glFramebufferTexture2D(target=0x8D40, attachment=0x8D00, textarget=0x0DE1, texture=0, level=0)
[DEBUG] [FluorateGL] glFramebufferTexture2D(target=0x8D40, attachment=0x8CE0, textarget=0x0DE1, texture=0, level=0)
[DEBUG] [FluorateGL] glBindBuffer(0x8892): desktop 36 -> GLES 36 (tid=13770)
[DEBUG] [FluorateGL] glBindBuffer(0x8892): desktop 39 -> GLES 39 (tid=13770)
[DEBUG] [FluorateGL] glBindBuffer(0x8A11): desktop 3 -> GLES 3 (tid=13770)
[DEBUG] [FluorateGL] glBindVertexBuffer(binding=0, buf=36, offset=0, stride=16) desktop 36 -> GLES 36 (tid=13770)
[DEBUG] [FluorateGL] glBindBuffer(0x8893): desktop 40 -> GLES 40 (tid=13770)
[DEBUG] [FluorateGL] glDrawElements(mode=0x0004, count=30, type=0x1403, indices=0x0) bound_vao=1 bound_buf=40 (tid=13770)
[DEBUG] [FluorateGL] glTexParameteri(target=0x0DE1, pname=0x813C, param=0)
[DEBUG] [FluorateGL] glTexParameteri(target=0x0DE1, pname=0x813D, param=0)
[DEBUG] [FluorateGL] glBindVertexBuffer(binding=0, buf=39, offset=0, stride=24) desktop 39 -> GLES 39 (tid=13770)
[DEBUG] [FluorateGL] glBindBuffer(0x8893): desktop 40 -> GLES 40 (tid=13770)
[DEBUG] [FluorateGL] glDrawElements(mode=0x0004, count=12, type=0x1403, indices=0x0) bound_vao=2 bound_buf=40 (tid=13770)
[DEBUG] [FluorateGL] glFramebufferTexture2D(target=0x8CA9, attachment=0x8CE0, textarget=0x0DE1, texture=8, level=0)
[DEBUG] [FluorateGL] glFramebufferTexture2D(target=0x8CA9, attachment=0x8D00, textarget=0x0DE1, texture=0, level=0)
[DEBUG] [FluorateGL] glBindBuffer(0x8A11): desktop 15 -> GLES 15 (tid=13770)
[DEBUG] [FluorateGL] glFramebufferTexture2D(target=0x8D40, attachment=0x8CE0, textarget=0x0DE1, texture=0, level=0)
[DEBUG] [FluorateGL] glFramebufferTexture2D(target=0x8D40, attachment=0x8D00, textarget=0x0DE1, texture=7, level=0)
[DEBUG] [FluorateGL] glFramebufferTexture2D(target=0x8D40, attachment=0x8D00, textarget=0x0DE1, texture=0, level=0)
[DEBUG] [FluorateGL] glFramebufferTexture2D(target=0x8D40, attachment=0x8CE0, textarget=0x0DE1, texture=8, level=0)
[DEBUG] [FluorateGL] glFramebufferTexture2D(target=0x8D40, attachment=0x8D00, textarget=0x0DE1, texture=0, level=0)
[DEBUG] [FluorateGL] glFramebufferTexture2D(target=0x8D40, attachment=0x8CE0, textarget=0x0DE1, texture=0, level=0)
[DEBUG] [FluorateGL] glBindBuffer(0x8892): desktop 34 -> GLES 34 (tid=13770)
[DEBUG] [FluorateGL] glBindBuffer(0x8892): desktop 37 -> GLES 37 (tid=13770)
[DEBUG] [FluorateGL] glBindBuffer(0x8A11): desktop 1 -> GLES 1 (tid=13770)
[DEBUG] [FluorateGL] glBindVertexBuffer(binding=0, buf=34, offset=0, stride=16) desktop 34 -> GLES 34 (tid=13770)
[DEBUG] [FluorateGL] glBindBuffer(0x8893): desktop 40 -> GLES 40 (tid=13770)
[DEBUG] [FluorateGL] glDrawElements(mode=0x0004, count=30, type=0x1403, indices=0x0) bound_vao=1 bound_buf=40 (tid=13770)
[DEBUG] [FluorateGL] glTexParameteri(target=0x0DE1, pname=0x813C, param=0)
[DEBUG] [FluorateGL] glTexParameteri(target=0x0DE1, pname=0x813D, param=0)
[DEBUG] [FluorateGL] glBindVertexBuffer(binding=0, buf=37, offset=0, stride=24) desktop 37 -> GLES 37 (tid=13770)
[DEBUG] [FluorateGL] glBindBuffer(0x8893): desktop 40 -> GLES 40 (tid=13770)
[DEBUG] [FluorateGL] glDrawElements(mode=0x0004, count=12, type=0x1403, indices=0x0) bound_vao=2 bound_buf=40 (tid=13770)
[DEBUG] [FluorateGL] glFramebufferTexture2D(target=0x8CA9, attachment=0x8CE0, textarget=0x0DE1, texture=8, level=0)
[DEBUG] [FluorateGL] glFramebufferTexture2D(target=0x8CA9, attachment=0x8D00, textarget=0x0DE1, texture=0, level=0)
[DEBUG] [FluorateGL] glBindBuffer(0x8A11): desktop 15 -> GLES 15 (tid=13770)
[DEBUG] [FluorateGL] glFramebufferTexture2D(target=0x8D40, attachment=0x8CE0, textarget=0x0DE1, texture=0, level=0)
[DEBUG] [FluorateGL] glFramebufferTexture2D(target=0x8D40, attachment=0x8D00, textarget=0x0DE1, texture=7, level=0)
[DEBUG] [FluorateGL] glFramebufferTexture2D(target=0x8D40, attachment=0x8D00, textarget=0x0DE1, texture=0, level=0)
[DEBUG] [FluorateGL] glFramebufferTexture2D(target=0x8D40, attachment=0x8CE0, textarget=0x0DE1, texture=8, level=0)
[DEBUG] [FluorateGL] glFramebufferTexture2D(target=0x8D40, attachment=0x8D00, textarget=0x0DE1, texture=0, level=0)
[DEBUG] [FluorateGL] glFramebufferTexture2D(target=0x8D40, attachment=0x8CE0, textarget=0x0DE1, texture=0, level=0)
[DEBUG] [FluorateGL] glBindBuffer(0x8892): desktop 35 -> GLES 35 (tid=13770)
[DEBUG] [FluorateGL] glBindBuffer(0x8892): desktop 38 -> GLES 38 (tid=13770)
[DEBUG] [FluorateGL] glBindBuffer(0x8A11): desktop 2 -> GLES 2 (tid=13770)
[DEBUG] [FluorateGL] glBindVertexBuffer(binding=0, buf=35, offset=0, stride=16) desktop 35 -> GLES 35 (tid=13770)
[DEBUG] [FluorateGL] glBindBuffer(0x8893): desktop 40 -> GLES 40 (tid=13770)
[DEBUG] [FluorateGL] glDrawElements(mode=0x0004, count=30, type=0x1403, indices=0x0) bound_vao=1 bound_buf=40 (tid=13770)
[DEBUG] [FluorateGL] glTexParameteri(target=0x0DE1, pname=0x813C, param=0)
[DEBUG] [FluorateGL] glTexParameteri(target=0x0DE1, pname=0x813D, param=0)
[DEBUG] [FluorateGL] glBindVertexBuffer(binding=0, buf=38, offset=0, stride=24) desktop 38 -> GLES 38 (tid=13770)
[DEBUG] [FluorateGL] glBindBuffer(0x8893): desktop 40 -> GLES 40 (tid=13770)
[DEBUG] [FluorateGL] glDrawElements(mode=0x0004, count=12, type=0x1403, indices=0x0) bound_vao=2 bound_buf=40 (tid=13770)
[DEBUG] [FluorateGL] glFramebufferTexture2D(target=0x8CA9, attachment=0x8CE0, textarget=0x0DE1, texture=8, level=0)
[DEBUG] [FluorateGL] glFramebufferTexture2D(target=0x8CA9, attachment=0x8D00, textarget=0x0DE1, texture=0, level=0)
[DEBUG] [FluorateGL] glBindBuffer(0x8A11): desktop 15 -> GLES 15 (tid=13770)
[DEBUG] [FluorateGL] glFramebufferTexture2D(target=0x8D40, attachment=0x8CE0, textarget=0x0DE1, texture=0, level=0)
[DEBUG] [FluorateGL] glFramebufferTexture2D(target=0x8D40, attachment=0x8D00, textarget=0x0DE1, texture=7, level=0)
[DEBUG] [FluorateGL] glFramebufferTexture2D(target=0x8D40, attachment=0x8D00, textarget=0x0DE1, texture=0, level=0)
[DEBUG] [FluorateGL] glFramebufferTexture2D(target=0x8D40, attachment=0x8CE0, textarget=0x0DE1, texture=8, level=0)
[DEBUG] [FluorateGL] glFramebufferTexture2D(target=0x8D40, attachment=0x8D00, textarget=0x0DE1, texture=0, level=0)
[DEBUG] [FluorateGL] glFramebufferTexture2D(target=0x8D40, attachment=0x8CE0, textarget=0x0DE1, texture=0, level=0)
[DEBUG] [FluorateGL] glBindBuffer(0x8892): desktop 36 -> GLES 36 (tid=13770)
[DEBUG] [FluorateGL] glBindBuffer(0x8892): desktop 39 -> GLES 39 (tid=13770)
[DEBUG] [FluorateGL] glBindBuffer(0x8A11): desktop 3 -> GLES 3 (tid=13770)
[DEBUG] [FluorateGL] glBindVertexBuffer(binding=0, buf=36, offset=0, stride=16) desktop 36 -> GLES 36 (tid=13770)
[DEBUG] [FluorateGL] glBindBuffer(0x8893): desktop 40 -> GLES 40 (tid=13770)
[DEBUG] [FluorateGL] glDrawElements(mode=0x0004, count=30, type=0x1403, indices=0x0) bound_vao=1 bound_buf=40 (tid=13770)
[DEBUG] [FluorateGL] glTexParameteri(target=0x0DE1, pname=0x813C, param=0)
[DEBUG] [FluorateGL] glTexParameteri(target=0x0DE1, pname=0x813D, param=0)
[DEBUG] [FluorateGL] glBindVertexBuffer(binding=0, buf=39, offset=0, stride=24) desktop 39 -> GLES 39 (tid=13770)
[DEBUG] [FluorateGL] glBindBuffer(0x8893): desktop 40 -> GLES 40 (tid=13770)
[DEBUG] [FluorateGL] glDrawElements(mode=0x0004, count=12, type=0x1403, indices=0x0) bound_vao=2 bound_buf=40 (tid=13770)
[DEBUG] [FluorateGL] glFramebufferTexture2D(target=0x8CA9, attachment=0x8CE0, textarget=0x0DE1, texture=8, level=0)
[DEBUG] [FluorateGL] glFramebufferTexture2D(target=0x8CA9, attachment=0x8D00, textarget=0x0DE1, texture=0, level=0)
[DEBUG] [FluorateGL] glBindBuffer(0x8A11): desktop 15 -> GLES 15 (tid=13770)
[DEBUG] [FluorateGL] glFramebufferTexture2D(target=0x8D40, attachment=0x8CE0, textarget=0x0DE1, texture=0, level=0)
[DEBUG] [FluorateGL] glFramebufferTexture2D(target=0x8D40, attachment=0x8D00, textarget=0x0DE1, texture=7, level=0)
[DEBUG] [FluorateGL] glFramebufferTexture2D(target=0x8D40, attachment=0x8D00, textarget=0x0DE1, texture=0, level=0)
[DEBUG] [FluorateGL] glFramebufferTexture2D(target=0x8D40, attachment=0x8CE0, textarget=0x0DE1, texture=8, level=0)
[DEBUG] [FluorateGL] glFramebufferTexture2D(target=0x8D40, attachment=0x8D00, textarget=0x0DE1, texture=0, level=0)
[DEBUG] [FluorateGL] glFramebufferTexture2D(target=0x8D40, attachment=0x8CE0, textarget=0x0DE1, texture=0, level=0)
[DEBUG] [FluorateGL] glBindBuffer(0x8892): desktop 34 -> GLES 34 (tid=13770)
[DEBUG] [FluorateGL] glBindBuffer(0x8892): desktop 37 -> GLES 37 (tid=13770)
[DEBUG] [FluorateGL] glBindBuffer(0x8A11): desktop 1 -> GLES 1 (tid=13770)
[DEBUG] [FluorateGL] glBindVertexBuffer(binding=0, buf=34, offset=0, stride=16) desktop 34 -> GLES 34 (tid=13770)
[DEBUG] [FluorateGL] glBindBuffer(0x8893): desktop 40 -> GLES 40 (tid=13770)
[DEBUG] [FluorateGL] glDrawElements(mode=0x0004, count=30, type=0x1403, indices=0x0) bound_vao=1 bound_buf=40 (tid=13770)
[DEBUG] [FluorateGL] glTexParameteri(target=0x0DE1, pname=0x813C, param=0)
[DEBUG] [FluorateGL] glTexParameteri(target=0x0DE1, pname=0x813D, param=0)
[DEBUG] [FluorateGL] glBindVertexBuffer(binding=0, buf=37, offset=0, stride=24) desktop 37 -> GLES 37 (tid=13770)
[DEBUG] [FluorateGL] glBindBuffer(0x8893): desktop 40 -> GLES 40 (tid=13770)
[DEBUG] [FluorateGL] glDrawElements(mode=0x0004, count=12, type=0x1403, indices=0x0) bound_vao=2 bound_buf=40 (tid=13770)
[DEBUG] [FluorateGL] glFramebufferTexture2D(target=0x8CA9, attachment=0x8CE0, textarget=0x0DE1, texture=8, level=0)
[DEBUG] [FluorateGL] glFramebufferTexture2D(target=0x8CA9, attachment=0x8D00, textarget=0x0DE1, texture=0, level=0)
[DEBUG] [FluorateGL] glBindBuffer(0x8A11): desktop 15 -> GLES 15 (tid=13770)
[DEBUG] [FluorateGL] glFramebufferTexture2D(target=0x8D40, attachment=0x8CE0, textarget=0x0DE1, texture=0, level=0)
[DEBUG] [FluorateGL] glFramebufferTexture2D(target=0x8D40, attachment=0x8D00, textarget=0x0DE1, texture=7, level=0)
[DEBUG] [FluorateGL] glFramebufferTexture2D(target=0x8D40, attachment=0x8D00, textarget=0x0DE1, texture=0, level=0)
[DEBUG] [FluorateGL] glFramebufferTexture2D(target=0x8D40, attachment=0x8CE0, textarget=0x0DE1, texture=8, level=0)
[DEBUG] [FluorateGL] glFramebufferTexture2D(target=0x8D40, attachment=0x8D00, textarget=0x0DE1, texture=0, level=0)
[DEBUG] [FluorateGL] glFramebufferTexture2D(target=0x8D40, attachment=0x8CE0, textarget=0x0DE1, texture=0, level=0)
[DEBUG] [FluorateGL] glBindBuffer(0x8892): desktop 35 -> GLES 35 (tid=13770)
[DEBUG] [FluorateGL] glBindBuffer(0x8892): desktop 38 -> GLES 38 (tid=13770)
[DEBUG] [FluorateGL] glBindBuffer(0x8A11): desktop 2 -> GLES 2 (tid=13770)
[DEBUG] [FluorateGL] glBindVertexBuffer(binding=0, buf=35, offset=0, stride=16) desktop 35 -> GLES 35 (tid=13770)
[DEBUG] [FluorateGL] glBindBuffer(0x8893): desktop 40 -> GLES 40 (tid=13770)
[DEBUG] [FluorateGL] glDrawElements(mode=0x0004, count=30, type=0x1403, indices=0x0) bound_vao=1 bound_buf=40 (tid=13770)
[DEBUG] [FluorateGL] glTexParameteri(target=0x0DE1, pname=0x813C, param=0)
[DEBUG] [FluorateGL] glTexParameteri(target=0x0DE1, pname=0x813D, param=0)
[DEBUG] [FluorateGL] glBindVertexBuffer(binding=0, buf=38, offset=0, stride=24) desktop 38 -> GLES 38 (tid=13770)
[DEBUG] [FluorateGL] glBindBuffer(0x8893): desktop 40 -> GLES 40 (tid=13770)
[DEBUG] [FluorateGL] glDrawElements(mode=0x0004, count=12, type=0x1403, indices=0x0) bound_vao=2 bound_buf=40 (tid=13770)
[DEBUG] [FluorateGL] glFramebufferTexture2D(target=0x8CA9, attachment=0x8CE0, textarget=0x0DE1, texture=8, level=0)
[DEBUG] [FluorateGL] glFramebufferTexture2D(target=0x8CA9, attachment=0x8D00, textarget=0x0DE1, texture=0, level=0)
[DEBUG] [FluorateGL] glBindBuffer(0x8A11): desktop 15 -> GLES 15 (tid=13770)
[DEBUG] [FluorateGL] glFramebufferTexture2D(target=0x8D40, attachment=0x8CE0, textarget=0x0DE1, texture=0, level=0)
[DEBUG] [FluorateGL] glFramebufferTexture2D(target=0x8D40, attachment=0x8D00, textarget=0x0DE1, texture=7, level=0)
[DEBUG] [FluorateGL] glFramebufferTexture2D(target=0x8D40, attachment=0x8D00, textarget=0x0DE1, texture=0, level=0)
[DEBUG] [FluorateGL] glFramebufferTexture2D(target=0x8D40, attachment=0x8CE0, textarget=0x0DE1, texture=8, level=0)
[DEBUG] [FluorateGL] glFramebufferTexture2D(target=0x8D40, attachment=0x8D00, textarget=0x0DE1, texture=0, level=0)
[DEBUG] [FluorateGL] glFramebufferTexture2D(target=0x8D40, attachment=0x8CE0, textarget=0x0DE1, texture=0, level=0)
[DEBUG] [FluorateGL] glBindBuffer(0x8892): desktop 36 -> GLES 36 (tid=13770)
[DEBUG] [FluorateGL] glBindBuffer(0x8892): desktop 39 -> GLES 39 (tid=13770)
[DEBUG] [FluorateGL] glBindBuffer(0x8A11): desktop 3 -> GLES 3 (tid=13770)
[DEBUG] [FluorateGL] glBindVertexBuffer(binding=0, buf=36, offset=0, stride=16) desktop 36 -> GLES 36 (tid=13770)
[DEBUG] [FluorateGL] glBindBuffer(0x8893): desktop 40 -> GLES 40 (tid=13770)
[DEBUG] [FluorateGL] glDrawElements(mode=0x0004, count=30, type=0x1403, indices=0x0) bound_vao=1 bound_buf=40 (tid=13770)
[DEBUG] [FluorateGL] glTexParameteri(target=0x0DE1, pname=0x813C, param=0)
[DEBUG] [FluorateGL] glTexParameteri(target=0x0DE1, pname=0x813D, param=0)
[DEBUG] [FluorateGL] glBindVertexBuffer(binding=0, buf=39, offset=0, stride=24) desktop 39 -> GLES 39 (tid=13770)
[DEBUG] [FluorateGL] glBindBuffer(0x8893): desktop 40 -> GLES 40 (tid=13770)
[DEBUG] [FluorateGL] glDrawElements(mode=0x0004, count=12, type=0x1403, indices=0x0) bound_vao=2 bound_buf=40 (tid=13770)
[DEBUG] [FluorateGL] glFramebufferTexture2D(target=0x8CA9, attachment=0x8CE0, textarget=0x0DE1, texture=8, level=0)
[DEBUG] [FluorateGL] glFramebufferTexture2D(target=0x8CA9, attachment=0x8D00, textarget=0x0DE1, texture=0, level=0)
[DEBUG] [FluorateGL] glBindBuffer(0x8A11): desktop 15 -> GLES 15 (tid=13770)
[DEBUG] [FluorateGL] glFramebufferTexture2D(target=0x8D40, attachment=0x8CE0, textarget=0x0DE1, texture=0, level=0)
[DEBUG] [FluorateGL] glFramebufferTexture2D(target=0x8D40, attachment=0x8D00, textarget=0x0DE1, texture=7, level=0)
[DEBUG] [FluorateGL] glFramebufferTexture2D(target=0x8D40, attachment=0x8D00, textarget=0x0DE1, texture=0, level=0)
[DEBUG] [FluorateGL] glFramebufferTexture2D(target=0x8D40, attachment=0x8CE0, textarget=0x0DE1, texture=8, level=0)
[DEBUG] [FluorateGL] glFramebufferTexture2D(target=0x8D40, attachment=0x8D00, textarget=0x0DE1, texture=0, level=0)
[DEBUG] [FluorateGL] glFramebufferTexture2D(target=0x8D40, attachment=0x8CE0, textarget=0x0DE1, texture=0, level=0)
[DEBUG] [FluorateGL] glBindBuffer(0x8892): desktop 34 -> GLES 34 (tid=13770)
[DEBUG] [FluorateGL] glBindBuffer(0x8892): desktop 37 -> GLES 37 (tid=13770)
[DEBUG] [FluorateGL] glBindBuffer(0x8A11): desktop 1 -> GLES 1 (tid=13770)
[DEBUG] [FluorateGL] glBindVertexBuffer(binding=0, buf=34, offset=0, stride=16) desktop 34 -> GLES 34 (tid=13770)
[DEBUG] [FluorateGL] glBindBuffer(0x8893): desktop 40 -> GLES 40 (tid=13770)
[DEBUG] [FluorateGL] glDrawElements(mode=0x0004, count=30, type=0x1403, indices=0x0) bound_vao=1 bound_buf=40 (tid=13770)
[DEBUG] [FluorateGL] glTexParameteri(target=0x0DE1, pname=0x813C, param=0)
[DEBUG] [FluorateGL] glTexParameteri(target=0x0DE1, pname=0x813D, param=0)
[DEBUG] [FluorateGL] glBindVertexBuffer(binding=0, buf=37, offset=0, stride=24) desktop 37 -> GLES 37 (tid=13770)
[DEBUG] [FluorateGL] glBindBuffer(0x8893): desktop 40 -> GLES 40 (tid=13770)
[DEBUG] [FluorateGL] glDrawElements(mode=0x0004, count=12, type=0x1403, indices=0x0) bound_vao=2 bound_buf=40 (tid=13770)
[DEBUG] [FluorateGL] glFramebufferTexture2D(target=0x8CA9, attachment=0x8CE0, textarget=0x0DE1, texture=8, level=0)
[DEBUG] [FluorateGL] glFramebufferTexture2D(target=0x8CA9, attachment=0x8D00, textarget=0x0DE1, texture=0, level=0)
[DEBUG] [FluorateGL] glBindBuffer(0x8A11): desktop 15 -> GLES 15 (tid=13770)
[DEBUG] [FluorateGL] glFramebufferTexture2D(target=0x8D40, attachment=0x8CE0, textarget=0x0DE1, texture=0, level=0)
[DEBUG] [FluorateGL] glFramebufferTexture2D(target=0x8D40, attachment=0x8D00, textarget=0x0DE1, texture=7, level=0)
[DEBUG] [FluorateGL] glFramebufferTexture2D(target=0x8D40, attachment=0x8D00, textarget=0x0DE1, texture=0, level=0)
[DEBUG] [FluorateGL] glFramebufferTexture2D(target=0x8D40, attachment=0x8CE0, textarget=0x0DE1, texture=8, level=0)
[DEBUG] [FluorateGL] glFramebufferTexture2D(target=0x8D40, attachment=0x8D00, textarget=0x0DE1, texture=0, level=0)
[DEBUG] [FluorateGL] glFramebufferTexture2D(target=0x8D40, attachment=0x8CE0, textarget=0x0DE1, texture=0, level=0)
[DEBUG] [FluorateGL] glBindBuffer(0x8892): desktop 35 -> GLES 35 (tid=13770)
[DEBUG] [FluorateGL] glBindBuffer(0x8892): desktop 38 -> GLES 38 (tid=13770)
[DEBUG] [FluorateGL] glBindBuffer(0x8A11): desktop 2 -> GLES 2 (tid=13770)
[DEBUG] [FluorateGL] glBindVertexBuffer(binding=0, buf=35, offset=0, stride=16) desktop 35 -> GLES 35 (tid=13770)
[DEBUG] [FluorateGL] glBindBuffer(0x8893): desktop 40 -> GLES 40 (tid=13770)
[DEBUG] [FluorateGL] glDrawElements(mode=0x0004, count=30, type=0x1403, indices=0x0) bound_vao=1 bound_buf=40 (tid=13770)
[DEBUG] [FluorateGL] glTexParameteri(target=0x0DE1, pname=0x813C, param=0)
[DEBUG] [FluorateGL] glTexParameteri(target=0x0DE1, pname=0x813D, param=0)
[DEBUG] [FluorateGL] glBindVertexBuffer(binding=0, buf=38, offset=0, stride=24) desktop 38 -> GLES 38 (tid=13770)
[DEBUG] [FluorateGL] glBindBuffer(0x8893): desktop 40 -> GLES 40 (tid=13770)
[DEBUG] [FluorateGL] glDrawElements(mode=0x0004, count=12, type=0x1403, indices=0x0) bound_vao=2 bound_buf=40 (tid=13770)
[DEBUG] [FluorateGL] glFramebufferTexture2D(target=0x8CA9, attachment=0x8CE0, textarget=0x0DE1, texture=8, level=0)
[DEBUG] [FluorateGL] glFramebufferTexture2D(target=0x8CA9, attachment=0x8D00, textarget=0x0DE1, texture=0, level=0)
[DEBUG] [FluorateGL] glBindBuffer(0x8A11): desktop 15 -> GLES 15 (tid=13770)
[DEBUG] [FluorateGL] glFramebufferTexture2D(target=0x8D40, attachment=0x8CE0, textarget=0x0DE1, texture=0, level=0)
[DEBUG] [FluorateGL] glFramebufferTexture2D(target=0x8D40, attachment=0x8D00, textarget=0x0DE1, texture=7, level=0)
[DEBUG] [FluorateGL] glFramebufferTexture2D(target=0x8D40, attachment=0x8D00, textarget=0x0DE1, texture=0, level=0)
[DEBUG] [FluorateGL] glFramebufferTexture2D(target=0x8D40, attachment=0x8CE0, textarget=0x0DE1, texture=8, level=0)
[DEBUG] [FluorateGL] glFramebufferTexture2D(target=0x8D40, attachment=0x8D00, textarget=0x0DE1, texture=0, level=0)
[DEBUG] [FluorateGL] glFramebufferTexture2D(target=0x8D40, attachment=0x8CE0, textarget=0x0DE1, texture=0, level=0)
[DEBUG] [FluorateGL] glBindBuffer(0x8892): desktop 36 -> GLES 36 (tid=13770)
[DEBUG] [FluorateGL] glBindBuffer(0x8892): desktop 39 -> GLES 39 (tid=13770)
[DEBUG] [FluorateGL] glBindBuffer(0x8A11): desktop 3 -> GLES 3 (tid=13770)
[DEBUG] [FluorateGL] glBindVertexBuffer(binding=0, buf=36, offset=0, stride=16) desktop 36 -> GLES 36 (tid=13770)
[DEBUG] [FluorateGL] glBindBuffer(0x8893): desktop 40 -> GLES 40 (tid=13770)
[DEBUG] [FluorateGL] glDrawElements(mode=0x0004, count=30, type=0x1403, indices=0x0) bound_vao=1 bound_buf=40 (tid=13770)
[DEBUG] [FluorateGL] glTexParameteri(target=0x0DE1, pname=0x813C, param=0)
[DEBUG] [FluorateGL] glTexParameteri(target=0x0DE1, pname=0x813D, param=0)
[DEBUG] [FluorateGL] glBindVertexBuffer(binding=0, buf=39, offset=0, stride=24) desktop 39 -> GLES 39 (tid=13770)
[DEBUG] [FluorateGL] glBindBuffer(0x8893): desktop 40 -> GLES 40 (tid=13770)
[DEBUG] [FluorateGL] glDrawElements(mode=0x0004, count=12, type=0x1403, indices=0x0) bound_vao=2 bound_buf=40 (tid=13770)
[DEBUG] [FluorateGL] glFramebufferTexture2D(target=0x8CA9, attachment=0x8CE0, textarget=0x0DE1, texture=8, level=0)
[DEBUG] [FluorateGL] glFramebufferTexture2D(target=0x8CA9, attachment=0x8D00, textarget=0x0DE1, texture=0, level=0)
[DEBUG] [FluorateGL] glBindBuffer(0x8A11): desktop 15 -> GLES 15 (tid=13770)
[DEBUG] [FluorateGL] glFramebufferTexture2D(target=0x8D40, attachment=0x8CE0, textarget=0x0DE1, texture=0, level=0)
[DEBUG] [FluorateGL] glFramebufferTexture2D(target=0x8D40, attachment=0x8D00, textarget=0x0DE1, texture=7, level=0)
[DEBUG] [FluorateGL] glFramebufferTexture2D(target=0x8D40, attachment=0x8D00, textarget=0x0DE1, texture=0, level=0)
[DEBUG] [FluorateGL] glFramebufferTexture2D(target=0x8D40, attachment=0x8CE0, textarget=0x0DE1, texture=8, level=0)
[DEBUG] [FluorateGL] glFramebufferTexture2D(target=0x8D40, attachment=0x8D00, textarget=0x0DE1, texture=0, level=0)
[DEBUG] [FluorateGL] glFramebufferTexture2D(target=0x8D40, attachment=0x8CE0, textarget=0x0DE1, texture=0, level=0)
[DEBUG] [FluorateGL] glBindBuffer(0x8892): desktop 34 -> GLES 34 (tid=13770)
[DEBUG] [FluorateGL] glBindBuffer(0x8892): desktop 37 -> GLES 37 (tid=13770)
[DEBUG] [FluorateGL] glBindBuffer(0x8A11): desktop 1 -> GLES 1 (tid=13770)
[DEBUG] [FluorateGL] glBindVertexBuffer(binding=0, buf=34, offset=0, stride=16) desktop 34 -> GLES 34 (tid=13770)
[DEBUG] [FluorateGL] glBindBuffer(0x8893): desktop 40 -> GLES 40 (tid=13770)
[DEBUG] [FluorateGL] glDrawElements(mode=0x0004, count=30, type=0x1403, indices=0x0) bound_vao=1 bound_buf=40 (tid=13770)
[DEBUG] [FluorateGL] glTexParameteri(target=0x0DE1, pname=0x813C, param=0)
[DEBUG] [FluorateGL] glTexParameteri(target=0x0DE1, pname=0x813D, param=0)
[DEBUG] [FluorateGL] glBindVertexBuffer(binding=0, buf=37, offset=0, stride=24) desktop 37 -> GLES 37 (tid=13770)
[DEBUG] [FluorateGL] glBindBuffer(0x8893): desktop 40 -> GLES 40 (tid=13770)
[DEBUG] [FluorateGL] glDrawElements(mode=0x0004, count=12, type=0x1403, indices=0x0) bound_vao=2 bound_buf=40 (tid=13770)
[DEBUG] [FluorateGL] glFramebufferTexture2D(target=0x8CA9, attachment=0x8CE0, textarget=0x0DE1, texture=8, level=0)
[DEBUG] [FluorateGL] glFramebufferTexture2D(target=0x8CA9, attachment=0x8D00, textarget=0x0DE1, texture=0, level=0)
[DEBUG] [FluorateGL] glBindBuffer(0x8A11): desktop 15 -> GLES 15 (tid=13770)
[DEBUG] [FluorateGL] glFramebufferTexture2D(target=0x8D40, attachment=0x8CE0, textarget=0x0DE1, texture=0, level=0)
[DEBUG] [FluorateGL] glFramebufferTexture2D(target=0x8D40, attachment=0x8D00, textarget=0x0DE1, texture=7, level=0)
[DEBUG] [FluorateGL] glFramebufferTexture2D(target=0x8D40, attachment=0x8D00, textarget=0x0DE1, texture=0, level=0)
[DEBUG] [FluorateGL] glFramebufferTexture2D(target=0x8D40, attachment=0x8CE0, textarget=0x0DE1, texture=8, level=0)
[DEBUG] [FluorateGL] glFramebufferTexture2D(target=0x8D40, attachment=0x8D00, textarget=0x0DE1, texture=0, level=0)
[DEBUG] [FluorateGL] glFramebufferTexture2D(target=0x8D40, attachment=0x8CE0, textarget=0x0DE1, texture=0, level=0)
[DEBUG] [FluorateGL] glBindBuffer(0x8892): desktop 35 -> GLES 35 (tid=13770)
[DEBUG] [FluorateGL] glBindBuffer(0x8892): desktop 38 -> GLES 38 (tid=13770)
[DEBUG] [FluorateGL] glBindBuffer(0x8A11): desktop 2 -> GLES 2 (tid=13770)
[DEBUG] [FluorateGL] glBindVertexBuffer(binding=0, buf=35, offset=0, stride=16) desktop 35 -> GLES 35 (tid=13770)
[DEBUG] [FluorateGL] glBindBuffer(0x8893): desktop 40 -> GLES 40 (tid=13770)
[DEBUG] [FluorateGL] glDrawElements(mode=0x0004, count=30, type=0x1403, indices=0x0) bound_vao=1 bound_buf=40 (tid=13770)
[DEBUG] [FluorateGL] glTexParameteri(target=0x0DE1, pname=0x813C, param=0)
[DEBUG] [FluorateGL] glTexParameteri(target=0x0DE1, pname=0x813D, param=0)
[DEBUG] [FluorateGL] glBindVertexBuffer(binding=0, buf=38, offset=0, stride=24) desktop 38 -> GLES 38 (tid=13770)
[DEBUG] [FluorateGL] glBindBuffer(0x8893): desktop 40 -> GLES 40 (tid=13770)
[DEBUG] [FluorateGL] glDrawElements(mode=0x0004, count=12, type=0x1403, indices=0x0) bound_vao=2 bound_buf=40 (tid=13770)
[DEBUG] [FluorateGL] glFramebufferTexture2D(target=0x8CA9, attachment=0x8CE0, textarget=0x0DE1, texture=8, level=0)
[DEBUG] [FluorateGL] glFramebufferTexture2D(target=0x8CA9, attachment=0x8D00, textarget=0x0DE1, texture=0, level=0)
[DEBUG] [FluorateGL] glBindBuffer(0x8A11): desktop 15 -> GLES 15 (tid=13770)
[DEBUG] [FluorateGL] glFramebufferTexture2D(target=0x8D40, attachment=0x8CE0, textarget=0x0DE1, texture=0, level=0)
[DEBUG] [FluorateGL] glFramebufferTexture2D(target=0x8D40, attachment=0x8D00, textarget=0x0DE1, texture=7, level=0)
[DEBUG] [FluorateGL] glFramebufferTexture2D(target=0x8D40, attachment=0x8D00, textarget=0x0DE1, texture=0, level=0)
[DEBUG] [FluorateGL] glFramebufferTexture2D(target=0x8D40, attachment=0x8CE0, textarget=0x0DE1, texture=8, level=0)
[DEBUG] [FluorateGL] glFramebufferTexture2D(target=0x8D40, attachment=0x8D00, textarget=0x0DE1, texture=0, level=0)
[DEBUG] [FluorateGL] glFramebufferTexture2D(target=0x8D40, attachment=0x8CE0, textarget=0x0DE1, texture=0, level=0)
[DEBUG] [FluorateGL] glBindBuffer(0x8892): desktop 36 -> GLES 36 (tid=13770)
[DEBUG] [FluorateGL] glBindBuffer(0x8892): desktop 39 -> GLES 39 (tid=13770)
[DEBUG] [FluorateGL] glBindBuffer(0x8A11): desktop 3 -> GLES 3 (tid=13770)
[DEBUG] [FluorateGL] glBindVertexBuffer(binding=0, buf=36, offset=0, stride=16) desktop 36 -> GLES 36 (tid=13770)
[DEBUG] [FluorateGL] glBindBuffer(0x8893): desktop 40 -> GLES 40 (tid=13770)
[DEBUG] [FluorateGL] glDrawElements(mode=0x0004, count=30, type=0x1403, indices=0x0) bound_vao=1 bound_buf=40 (tid=13770)
[DEBUG] [FluorateGL] glTexParameteri(target=0x0DE1, pname=0x813C, param=0)
[DEBUG] [FluorateGL] glTexParameteri(target=0x0DE1, pname=0x813D, param=0)
[DEBUG] [FluorateGL] glBindVertexBuffer(binding=0, buf=39, offset=0, stride=24) desktop 39 -> GLES 39 (tid=13770)
[DEBUG] [FluorateGL] glBindBuffer(0x8893): desktop 40 -> GLES 40 (tid=13770)
[DEBUG] [FluorateGL] glDrawElements(mode=0x0004, count=12, type=0x1403, indices=0x0) bound_vao=2 bound_buf=40 (tid=13770)
[DEBUG] [FluorateGL] glFramebufferTexture2D(target=0x8CA9, attachment=0x8CE0, textarget=0x0DE1, texture=8, level=0)
[DEBUG] [FluorateGL] glFramebufferTexture2D(target=0x8CA9, attachment=0x8D00, textarget=0x0DE1, texture=0, level=0)
[DEBUG] [FluorateGL] glBindBuffer(0x8A11): desktop 15 -> GLES 15 (tid=13770)
[DEBUG] [FluorateGL] glFramebufferTexture2D(target=0x8D40, attachment=0x8CE0, textarget=0x0DE1, texture=0, level=0)
[DEBUG] [FluorateGL] glFramebufferTexture2D(target=0x8D40, attachment=0x8D00, textarget=0x0DE1, texture=7, level=0)
[DEBUG] [FluorateGL] glFramebufferTexture2D(target=0x8D40, attachment=0x8D00, textarget=0x0DE1, texture=0, level=0)
[DEBUG] [FluorateGL] glFramebufferTexture2D(target=0x8D40, attachment=0x8CE0, textarget=0x0DE1, texture=8, level=0)
[DEBUG] [FluorateGL] glFramebufferTexture2D(target=0x8D40, attachment=0x8D00, textarget=0x0DE1, texture=0, level=0)
[DEBUG] [FluorateGL] glFramebufferTexture2D(target=0x8D40, attachment=0x8CE0, textarget=0x0DE1, texture=0, level=0)
[DEBUG] [FluorateGL] glBindBuffer(0x8892): desktop 34 -> GLES 34 (tid=13770)
[DEBUG] [FluorateGL] glBindBuffer(0x8892): desktop 37 -> GLES 37 (tid=13770)
[DEBUG] [FluorateGL] glBindBuffer(0x8A11): desktop 1 -> GLES 1 (tid=13770)
[DEBUG] [FluorateGL] glBindVertexBuffer(binding=0, buf=34, offset=0, stride=16) desktop 34 -> GLES 34 (tid=13770)
[DEBUG] [FluorateGL] glBindBuffer(0x8893): desktop 40 -> GLES 40 (tid=13770)
[DEBUG] [FluorateGL] glDrawElements(mode=0x0004, count=30, type=0x1403, indices=0x0) bound_vao=1 bound_buf=40 (tid=13770)
[DEBUG] [FluorateGL] glTexParameteri(target=0x0DE1, pname=0x813C, param=0)
[DEBUG] [FluorateGL] glTexParameteri(target=0x0DE1, pname=0x813D, param=0)
[DEBUG] [FluorateGL] glBindVertexBuffer(binding=0, buf=37, offset=0, stride=24) desktop 37 -> GLES 37 (tid=13770)
[DEBUG] [FluorateGL] glBindBuffer(0x8893): desktop 40 -> GLES 40 (tid=13770)
[DEBUG] [FluorateGL] glDrawElements(mode=0x0004, count=12, type=0x1403, indices=0x0) bound_vao=2 bound_buf=40 (tid=13770)
[DEBUG] [FluorateGL] glFramebufferTexture2D(target=0x8CA9, attachment=0x8CE0, textarget=0x0DE1, texture=8, level=0)
[DEBUG] [FluorateGL] glFramebufferTexture2D(target=0x8CA9, attachment=0x8D00, textarget=0x0DE1, texture=0, level=0)
[DEBUG] [FluorateGL] glBindBuffer(0x8A11): desktop 15 -> GLES 15 (tid=13770)
[DEBUG] [FluorateGL] glFramebufferTexture2D(target=0x8D40, attachment=0x8CE0, textarget=0x0DE1, texture=0, level=0)
[DEBUG] [FluorateGL] glFramebufferTexture2D(target=0x8D40, attachment=0x8D00, textarget=0x0DE1, texture=7, level=0)
[DEBUG] [FluorateGL] glFramebufferTexture2D(target=0x8D40, attachment=0x8D00, textarget=0x0DE1, texture=0, level=0)
[DEBUG] [FluorateGL] glFramebufferTexture2D(target=0x8D40, attachment=0x8CE0, textarget=0x0DE1, texture=8, level=0)
[DEBUG] [FluorateGL] glFramebufferTexture2D(target=0x8D40, attachment=0x8D00, textarget=0x0DE1, texture=0, level=0)
[DEBUG] [FluorateGL] glFramebufferTexture2D(target=0x8D40, attachment=0x8CE0, textarget=0x0DE1, texture=0, level=0)
[DEBUG] [FluorateGL] glBindBuffer(0x8892): desktop 35 -> GLES 35 (tid=13770)
[DEBUG] [FluorateGL] glBindBuffer(0x8892): desktop 38 -> GLES 38 (tid=13770)
[DEBUG] [FluorateGL] glBindBuffer(0x8A11): desktop 2 -> GLES 2 (tid=13770)
[DEBUG] [FluorateGL] glBindVertexBuffer(binding=0, buf=35, offset=0, stride=16) desktop 35 -> GLES 35 (tid=13770)
[DEBUG] [FluorateGL] glBindBuffer(0x8893): desktop 40 -> GLES 40 (tid=13770)
[DEBUG] [FluorateGL] glDrawElements(mode=0x0004, count=30, type=0x1403, indices=0x0) bound_vao=1 bound_buf=40 (tid=13770)
[DEBUG] [FluorateGL] glTexParameteri(target=0x0DE1, pname=0x813C, param=0)
[DEBUG] [FluorateGL] glTexParameteri(target=0x0DE1, pname=0x813D, param=0)
[DEBUG] [FluorateGL] glBindVertexBuffer(binding=0, buf=38, offset=0, stride=24) desktop 38 -> GLES 38 (tid=13770)
[DEBUG] [FluorateGL] glBindBuffer(0x8893): desktop 40 -> GLES 40 (tid=13770)
[DEBUG] [FluorateGL] glDrawElements(mode=0x0004, count=12, type=0x1403, indices=0x0) bound_vao=2 bound_buf=40 (tid=13770)
[DEBUG] [FluorateGL] glFramebufferTexture2D(target=0x8CA9, attachment=0x8CE0, textarget=0x0DE1, texture=8, level=0)
[DEBUG] [FluorateGL] glFramebufferTexture2D(target=0x8CA9, attachment=0x8D00, textarget=0x0DE1, texture=0, level=0)
[DEBUG] [FluorateGL] glBindBuffer(0x8A11): desktop 15 -> GLES 15 (tid=13770)
[DEBUG] [FluorateGL] glFramebufferTexture2D(target=0x8D40, attachment=0x8CE0, textarget=0x0DE1, texture=0, level=0)
[DEBUG] [FluorateGL] glFramebufferTexture2D(target=0x8D40, attachment=0x8D00, textarget=0x0DE1, texture=7, level=0)
[DEBUG] [FluorateGL] glFramebufferTexture2D(target=0x8D40, attachment=0x8D00, textarget=0x0DE1, texture=0, level=0)
[DEBUG] [FluorateGL] glFramebufferTexture2D(target=0x8D40, attachment=0x8CE0, textarget=0x0DE1, texture=8, level=0)
[DEBUG] [FluorateGL] glFramebufferTexture2D(target=0x8D40, attachment=0x8D00, textarget=0x0DE1, texture=0, level=0)
[DEBUG] [FluorateGL] glFramebufferTexture2D(target=0x8D40, attachment=0x8CE0, textarget=0x0DE1, texture=0, level=0)
[DEBUG] [FluorateGL] glBindBuffer(0x8892): desktop 36 -> GLES 36 (tid=13770)
[DEBUG] [FluorateGL] glBindBuffer(0x8892): desktop 39 -> GLES 39 (tid=13770)
[DEBUG] [FluorateGL] glBindBuffer(0x8A11): desktop 3 -> GLES 3 (tid=13770)
[DEBUG] [FluorateGL] glBindVertexBuffer(binding=0, buf=36, offset=0, stride=16) desktop 36 -> GLES 36 (tid=13770)
[DEBUG] [FluorateGL] glBindBuffer(0x8893): desktop 40 -> GLES 40 (tid=13770)
[DEBUG] [FluorateGL] glDrawElements(mode=0x0004, count=30, type=0x1403, indices=0x0) bound_vao=1 bound_buf=40 (tid=13770)
[DEBUG] [FluorateGL] glTexParameteri(target=0x0DE1, pname=0x813C, param=0)
[DEBUG] [FluorateGL] glTexParameteri(target=0x0DE1, pname=0x813D, param=0)
[DEBUG] [FluorateGL] glBindVertexBuffer(binding=0, buf=39, offset=0, stride=24) desktop 39 -> GLES 39 (tid=13770)
[DEBUG] [FluorateGL] glBindBuffer(0x8893): desktop 40 -> GLES 40 (tid=13770)
[DEBUG] [FluorateGL] glDrawElements(mode=0x0004, count=12, type=0x1403, indices=0x0) bound_vao=2 bound_buf=40 (tid=13770)
[DEBUG] [FluorateGL] glFramebufferTexture2D(target=0x8CA9, attachment=0x8CE0, textarget=0x0DE1, texture=8, level=0)
[DEBUG] [FluorateGL] glFramebufferTexture2D(target=0x8CA9, attachment=0x8D00, textarget=0x0DE1, texture=0, level=0)
[DEBUG] [FluorateGL] glBindBuffer(0x8A11): desktop 15 -> GLES 15 (tid=13770)
[DEBUG] [FluorateGL] glFramebufferTexture2D(target=0x8D40, attachment=0x8CE0, textarget=0x0DE1, texture=0, level=0)
[DEBUG] [FluorateGL] glFramebufferTexture2D(target=0x8D40, attachment=0x8D00, textarget=0x0DE1, texture=7, level=0)
[DEBUG] [FluorateGL] glFramebufferTexture2D(target=0x8D40, attachment=0x8D00, textarget=0x0DE1, texture=0, level=0)
[DEBUG] [FluorateGL] glFramebufferTexture2D(target=0x8D40, attachment=0x8CE0, textarget=0x0DE1, texture=8, level=0)
[DEBUG] [FluorateGL] glFramebufferTexture2D(target=0x8D40, attachment=0x8D00, textarget=0x0DE1, texture=0, level=0)
[DEBUG] [FluorateGL] glFramebufferTexture2D(target=0x8D40, attachment=0x8CE0, textarget=0x0DE1, texture=0, level=0)
[DEBUG] [FluorateGL] glBindBuffer(0x8892): desktop 34 -> GLES 34 (tid=13770)
[DEBUG] [FluorateGL] glBindBuffer(0x8892): desktop 37 -> GLES 37 (tid=13770)
[DEBUG] [FluorateGL] glBindBuffer(0x8A11): desktop 1 -> GLES 1 (tid=13770)
[DEBUG] [FluorateGL] glBindVertexBuffer(binding=0, buf=34, offset=0, stride=16) desktop 34 -> GLES 34 (tid=13770)
[DEBUG] [FluorateGL] glBindBuffer(0x8893): desktop 40 -> GLES 40 (tid=13770)
[DEBUG] [FluorateGL] glDrawElements(mode=0x0004, count=30, type=0x1403, indices=0x0) bound_vao=1 bound_buf=40 (tid=13770)
[DEBUG] [FluorateGL] glTexParameteri(target=0x0DE1, pname=0x813C, param=0)
[DEBUG] [FluorateGL] glTexParameteri(target=0x0DE1, pname=0x813D, param=0)
[DEBUG] [FluorateGL] glBindVertexBuffer(binding=0, buf=37, offset=0, stride=24) desktop 37 -> GLES 37 (tid=13770)
[DEBUG] [FluorateGL] glBindBuffer(0x8893): desktop 40 -> GLES 40 (tid=13770)
[DEBUG] [FluorateGL] glDrawElements(mode=0x0004, count=12, type=0x1403, indices=0x0) bound_vao=2 bound_buf=40 (tid=13770)
[DEBUG] [FluorateGL] glFramebufferTexture2D(target=0x8CA9, attachment=0x8CE0, textarget=0x0DE1, texture=8, level=0)
[DEBUG] [FluorateGL] glFramebufferTexture2D(target=0x8CA9, attachment=0x8D00, textarget=0x0DE1, texture=0, level=0)
[DEBUG] [FluorateGL] glBindBuffer(0x8A11): desktop 15 -> GLES 15 (tid=13770)
[DEBUG] [FluorateGL] glFramebufferTexture2D(target=0x8D40, attachment=0x8CE0, textarget=0x0DE1, texture=0, level=0)
[DEBUG] [FluorateGL] glFramebufferTexture2D(target=0x8D40, attachment=0x8D00, textarget=0x0DE1, texture=7, level=0)
[DEBUG] [FluorateGL] glFramebufferTexture2D(target=0x8D40, attachment=0x8D00, textarget=0x0DE1, texture=0, level=0)
[DEBUG] [FluorateGL] glFramebufferTexture2D(target=0x8D40, attachment=0x8CE0, textarget=0x0DE1, texture=8, level=0)
[DEBUG] [FluorateGL] glFramebufferTexture2D(target=0x8D40, attachment=0x8D00, textarget=0x0DE1, texture=0, level=0)
[DEBUG] [FluorateGL] glFramebufferTexture2D(target=0x8D40, attachment=0x8CE0, textarget=0x0DE1, texture=0, level=0)
[DEBUG] [FluorateGL] glBindBuffer(0x8892): desktop 35 -> GLES 35 (tid=13770)
[DEBUG] [FluorateGL] glBindBuffer(0x8892): desktop 38 -> GLES 38 (tid=13770)
[DEBUG] [FluorateGL] glBindBuffer(0x8A11): desktop 2 -> GLES 2 (tid=13770)
[DEBUG] [FluorateGL] glBindVertexBuffer(binding=0, buf=35, offset=0, stride=16) desktop 35 -> GLES 35 (tid=13770)
[DEBUG] [FluorateGL] glBindBuffer(0x8893): desktop 40 -> GLES 40 (tid=13770)
[DEBUG] [FluorateGL] glDrawElements(mode=0x0004, count=30, type=0x1403, indices=0x0) bound_vao=1 bound_buf=40 (tid=13770)
[DEBUG] [FluorateGL] glTexParameteri(target=0x0DE1, pname=0x813C, param=0)
[DEBUG] [FluorateGL] glTexParameteri(target=0x0DE1, pname=0x813D, param=0)
[DEBUG] [FluorateGL] glBindVertexBuffer(binding=0, buf=38, offset=0, stride=24) desktop 38 -> GLES 38 (tid=13770)
[DEBUG] [FluorateGL] glBindBuffer(0x8893): desktop 40 -> GLES 40 (tid=13770)
[DEBUG] [FluorateGL] glDrawElements(mode=0x0004, count=12, type=0x1403, indices=0x0) bound_vao=2 bound_buf=40 (tid=13770)
[DEBUG] [FluorateGL] glFramebufferTexture2D(target=0x8CA9, attachment=0x8CE0, textarget=0x0DE1, texture=8, level=0)
[DEBUG] [FluorateGL] glFramebufferTexture2D(target=0x8CA9, attachment=0x8D00, textarget=0x0DE1, texture=0, level=0)
[DEBUG] [FluorateGL] glBindBuffer(0x8A11): desktop 15 -> GLES 15 (tid=13770)
[DEBUG] [FluorateGL] glFramebufferTexture2D(target=0x8D40, attachment=0x8CE0, textarget=0x0DE1, texture=0, level=0)
[DEBUG] [FluorateGL] glFramebufferTexture2D(target=0x8D40, attachment=0x8D00, textarget=0x0DE1, texture=7, level=0)
[DEBUG] [FluorateGL] glFramebufferTexture2D(target=0x8D40, attachment=0x8D00, textarget=0x0DE1, texture=0, level=0)
[DEBUG] [FluorateGL] glFramebufferTexture2D(target=0x8D40, attachment=0x8CE0, textarget=0x0DE1, texture=8, level=0)
[DEBUG] [FluorateGL] glFramebufferTexture2D(target=0x8D40, attachment=0x8D00, textarget=0x0DE1, texture=0, level=0)
[DEBUG] [FluorateGL] glFramebufferTexture2D(target=0x8D40, attachment=0x8CE0, textarget=0x0DE1, texture=0, level=0)
[DEBUG] [FluorateGL] glBindBuffer(0x8892): desktop 36 -> GLES 36 (tid=13770)
[DEBUG] [FluorateGL] glBindBuffer(0x8892): desktop 39 -> GLES 39 (tid=13770)
[DEBUG] [FluorateGL] glBindBuffer(0x8A11): desktop 3 -> GLES 3 (tid=13770)
[DEBUG] [FluorateGL] glBindVertexBuffer(binding=0, buf=36, offset=0, stride=16) desktop 36 -> GLES 36 (tid=13770)
[DEBUG] [FluorateGL] glBindBuffer(0x8893): desktop 40 -> GLES 40 (tid=13770)
[DEBUG] [FluorateGL] glDrawElements(mode=0x0004, count=30, type=0x1403, indices=0x0) bound_vao=1 bound_buf=40 (tid=13770)
[DEBUG] [FluorateGL] glTexParameteri(target=0x0DE1, pname=0x813C, param=0)
[DEBUG] [FluorateGL] glTexParameteri(target=0x0DE1, pname=0x813D, param=0)
[DEBUG] [FluorateGL] glBindVertexBuffer(binding=0, buf=39, offset=0, stride=24) desktop 39 -> GLES 39 (tid=13770)
[DEBUG] [FluorateGL] glBindBuffer(0x8893): desktop 40 -> GLES 40 (tid=13770)
[DEBUG] [FluorateGL] glDrawElements(mode=0x0004, count=12, type=0x1403, indices=0x0) bound_vao=2 bound_buf=40 (tid=13770)
[DEBUG] [FluorateGL] glFramebufferTexture2D(target=0x8CA9, attachment=0x8CE0, textarget=0x0DE1, texture=8, level=0)
[DEBUG] [FluorateGL] glFramebufferTexture2D(target=0x8CA9, attachment=0x8D00, textarget=0x0DE1, texture=0, level=0)
[DEBUG] [FluorateGL] glBindBuffer(0x8A11): desktop 15 -> GLES 15 (tid=13770)
[DEBUG] [FluorateGL] glFramebufferTexture2D(target=0x8D40, attachment=0x8CE0, textarget=0x0DE1, texture=0, level=0)
[DEBUG] [FluorateGL] glFramebufferTexture2D(target=0x8D40, attachment=0x8D00, textarget=0x0DE1, texture=7, level=0)
[DEBUG] [FluorateGL] glFramebufferTexture2D(target=0x8D40, attachment=0x8D00, textarget=0x0DE1, texture=0, level=0)
[DEBUG] [FluorateGL] glFramebufferTexture2D(target=0x8D40, attachment=0x8CE0, textarget=0x0DE1, texture=8, level=0)
[DEBUG] [FluorateGL] glFramebufferTexture2D(target=0x8D40, attachment=0x8D00, textarget=0x0DE1, texture=0, level=0)
[DEBUG] [FluorateGL] glFramebufferTexture2D(target=0x8D40, attachment=0x8CE0, textarget=0x0DE1, texture=0, level=0)
[DEBUG] [FluorateGL] glBindBuffer(0x8892): desktop 34 -> GLES 34 (tid=13770)
[DEBUG] [FluorateGL] glBindBuffer(0x8892): desktop 37 -> GLES 37 (tid=13770)
[DEBUG] [FluorateGL] glBindBuffer(0x8A11): desktop 1 -> GLES 1 (tid=13770)
[DEBUG] [FluorateGL] glBindVertexBuffer(binding=0, buf=34, offset=0, stride=16) desktop 34 -> GLES 34 (tid=13770)
[DEBUG] [FluorateGL] glBindBuffer(0x8893): desktop 40 -> GLES 40 (tid=13770)
[DEBUG] [FluorateGL] glDrawElements(mode=0x0004, count=30, type=0x1403, indices=0x0) bound_vao=1 bound_buf=40 (tid=13770)
[DEBUG] [FluorateGL] glTexParameteri(target=0x0DE1, pname=0x813C, param=0)
[DEBUG] [FluorateGL] glTexParameteri(target=0x0DE1, pname=0x813D, param=0)
[DEBUG] [FluorateGL] glBindVertexBuffer(binding=0, buf=37, offset=0, stride=24) desktop 37 -> GLES 37 (tid=13770)
[DEBUG] [FluorateGL] glBindBuffer(0x8893): desktop 40 -> GLES 40 (tid=13770)
[DEBUG] [FluorateGL] glDrawElements(mode=0x0004, count=12, type=0x1403, indices=0x0) bound_vao=2 bound_buf=40 (tid=13770)
[DEBUG] [FluorateGL] glFramebufferTexture2D(target=0x8CA9, attachment=0x8CE0, textarget=0x0DE1, texture=8, level=0)
[DEBUG] [FluorateGL] glFramebufferTexture2D(target=0x8CA9, attachment=0x8D00, textarget=0x0DE1, texture=0, level=0)
[DEBUG] [FluorateGL] glBindBuffer(0x8A11): desktop 15 -> GLES 15 (tid=13770)
[DEBUG] [FluorateGL] glFramebufferTexture2D(target=0x8D40, attachment=0x8CE0, textarget=0x0DE1, texture=0, level=0)
[DEBUG] [FluorateGL] glFramebufferTexture2D(target=0x8D40, attachment=0x8D00, textarget=0x0DE1, texture=7, level=0)
[DEBUG] [FluorateGL] glFramebufferTexture2D(target=0x8D40, attachment=0x8D00, textarget=0x0DE1, texture=0, level=0)
[DEBUG] [FluorateGL] glFramebufferTexture2D(target=0x8D40, attachment=0x8CE0, textarget=0x0DE1, texture=8, level=0)
[DEBUG] [FluorateGL] glFramebufferTexture2D(target=0x8D40, attachment=0x8D00, textarget=0x0DE1, texture=0, level=0)
[DEBUG] [FluorateGL] glFramebufferTexture2D(target=0x8D40, attachment=0x8CE0, textarget=0x0DE1, texture=0, level=0)
[DEBUG] [FluorateGL] glBindBuffer(0x8892): desktop 35 -> GLES 35 (tid=13770)
[DEBUG] [FluorateGL] glBindBuffer(0x8892): desktop 38 -> GLES 38 (tid=13770)
[DEBUG] [FluorateGL] glBindBuffer(0x8A11): desktop 2 -> GLES 2 (tid=13770)
[DEBUG] [FluorateGL] glBindVertexBuffer(binding=0, buf=35, offset=0, stride=16) desktop 35 -> GLES 35 (tid=13770)
[DEBUG] [FluorateGL] glBindBuffer(0x8893): desktop 40 -> GLES 40 (tid=13770)
[DEBUG] [FluorateGL] glDrawElements(mode=0x0004, count=30, type=0x1403, indices=0x0) bound_vao=1 bound_buf=40 (tid=13770)
[DEBUG] [FluorateGL] glTexParameteri(target=0x0DE1, pname=0x813C, param=0)
[DEBUG] [FluorateGL] glTexParameteri(target=0x0DE1, pname=0x813D, param=0)
[DEBUG] [FluorateGL] glBindVertexBuffer(binding=0, buf=38, offset=0, stride=24) desktop 38 -> GLES 38 (tid=13770)
[DEBUG] [FluorateGL] glBindBuffer(0x8893): desktop 40 -> GLES 40 (tid=13770)
[DEBUG] [FluorateGL] glDrawElements(mode=0x0004, count=12, type=0x1403, indices=0x0) bound_vao=2 bound_buf=40 (tid=13770)
[DEBUG] [FluorateGL] glFramebufferTexture2D(target=0x8CA9, attachment=0x8CE0, textarget=0x0DE1, texture=8, level=0)
[DEBUG] [FluorateGL] glFramebufferTexture2D(target=0x8CA9, attachment=0x8D00, textarget=0x0DE1, texture=0, level=0)
[DEBUG] [FluorateGL] glBindBuffer(0x8A11): desktop 15 -> GLES 15 (tid=13770)
[DEBUG] [FluorateGL] glFramebufferTexture2D(target=0x8D40, attachment=0x8CE0, textarget=0x0DE1, texture=0, level=0)
[DEBUG] [FluorateGL] glFramebufferTexture2D(target=0x8D40, attachment=0x8D00, textarget=0x0DE1, texture=7, level=0)
[DEBUG] [FluorateGL] glFramebufferTexture2D(target=0x8D40, attachment=0x8D00, textarget=0x0DE1, texture=0, level=0)
[DEBUG] [FluorateGL] glFramebufferTexture2D(target=0x8D40, attachment=0x8CE0, textarget=0x0DE1, texture=8, level=0)
[DEBUG] [FluorateGL] glFramebufferTexture2D(target=0x8D40, attachment=0x8D00, textarget=0x0DE1, texture=0, level=0)
[DEBUG] [FluorateGL] glFramebufferTexture2D(target=0x8D40, attachment=0x8CE0, textarget=0x0DE1, texture=0, level=0)
[DEBUG] [FluorateGL] glBindBuffer(0x8892): desktop 36 -> GLES 36 (tid=13770)
[DEBUG] [FluorateGL] glBindBuffer(0x8892): desktop 39 -> GLES 39 (tid=13770)
[DEBUG] [FluorateGL] glBindBuffer(0x8A11): desktop 3 -> GLES 3 (tid=13770)
[DEBUG] [FluorateGL] glBindVertexBuffer(binding=0, buf=36, offset=0, stride=16) desktop 36 -> GLES 36 (tid=13770)
[DEBUG] [FluorateGL] glBindBuffer(0x8893): desktop 40 -> GLES 40 (tid=13770)
[DEBUG] [FluorateGL] glDrawElements(mode=0x0004, count=30, type=0x1403, indices=0x0) bound_vao=1 bound_buf=40 (tid=13770)
[DEBUG] [FluorateGL] glTexParameteri(target=0x0DE1, pname=0x813C, param=0)
[DEBUG] [FluorateGL] glTexParameteri(target=0x0DE1, pname=0x813D, param=0)
[DEBUG] [FluorateGL] glBindVertexBuffer(binding=0, buf=39, offset=0, stride=24) desktop 39 -> GLES 39 (tid=13770)
[DEBUG] [FluorateGL] glBindBuffer(0x8893): desktop 40 -> GLES 40 (tid=13770)
[DEBUG] [FluorateGL] glDrawElements(mode=0x0004, count=12, type=0x1403, indices=0x0) bound_vao=2 bound_buf=40 (tid=13770)
[DEBUG] [FluorateGL] glFramebufferTexture2D(target=0x8CA9, attachment=0x8CE0, textarget=0x0DE1, texture=8, level=0)
[DEBUG] [FluorateGL] glFramebufferTexture2D(target=0x8CA9, attachment=0x8D00, textarget=0x0DE1, texture=0, level=0)
[DEBUG] [FluorateGL] glBindBuffer(0x8A11): desktop 15 -> GLES 15 (tid=13770)
[DEBUG] [FluorateGL] glFramebufferTexture2D(target=0x8D40, attachment=0x8CE0, textarget=0x0DE1, texture=0, level=0)
[DEBUG] [FluorateGL] glFramebufferTexture2D(target=0x8D40, attachment=0x8D00, textarget=0x0DE1, texture=7, level=0)
[DEBUG] [FluorateGL] glFramebufferTexture2D(target=0x8D40, attachment=0x8D00, textarget=0x0DE1, texture=0, level=0)
[DEBUG] [FluorateGL] glFramebufferTexture2D(target=0x8D40, attachment=0x8CE0, textarget=0x0DE1, texture=8, level=0)
[DEBUG] [FluorateGL] glFramebufferTexture2D(target=0x8D40, attachment=0x8D00, textarget=0x0DE1, texture=0, level=0)
[DEBUG] [FluorateGL] glFramebufferTexture2D(target=0x8D40, attachment=0x8CE0, textarget=0x0DE1, texture=0, level=0)
[DEBUG] [FluorateGL] glBindBuffer(0x8892): desktop 34 -> GLES 34 (tid=13770)
[DEBUG] [FluorateGL] glBindBuffer(0x8892): desktop 37 -> GLES 37 (tid=13770)
[DEBUG] [FluorateGL] glBindBuffer(0x8A11): desktop 1 -> GLES 1 (tid=13770)
[DEBUG] [FluorateGL] glBindVertexBuffer(binding=0, buf=34, offset=0, stride=16) desktop 34 -> GLES 34 (tid=13770)
[DEBUG] [FluorateGL] glBindBuffer(0x8893): desktop 40 -> GLES 40 (tid=13770)
[DEBUG] [FluorateGL] glDrawElements(mode=0x0004, count=30, type=0x1403, indices=0x0) bound_vao=1 bound_buf=40 (tid=13770)
[DEBUG] [FluorateGL] glTexParameteri(target=0x0DE1, pname=0x813C, param=0)
[DEBUG] [FluorateGL] glTexParameteri(target=0x0DE1, pname=0x813D, param=0)
[DEBUG] [FluorateGL] glBindVertexBuffer(binding=0, buf=37, offset=0, stride=24) desktop 37 -> GLES 37 (tid=13770)
[DEBUG] [FluorateGL] glBindBuffer(0x8893): desktop 40 -> GLES 40 (tid=13770)
[DEBUG] [FluorateGL] glDrawElements(mode=0x0004, count=12, type=0x1403, indices=0x0) bound_vao=2 bound_buf=40 (tid=13770)
[DEBUG] [FluorateGL] glFramebufferTexture2D(target=0x8CA9, attachment=0x8CE0, textarget=0x0DE1, texture=8, level=0)
[DEBUG] [FluorateGL] glFramebufferTexture2D(target=0x8CA9, attachment=0x8D00, textarget=0x0DE1, texture=0, level=0)
[DEBUG] [FluorateGL] glBindBuffer(0x8A11): desktop 15 -> GLES 15 (tid=13770)
[DEBUG] [FluorateGL] glFramebufferTexture2D(target=0x8D40, attachment=0x8CE0, textarget=0x0DE1, texture=0, level=0)
[DEBUG] [FluorateGL] glFramebufferTexture2D(target=0x8D40, attachment=0x8D00, textarget=0x0DE1, texture=7, level=0)
[DEBUG] [FluorateGL] glFramebufferTexture2D(target=0x8D40, attachment=0x8D00, textarget=0x0DE1, texture=0, level=0)
[DEBUG] [FluorateGL] glFramebufferTexture2D(target=0x8D40, attachment=0x8CE0, textarget=0x0DE1, texture=8, level=0)
[DEBUG] [FluorateGL] glFramebufferTexture2D(target=0x8D40, attachment=0x8D00, textarget=0x0DE1, texture=0, level=0)
[DEBUG] [FluorateGL] glFramebufferTexture2D(target=0x8D40, attachment=0x8CE0, textarget=0x0DE1, texture=0, level=0)
[DEBUG] [FluorateGL] glBindBuffer(0x8892): desktop 35 -> GLES 35 (tid=13770)
[DEBUG] [FluorateGL] glBindBuffer(0x8892): desktop 38 -> GLES 38 (tid=13770)
[DEBUG] [FluorateGL] glBindBuffer(0x8A11): desktop 2 -> GLES 2 (tid=13770)
[DEBUG] [FluorateGL] glBindVertexBuffer(binding=0, buf=35, offset=0, stride=16) desktop 35 -> GLES 35 (tid=13770)
[DEBUG] [FluorateGL] glBindBuffer(0x8893): desktop 40 -> GLES 40 (tid=13770)
[DEBUG] [FluorateGL] glDrawElements(mode=0x0004, count=30, type=0x1403, indices=0x0) bound_vao=1 bound_buf=40 (tid=13770)
[DEBUG] [FluorateGL] glTexParameteri(target=0x0DE1, pname=0x813C, param=0)
[DEBUG] [FluorateGL] glTexParameteri(target=0x0DE1, pname=0x813D, param=0)
[DEBUG] [FluorateGL] glBindVertexBuffer(binding=0, buf=38, offset=0, stride=24) desktop 38 -> GLES 38 (tid=13770)
[DEBUG] [FluorateGL] glBindBuffer(0x8893): desktop 40 -> GLES 40 (tid=13770)
[DEBUG] [FluorateGL] glDrawElements(mode=0x0004, count=12, type=0x1403, indices=0x0) bound_vao=2 bound_buf=40 (tid=13770)
[DEBUG] [FluorateGL] glFramebufferTexture2D(target=0x8CA9, attachment=0x8CE0, textarget=0x0DE1, texture=8, level=0)
[DEBUG] [FluorateGL] glFramebufferTexture2D(target=0x8CA9, attachment=0x8D00, textarget=0x0DE1, texture=0, level=0)
[DEBUG] [FluorateGL] glBindBuffer(0x8A11): desktop 15 -> GLES 15 (tid=13770)
[DEBUG] [FluorateGL] glFramebufferTexture2D(target=0x8D40, attachment=0x8CE0, textarget=0x0DE1, texture=0, level=0)
[DEBUG] [FluorateGL] glFramebufferTexture2D(target=0x8D40, attachment=0x8D00, textarget=0x0DE1, texture=7, level=0)
[DEBUG] [FluorateGL] glFramebufferTexture2D(target=0x8D40, attachment=0x8D00, textarget=0x0DE1, texture=0, level=0)
[DEBUG] [FluorateGL] glFramebufferTexture2D(target=0x8D40, attachment=0x8CE0, textarget=0x0DE1, texture=8, level=0)
[DEBUG] [FluorateGL] glFramebufferTexture2D(target=0x8D40, attachment=0x8D00, textarget=0x0DE1, texture=0, level=0)
[DEBUG] [FluorateGL] glFramebufferTexture2D(target=0x8D40, attachment=0x8CE0, textarget=0x0DE1, texture=0, level=0)
[DEBUG] [FluorateGL] glBindBuffer(0x8892): desktop 36 -> GLES 36 (tid=13770)
[DEBUG] [FluorateGL] glBindBuffer(0x8892): desktop 39 -> GLES 39 (tid=13770)
[DEBUG] [FluorateGL] glBindBuffer(0x8A11): desktop 3 -> GLES 3 (tid=13770)
[DEBUG] [FluorateGL] glBindVertexBuffer(binding=0, buf=36, offset=0, stride=16) desktop 36 -> GLES 36 (tid=13770)
[DEBUG] [FluorateGL] glBindBuffer(0x8893): desktop 40 -> GLES 40 (tid=13770)
[DEBUG] [FluorateGL] glDrawElements(mode=0x0004, count=30, type=0x1403, indices=0x0) bound_vao=1 bound_buf=40 (tid=13770)
[DEBUG] [FluorateGL] glTexParameteri(target=0x0DE1, pname=0x813C, param=0)
[DEBUG] [FluorateGL] glTexParameteri(target=0x0DE1, pname=0x813D, param=0)
[DEBUG] [FluorateGL] glBindVertexBuffer(binding=0, buf=39, offset=0, stride=24) desktop 39 -> GLES 39 (tid=13770)
[DEBUG] [FluorateGL] glBindBuffer(0x8893): desktop 40 -> GLES 40 (tid=13770)
[DEBUG] [FluorateGL] glDrawElements(mode=0x0004, count=12, type=0x1403, indices=0x0) bound_vao=2 bound_buf=40 (tid=13770)
[DEBUG] [FluorateGL] glFramebufferTexture2D(target=0x8CA9, attachment=0x8CE0, textarget=0x0DE1, texture=8, level=0)
[DEBUG] [FluorateGL] glFramebufferTexture2D(target=0x8CA9, attachment=0x8D00, textarget=0x0DE1, texture=0, level=0)
[DEBUG] [FluorateGL] glBindBuffer(0x8A11): desktop 15 -> GLES 15 (tid=13770)
[DEBUG] [FluorateGL] glFramebufferTexture2D(target=0x8D40, attachment=0x8CE0, textarget=0x0DE1, texture=0, level=0)
[DEBUG] [FluorateGL] glFramebufferTexture2D(target=0x8D40, attachment=0x8D00, textarget=0x0DE1, texture=7, level=0)
[DEBUG] [FluorateGL] glFramebufferTexture2D(target=0x8D40, attachment=0x8D00, textarget=0x0DE1, texture=0, level=0)
[DEBUG] [FluorateGL] glFramebufferTexture2D(target=0x8D40, attachment=0x8CE0, textarget=0x0DE1, texture=8, level=0)
[DEBUG] [FluorateGL] glFramebufferTexture2D(target=0x8D40, attachment=0x8D00, textarget=0x0DE1, texture=0, level=0)
[DEBUG] [FluorateGL] glFramebufferTexture2D(target=0x8D40, attachment=0x8CE0, textarget=0x0DE1, texture=0, level=0)
[DEBUG] [FluorateGL] glBindBuffer(0x8892): desktop 34 -> GLES 34 (tid=13770)
[DEBUG] [FluorateGL] glBindBuffer(0x8892): desktop 37 -> GLES 37 (tid=13770)
[DEBUG] [FluorateGL] glBindBuffer(0x8A11): desktop 1 -> GLES 1 (tid=13770)
[DEBUG] [FluorateGL] glBindVertexBuffer(binding=0, buf=34, offset=0, stride=16) desktop 34 -> GLES 34 (tid=13770)
[DEBUG] [FluorateGL] glBindBuffer(0x8893): desktop 40 -> GLES 40 (tid=13770)
[DEBUG] [FluorateGL] glDrawElements(mode=0x0004, count=30, type=0x1403, indices=0x0) bound_vao=1 bound_buf=40 (tid=13770)
[DEBUG] [FluorateGL] glTexParameteri(target=0x0DE1, pname=0x813C, param=0)
[DEBUG] [FluorateGL] glTexParameteri(target=0x0DE1, pname=0x813D, param=0)
[DEBUG] [FluorateGL] glBindVertexBuffer(binding=0, buf=37, offset=0, stride=24) desktop 37 -> GLES 37 (tid=13770)
[DEBUG] [FluorateGL] glBindBuffer(0x8893): desktop 40 -> GLES 40 (tid=13770)
[DEBUG] [FluorateGL] glDrawElements(mode=0x0004, count=12, type=0x1403, indices=0x0) bound_vao=2 bound_buf=40 (tid=13770)
[DEBUG] [FluorateGL] glFramebufferTexture2D(target=0x8CA9, attachment=0x8CE0, textarget=0x0DE1, texture=8, level=0)
[DEBUG] [FluorateGL] glFramebufferTexture2D(target=0x8CA9, attachment=0x8D00, textarget=0x0DE1, texture=0, level=0)
[DEBUG] [FluorateGL] glBindBuffer(0x8A11): desktop 15 -> GLES 15 (tid=13770)
[DEBUG] [FluorateGL] glFramebufferTexture2D(target=0x8D40, attachment=0x8CE0, textarget=0x0DE1, texture=0, level=0)
[DEBUG] [FluorateGL] glFramebufferTexture2D(target=0x8D40, attachment=0x8D00, textarget=0x0DE1, texture=7, level=0)
[DEBUG] [FluorateGL] glFramebufferTexture2D(target=0x8D40, attachment=0x8D00, textarget=0x0DE1, texture=0, level=0)
[DEBUG] [FluorateGL] glFramebufferTexture2D(target=0x8D40, attachment=0x8CE0, textarget=0x0DE1, texture=8, level=0)
[DEBUG] [FluorateGL] glFramebufferTexture2D(target=0x8D40, attachment=0x8D00, textarget=0x0DE1, texture=0, level=0)
[DEBUG] [FluorateGL] glFramebufferTexture2D(target=0x8D40, attachment=0x8CE0, textarget=0x0DE1, texture=0, level=0)
[DEBUG] [FluorateGL] glBindBuffer(0x8892): desktop 35 -> GLES 35 (tid=13770)
[DEBUG] [FluorateGL] glBindBuffer(0x8892): desktop 38 -> GLES 38 (tid=13770)
[DEBUG] [FluorateGL] glBindBuffer(0x8A11): desktop 2 -> GLES 2 (tid=13770)
[DEBUG] [FluorateGL] glBindVertexBuffer(binding=0, buf=35, offset=0, stride=16) desktop 35 -> GLES 35 (tid=13770)
[DEBUG] [FluorateGL] glBindBuffer(0x8893): desktop 40 -> GLES 40 (tid=13770)
[DEBUG] [FluorateGL] glDrawElements(mode=0x0004, count=30, type=0x1403, indices=0x0) bound_vao=1 bound_buf=40 (tid=13770)
[DEBUG] [FluorateGL] glTexParameteri(target=0x0DE1, pname=0x813C, param=0)
[DEBUG] [FluorateGL] glTexParameteri(target=0x0DE1, pname=0x813D, param=0)
[DEBUG] [FluorateGL] glBindVertexBuffer(binding=0, buf=38, offset=0, stride=24) desktop 38 -> GLES 38 (tid=13770)
[DEBUG] [FluorateGL] glBindBuffer(0x8893): desktop 40 -> GLES 40 (tid=13770)
[DEBUG] [FluorateGL] glDrawElements(mode=0x0004, count=12, type=0x1403, indices=0x0) bound_vao=2 bound_buf=40 (tid=13770)
[DEBUG] [FluorateGL] glFramebufferTexture2D(target=0x8CA9, attachment=0x8CE0, textarget=0x0DE1, texture=8, level=0)
[DEBUG] [FluorateGL] glFramebufferTexture2D(target=0x8CA9, attachment=0x8D00, textarget=0x0DE1, texture=0, level=0)
[DEBUG] [FluorateGL] glBindBuffer(0x8A11): desktop 15 -> GLES 15 (tid=13770)
[DEBUG] [FluorateGL] glFramebufferTexture2D(target=0x8D40, attachment=0x8CE0, textarget=0x0DE1, texture=0, level=0)
[DEBUG] [FluorateGL] glFramebufferTexture2D(target=0x8D40, attachment=0x8D00, textarget=0x0DE1, texture=7, level=0)
[DEBUG] [FluorateGL] glFramebufferTexture2D(target=0x8D40, attachment=0x8D00, textarget=0x0DE1, texture=0, level=0)
[DEBUG] [FluorateGL] glFramebufferTexture2D(target=0x8D40, attachment=0x8CE0, textarget=0x0DE1, texture=8, level=0)
[DEBUG] [FluorateGL] glFramebufferTexture2D(target=0x8D40, attachment=0x8D00, textarget=0x0DE1, texture=0, level=0)
[DEBUG] [FluorateGL] glFramebufferTexture2D(target=0x8D40, attachment=0x8CE0, textarget=0x0DE1, texture=0, level=0)
[DEBUG] [FluorateGL] glBindBuffer(0x8892): desktop 36 -> GLES 36 (tid=13770)
[DEBUG] [FluorateGL] glBindBuffer(0x8892): desktop 39 -> GLES 39 (tid=13770)
[DEBUG] [FluorateGL] glBindBuffer(0x8A11): desktop 3 -> GLES 3 (tid=13770)
[DEBUG] [FluorateGL] glBindVertexBuffer(binding=0, buf=36, offset=0, stride=16) desktop 36 -> GLES 36 (tid=13770)
[DEBUG] [FluorateGL] glBindBuffer(0x8893): desktop 40 -> GLES 40 (tid=13770)
[DEBUG] [FluorateGL] glDrawElements(mode=0x0004, count=30, type=0x1403, indices=0x0) bound_vao=1 bound_buf=40 (tid=13770)
[DEBUG] [FluorateGL] glTexParameteri(target=0x0DE1, pname=0x813C, param=0)
[DEBUG] [FluorateGL] glTexParameteri(target=0x0DE1, pname=0x813D, param=0)
[DEBUG] [FluorateGL] glBindVertexBuffer(binding=0, buf=39, offset=0, stride=24) desktop 39 -> GLES 39 (tid=13770)
[DEBUG] [FluorateGL] glBindBuffer(0x8893): desktop 40 -> GLES 40 (tid=13770)
[DEBUG] [FluorateGL] glDrawElements(mode=0x0004, count=12, type=0x1403, indices=0x0) bound_vao=2 bound_buf=40 (tid=13770)
[DEBUG] [FluorateGL] glFramebufferTexture2D(target=0x8CA9, attachment=0x8CE0, textarget=0x0DE1, texture=8, level=0)
[DEBUG] [FluorateGL] glFramebufferTexture2D(target=0x8CA9, attachment=0x8D00, textarget=0x0DE1, texture=0, level=0)
[DEBUG] [FluorateGL] glBindBuffer(0x8A11): desktop 15 -> GLES 15 (tid=13770)
[DEBUG] [FluorateGL] glFramebufferTexture2D(target=0x8D40, attachment=0x8CE0, textarget=0x0DE1, texture=0, level=0)
[DEBUG] [FluorateGL] glFramebufferTexture2D(target=0x8D40, attachment=0x8D00, textarget=0x0DE1, texture=7, level=0)
[DEBUG] [FluorateGL] glFramebufferTexture2D(target=0x8D40, attachment=0x8D00, textarget=0x0DE1, texture=0, level=0)
[DEBUG] [FluorateGL] glFramebufferTexture2D(target=0x8D40, attachment=0x8CE0, textarget=0x0DE1, texture=8, level=0)
[DEBUG] [FluorateGL] glFramebufferTexture2D(target=0x8D40, attachment=0x8D00, textarget=0x0DE1, texture=0, level=0)
[DEBUG] [FluorateGL] glFramebufferTexture2D(target=0x8D40, attachment=0x8CE0, textarget=0x0DE1, texture=0, level=0)
[DEBUG] [FluorateGL] glBindBuffer(0x8892): desktop 34 -> GLES 34 (tid=13770)
[DEBUG] [FluorateGL] glBindBuffer(0x8892): desktop 37 -> GLES 37 (tid=13770)
[DEBUG] [FluorateGL] glBindBuffer(0x8A11): desktop 1 -> GLES 1 (tid=13770)
[DEBUG] [FluorateGL] glBindVertexBuffer(binding=0, buf=34, offset=0, stride=16) desktop 34 -> GLES 34 (tid=13770)
[DEBUG] [FluorateGL] glBindBuffer(0x8893): desktop 40 -> GLES 40 (tid=13770)
[DEBUG] [FluorateGL] glDrawElements(mode=0x0004, count=30, type=0x1403, indices=0x0) bound_vao=1 bound_buf=40 (tid=13770)
[DEBUG] [FluorateGL] glTexParameteri(target=0x0DE1, pname=0x813C, param=0)
[DEBUG] [FluorateGL] glTexParameteri(target=0x0DE1, pname=0x813D, param=0)
[DEBUG] [FluorateGL] glBindVertexBuffer(binding=0, buf=37, offset=0, stride=24) desktop 37 -> GLES 37 (tid=13770)
[DEBUG] [FluorateGL] glBindBuffer(0x8893): desktop 40 -> GLES 40 (tid=13770)
[DEBUG] [FluorateGL] glDrawElements(mode=0x0004, count=12, type=0x1403, indices=0x0) bound_vao=2 bound_buf=40 (tid=13770)
[DEBUG] [FluorateGL] glFramebufferTexture2D(target=0x8CA9, attachment=0x8CE0, textarget=0x0DE1, texture=8, level=0)
[DEBUG] [FluorateGL] glFramebufferTexture2D(target=0x8CA9, attachment=0x8D00, textarget=0x0DE1, texture=0, level=0)
[DEBUG] [FluorateGL] glBindBuffer(0x8A11): desktop 15 -> GLES 15 (tid=13770)
[DEBUG] [FluorateGL] glFramebufferTexture2D(target=0x8D40, attachment=0x8CE0, textarget=0x0DE1, texture=0, level=0)
[DEBUG] [FluorateGL] glFramebufferTexture2D(target=0x8D40, attachment=0x8D00, textarget=0x0DE1, texture=7, level=0)
[DEBUG] [FluorateGL] glFramebufferTexture2D(target=0x8D40, attachment=0x8D00, textarget=0x0DE1, texture=0, level=0)
[DEBUG] [FluorateGL] glFramebufferTexture2D(target=0x8D40, attachment=0x8CE0, textarget=0x0DE1, texture=8, level=0)
[DEBUG] [FluorateGL] glFramebufferTexture2D(target=0x8D40, attachment=0x8D00, textarget=0x0DE1, texture=0, level=0)
[DEBUG] [FluorateGL] glFramebufferTexture2D(target=0x8D40, attachment=0x8CE0, textarget=0x0DE1, texture=0, level=0)
[DEBUG] [FluorateGL] glBindBuffer(0x8892): desktop 35 -> GLES 35 (tid=13770)
[DEBUG] [FluorateGL] glBindBuffer(0x8892): desktop 38 -> GLES 38 (tid=13770)
[DEBUG] [FluorateGL] glBindBuffer(0x8A11): desktop 2 -> GLES 2 (tid=13770)
[DEBUG] [FluorateGL] glBindVertexBuffer(binding=0, buf=35, offset=0, stride=16) desktop 35 -> GLES 35 (tid=13770)
[DEBUG] [FluorateGL] glBindBuffer(0x8893): desktop 40 -> GLES 40 (tid=13770)
[DEBUG] [FluorateGL] glDrawElements(mode=0x0004, count=30, type=0x1403, indices=0x0) bound_vao=1 bound_buf=40 (tid=13770)
[DEBUG] [FluorateGL] glTexParameteri(target=0x0DE1, pname=0x813C, param=0)
[DEBUG] [FluorateGL] glTexParameteri(target=0x0DE1, pname=0x813D, param=0)
[DEBUG] [FluorateGL] glBindVertexBuffer(binding=0, buf=38, offset=0, stride=24) desktop 38 -> GLES 38 (tid=13770)
[DEBUG] [FluorateGL] glBindBuffer(0x8893): desktop 40 -> GLES 40 (tid=13770)
[DEBUG] [FluorateGL] glDrawElements(mode=0x0004, count=12, type=0x1403, indices=0x0) bound_vao=2 bound_buf=40 (tid=13770)
[DEBUG] [FluorateGL] glFramebufferTexture2D(target=0x8CA9, attachment=0x8CE0, textarget=0x0DE1, texture=8, level=0)
[DEBUG] [FluorateGL] glFramebufferTexture2D(target=0x8CA9, attachment=0x8D00, textarget=0x0DE1, texture=0, level=0)
[DEBUG] [FluorateGL] glBindBuffer(0x8A11): desktop 15 -> GLES 15 (tid=13770)
[DEBUG] [FluorateGL] glFramebufferTexture2D(target=0x8D40, attachment=0x8CE0, textarget=0x0DE1, texture=0, level=0)
[DEBUG] [FluorateGL] glFramebufferTexture2D(target=0x8D40, attachment=0x8D00, textarget=0x0DE1, texture=7, level=0)
[DEBUG] [FluorateGL] glFramebufferTexture2D(target=0x8D40, attachment=0x8D00, textarget=0x0DE1, texture=0, level=0)
[DEBUG] [FluorateGL] glFramebufferTexture2D(target=0x8D40, attachment=0x8CE0, textarget=0x0DE1, texture=8, level=0)
[DEBUG] [FluorateGL] glFramebufferTexture2D(target=0x8D40, attachment=0x8D00, textarget=0x0DE1, texture=0, level=0)
[DEBUG] [FluorateGL] glFramebufferTexture2D(target=0x8D40, attachment=0x8CE0, textarget=0x0DE1, texture=0, level=0)
[DEBUG] [FluorateGL] glBindBuffer(0x8892): desktop 36 -> GLES 36 (tid=13770)
[DEBUG] [FluorateGL] glBindBuffer(0x8892): desktop 39 -> GLES 39 (tid=13770)
[DEBUG] [FluorateGL] glBindBuffer(0x8A11): desktop 3 -> GLES 3 (tid=13770)
[DEBUG] [FluorateGL] glBindVertexBuffer(binding=0, buf=36, offset=0, stride=16) desktop 36 -> GLES 36 (tid=13770)
[DEBUG] [FluorateGL] glBindBuffer(0x8893): desktop 40 -> GLES 40 (tid=13770)
[DEBUG] [FluorateGL] glDrawElements(mode=0x0004, count=30, type=0x1403, indices=0x0) bound_vao=1 bound_buf=40 (tid=13770)
[DEBUG] [FluorateGL] glTexParameteri(target=0x0DE1, pname=0x813C, param=0)
[DEBUG] [FluorateGL] glTexParameteri(target=0x0DE1, pname=0x813D, param=0)
[DEBUG] [FluorateGL] glBindVertexBuffer(binding=0, buf=39, offset=0, stride=24) desktop 39 -> GLES 39 (tid=13770)
[DEBUG] [FluorateGL] glBindBuffer(0x8893): desktop 40 -> GLES 40 (tid=13770)
[DEBUG] [FluorateGL] glDrawElements(mode=0x0004, count=12, type=0x1403, indices=0x0) bound_vao=2 bound_buf=40 (tid=13770)
[DEBUG] [FluorateGL] glFramebufferTexture2D(target=0x8CA9, attachment=0x8CE0, textarget=0x0DE1, texture=8, level=0)
[DEBUG] [FluorateGL] glFramebufferTexture2D(target=0x8CA9, attachment=0x8D00, textarget=0x0DE1, texture=0, level=0)
[DEBUG] [FluorateGL] glBindBuffer(0x8A11): desktop 15 -> GLES 15 (tid=13770)
[DEBUG] [FluorateGL] glFramebufferTexture2D(target=0x8D40, attachment=0x8CE0, textarget=0x0DE1, texture=0, level=0)
[DEBUG] [FluorateGL] glFramebufferTexture2D(target=0x8D40, attachment=0x8D00, textarget=0x0DE1, texture=7, level=0)
[DEBUG] [FluorateGL] glFramebufferTexture2D(target=0x8D40, attachment=0x8D00, textarget=0x0DE1, texture=0, level=0)
[DEBUG] [FluorateGL] glFramebufferTexture2D(target=0x8D40, attachment=0x8CE0, textarget=0x0DE1, texture=8, level=0)
[DEBUG] [FluorateGL] glFramebufferTexture2D(target=0x8D40, attachment=0x8D00, textarget=0x0DE1, texture=0, level=0)
[DEBUG] [FluorateGL] glFramebufferTexture2D(target=0x8D40, attachment=0x8CE0, textarget=0x0DE1, texture=0, level=0)
[DEBUG] [FluorateGL] glBindBuffer(0x8892): desktop 34 -> GLES 34 (tid=13770)
[DEBUG] [FluorateGL] glBindBuffer(0x8892): desktop 37 -> GLES 37 (tid=13770)
[DEBUG] [FluorateGL] glBindBuffer(0x8A11): desktop 1 -> GLES 1 (tid=13770)
[DEBUG] [FluorateGL] glBindVertexBuffer(binding=0, buf=34, offset=0, stride=16) desktop 34 -> GLES 34 (tid=13770)
[DEBUG] [FluorateGL] glBindBuffer(0x8893): desktop 40 -> GLES 40 (tid=13770)
[DEBUG] [FluorateGL] glDrawElements(mode=0x0004, count=30, type=0x1403, indices=0x0) bound_vao=1 bound_buf=40 (tid=13770)
[DEBUG] [FluorateGL] glTexParameteri(target=0x0DE1, pname=0x813C, param=0)
[DEBUG] [FluorateGL] glTexParameteri(target=0x0DE1, pname=0x813D, param=0)
[DEBUG] [FluorateGL] glBindVertexBuffer(binding=0, buf=37, offset=0, stride=24) desktop 37 -> GLES 37 (tid=13770)
[DEBUG] [FluorateGL] glBindBuffer(0x8893): desktop 40 -> GLES 40 (tid=13770)
[DEBUG] [FluorateGL] glDrawElements(mode=0x0004, count=12, type=0x1403, indices=0x0) bound_vao=2 bound_buf=40 (tid=13770)
[DEBUG] [FluorateGL] glFramebufferTexture2D(target=0x8CA9, attachment=0x8CE0, textarget=0x0DE1, texture=8, level=0)
[DEBUG] [FluorateGL] glFramebufferTexture2D(target=0x8CA9, attachment=0x8D00, textarget=0x0DE1, texture=0, level=0)
[DEBUG] [FluorateGL] glBindBuffer(0x8A11): desktop 15 -> GLES 15 (tid=13770)
[DEBUG] [FluorateGL] glFramebufferTexture2D(target=0x8D40, attachment=0x8CE0, textarget=0x0DE1, texture=0, level=0)
[DEBUG] [FluorateGL] glFramebufferTexture2D(target=0x8D40, attachment=0x8D00, textarget=0x0DE1, texture=7, level=0)
[DEBUG] [FluorateGL] glFramebufferTexture2D(target=0x8D40, attachment=0x8D00, textarget=0x0DE1, texture=0, level=0)
[DEBUG] [FluorateGL] glFramebufferTexture2D(target=0x8D40, attachment=0x8CE0, textarget=0x0DE1, texture=8, level=0)
[DEBUG] [FluorateGL] glFramebufferTexture2D(target=0x8D40, attachment=0x8D00, textarget=0x0DE1, texture=0, level=0)
[DEBUG] [FluorateGL] glFramebufferTexture2D(target=0x8D40, attachment=0x8CE0, textarget=0x0DE1, texture=0, level=0)
[DEBUG] [FluorateGL] glBindBuffer(0x8892): desktop 35 -> GLES 35 (tid=13770)
[DEBUG] [FluorateGL] glBindBuffer(0x8892): desktop 38 -> GLES 38 (tid=13770)
[DEBUG] [FluorateGL] glBindBuffer(0x8A11): desktop 2 -> GLES 2 (tid=13770)
[DEBUG] [FluorateGL] glBindVertexBuffer(binding=0, buf=35, offset=0, stride=16) desktop 35 -> GLES 35 (tid=13770)
[DEBUG] [FluorateGL] glBindBuffer(0x8893): desktop 40 -> GLES 40 (tid=13770)
[DEBUG] [FluorateGL] glDrawElements(mode=0x0004, count=30, type=0x1403, indices=0x0) bound_vao=1 bound_buf=40 (tid=13770)
[DEBUG] [FluorateGL] glTexParameteri(target=0x0DE1, pname=0x813C, param=0)
[DEBUG] [FluorateGL] glTexParameteri(target=0x0DE1, pname=0x813D, param=0)
[DEBUG] [FluorateGL] glBindVertexBuffer(binding=0, buf=38, offset=0, stride=24) desktop 38 -> GLES 38 (tid=13770)
[DEBUG] [FluorateGL] glBindBuffer(0x8893): desktop 40 -> GLES 40 (tid=13770)
[DEBUG] [FluorateGL] glDrawElements(mode=0x0004, count=12, type=0x1403, indices=0x0) bound_vao=2 bound_buf=40 (tid=13770)
[DEBUG] [FluorateGL] glFramebufferTexture2D(target=0x8CA9, attachment=0x8CE0, textarget=0x0DE1, texture=8, level=0)
[DEBUG] [FluorateGL] glFramebufferTexture2D(target=0x8CA9, attachment=0x8D00, textarget=0x0DE1, texture=0, level=0)
[DEBUG] [FluorateGL] glBindBuffer(0x8A11): desktop 15 -> GLES 15 (tid=13770)
[DEBUG] [FluorateGL] glFramebufferTexture2D(target=0x8D40, attachment=0x8CE0, textarget=0x0DE1, texture=0, level=0)
[DEBUG] [FluorateGL] glFramebufferTexture2D(target=0x8D40, attachment=0x8D00, textarget=0x0DE1, texture=7, level=0)
[DEBUG] [FluorateGL] glFramebufferTexture2D(target=0x8D40, attachment=0x8D00, textarget=0x0DE1, texture=0, level=0)
[DEBUG] [FluorateGL] glFramebufferTexture2D(target=0x8D40, attachment=0x8CE0, textarget=0x0DE1, texture=8, level=0)
[DEBUG] [FluorateGL] glFramebufferTexture2D(target=0x8D40, attachment=0x8D00, textarget=0x0DE1, texture=0, level=0)
[DEBUG] [FluorateGL] glFramebufferTexture2D(target=0x8D40, attachment=0x8CE0, textarget=0x0DE1, texture=0, level=0)
[DEBUG] [FluorateGL] glBindBuffer(0x8892): desktop 36 -> GLES 36 (tid=13770)
[DEBUG] [FluorateGL] glBindBuffer(0x8892): desktop 39 -> GLES 39 (tid=13770)
[DEBUG] [FluorateGL] glBindBuffer(0x8A11): desktop 3 -> GLES 3 (tid=13770)
[DEBUG] [FluorateGL] glBindVertexBuffer(binding=0, buf=36, offset=0, stride=16) desktop 36 -> GLES 36 (tid=13770)
[DEBUG] [FluorateGL] glBindBuffer(0x8893): desktop 40 -> GLES 40 (tid=13770)
[DEBUG] [FluorateGL] glDrawElements(mode=0x0004, count=30, type=0x1403, indices=0x0) bound_vao=1 bound_buf=40 (tid=13770)
[DEBUG] [FluorateGL] glTexParameteri(target=0x0DE1, pname=0x813C, param=0)
[DEBUG] [FluorateGL] glTexParameteri(target=0x0DE1, pname=0x813D, param=0)
[DEBUG] [FluorateGL] glBindVertexBuffer(binding=0, buf=39, offset=0, stride=24) desktop 39 -> GLES 39 (tid=13770)
[DEBUG] [FluorateGL] glBindBuffer(0x8893): desktop 40 -> GLES 40 (tid=13770)
[DEBUG] [FluorateGL] glDrawElements(mode=0x0004, count=12, type=0x1403, indices=0x0) bound_vao=2 bound_buf=40 (tid=13770)
[DEBUG] [FluorateGL] glFramebufferTexture2D(target=0x8CA9, attachment=0x8CE0, textarget=0x0DE1, texture=8, level=0)
[DEBUG] [FluorateGL] glFramebufferTexture2D(target=0x8CA9, attachment=0x8D00, textarget=0x0DE1, texture=0, level=0)
[DEBUG] [FluorateGL] glBindBuffer(0x8A11): desktop 15 -> GLES 15 (tid=13770)
[DEBUG] [FluorateGL] glFramebufferTexture2D(target=0x8D40, attachment=0x8CE0, textarget=0x0DE1, texture=0, level=0)
[DEBUG] [FluorateGL] glFramebufferTexture2D(target=0x8D40, attachment=0x8D00, textarget=0x0DE1, texture=7, level=0)
[DEBUG] [FluorateGL] glFramebufferTexture2D(target=0x8D40, attachment=0x8D00, textarget=0x0DE1, texture=0, level=0)
[DEBUG] [FluorateGL] glFramebufferTexture2D(target=0x8D40, attachment=0x8CE0, textarget=0x0DE1, texture=8, level=0)
[DEBUG] [FluorateGL] glFramebufferTexture2D(target=0x8D40, attachment=0x8D00, textarget=0x0DE1, texture=0, level=0)
[DEBUG] [FluorateGL] glFramebufferTexture2D(target=0x8D40, attachment=0x8CE0, textarget=0x0DE1, texture=0, level=0)
[DEBUG] [FluorateGL] glBindBuffer(0x8892): desktop 34 -> GLES 34 (tid=13770)
[DEBUG] [FluorateGL] glBindBuffer(0x8892): desktop 37 -> GLES 37 (tid=13770)
[DEBUG] [FluorateGL] glBindBuffer(0x8A11): desktop 1 -> GLES 1 (tid=13770)
[DEBUG] [FluorateGL] glBindVertexBuffer(binding=0, buf=34, offset=0, stride=16) desktop 34 -> GLES 34 (tid=13770)
[DEBUG] [FluorateGL] glBindBuffer(0x8893): desktop 40 -> GLES 40 (tid=13770)
[DEBUG] [FluorateGL] glDrawElements(mode=0x0004, count=30, type=0x1403, indices=0x0) bound_vao=1 bound_buf=40 (tid=13770)
[DEBUG] [FluorateGL] glTexParameteri(target=0x0DE1, pname=0x813C, param=0)
[DEBUG] [FluorateGL] glTexParameteri(target=0x0DE1, pname=0x813D, param=0)
[DEBUG] [FluorateGL] glBindVertexBuffer(binding=0, buf=37, offset=0, stride=24) desktop 37 -> GLES 37 (tid=13770)
[DEBUG] [FluorateGL] glBindBuffer(0x8893): desktop 40 -> GLES 40 (tid=13770)
[DEBUG] [FluorateGL] glDrawElements(mode=0x0004, count=12, type=0x1403, indices=0x0) bound_vao=2 bound_buf=40 (tid=13770)
[DEBUG] [FluorateGL] glFramebufferTexture2D(target=0x8CA9, attachment=0x8CE0, textarget=0x0DE1, texture=8, level=0)
[DEBUG] [FluorateGL] glFramebufferTexture2D(target=0x8CA9, attachment=0x8D00, textarget=0x0DE1, texture=0, level=0)
[DEBUG] [FluorateGL] glBindBuffer(0x8A11): desktop 15 -> GLES 15 (tid=13770)
[DEBUG] [FluorateGL] glFramebufferTexture2D(target=0x8D40, attachment=0x8CE0, textarget=0x0DE1, texture=0, level=0)
[DEBUG] [FluorateGL] glFramebufferTexture2D(target=0x8D40, attachment=0x8D00, textarget=0x0DE1, texture=7, level=0)
[DEBUG] [FluorateGL] glFramebufferTexture2D(target=0x8D40, attachment=0x8D00, textarget=0x0DE1, texture=0, level=0)
[DEBUG] [FluorateGL] glFramebufferTexture2D(target=0x8D40, attachment=0x8CE0, textarget=0x0DE1, texture=8, level=0)
[DEBUG] [FluorateGL] glFramebufferTexture2D(target=0x8D40, attachment=0x8D00, textarget=0x0DE1, texture=0, level=0)
[DEBUG] [FluorateGL] glFramebufferTexture2D(target=0x8D40, attachment=0x8CE0, textarget=0x0DE1, texture=0, level=0)
[DEBUG] [FluorateGL] glBindBuffer(0x8892): desktop 35 -> GLES 35 (tid=13770)
[DEBUG] [FluorateGL] glBindBuffer(0x8892): desktop 38 -> GLES 38 (tid=13770)
[DEBUG] [FluorateGL] glBindBuffer(0x8A11): desktop 2 -> GLES 2 (tid=13770)
[DEBUG] [FluorateGL] glBindVertexBuffer(binding=0, buf=35, offset=0, stride=16) desktop 35 -> GLES 35 (tid=13770)
[DEBUG] [FluorateGL] glBindBuffer(0x8893): desktop 40 -> GLES 40 (tid=13770)
[DEBUG] [FluorateGL] glDrawElements(mode=0x0004, count=30, type=0x1403, indices=0x0) bound_vao=1 bound_buf=40 (tid=13770)
[DEBUG] [FluorateGL] glTexParameteri(target=0x0DE1, pname=0x813C, param=0)
[DEBUG] [FluorateGL] glTexParameteri(target=0x0DE1, pname=0x813D, param=0)
[DEBUG] [FluorateGL] glBindVertexBuffer(binding=0, buf=38, offset=0, stride=24) desktop 38 -> GLES 38 (tid=13770)
[DEBUG] [FluorateGL] glBindBuffer(0x8893): desktop 40 -> GLES 40 (tid=13770)
[DEBUG] [FluorateGL] glDrawElements(mode=0x0004, count=12, type=0x1403, indices=0x0) bound_vao=2 bound_buf=40 (tid=13770)
[DEBUG] [FluorateGL] glFramebufferTexture2D(target=0x8CA9, attachment=0x8CE0, textarget=0x0DE1, texture=8, level=0)
[DEBUG] [FluorateGL] glFramebufferTexture2D(target=0x8CA9, attachment=0x8D00, textarget=0x0DE1, texture=0, level=0)
[DEBUG] [FluorateGL] glBindBuffer(0x8A11): desktop 15 -> GLES 15 (tid=13770)
[DEBUG] [FluorateGL] glFramebufferTexture2D(target=0x8D40, attachment=0x8CE0, textarget=0x0DE1, texture=0, level=0)
[DEBUG] [FluorateGL] glFramebufferTexture2D(target=0x8D40, attachment=0x8D00, textarget=0x0DE1, texture=7, level=0)
[DEBUG] [FluorateGL] glFramebufferTexture2D(target=0x8D40, attachment=0x8D00, textarget=0x0DE1, texture=0, level=0)
[DEBUG] [FluorateGL] glFramebufferTexture2D(target=0x8D40, attachment=0x8CE0, textarget=0x0DE1, texture=8, level=0)
[DEBUG] [FluorateGL] glFramebufferTexture2D(target=0x8D40, attachment=0x8D00, textarget=0x0DE1, texture=0, level=0)
[DEBUG] [FluorateGL] glFramebufferTexture2D(target=0x8D40, attachment=0x8CE0, textarget=0x0DE1, texture=0, level=0)
[DEBUG] [FluorateGL] glBindBuffer(0x8892): desktop 36 -> GLES 36 (tid=13770)
[DEBUG] [FluorateGL] glBindBuffer(0x8892): desktop 39 -> GLES 39 (tid=13770)
[DEBUG] [FluorateGL] glBindBuffer(0x8A11): desktop 3 -> GLES 3 (tid=13770)
[DEBUG] [FluorateGL] glBindVertexBuffer(binding=0, buf=36, offset=0, stride=16) desktop 36 -> GLES 36 (tid=13770)
[DEBUG] [FluorateGL] glBindBuffer(0x8893): desktop 40 -> GLES 40 (tid=13770)
[DEBUG] [FluorateGL] glDrawElements(mode=0x0004, count=30, type=0x1403, indices=0x0) bound_vao=1 bound_buf=40 (tid=13770)
[DEBUG] [FluorateGL] glTexParameteri(target=0x0DE1, pname=0x813C, param=0)
[DEBUG] [FluorateGL] glTexParameteri(target=0x0DE1, pname=0x813D, param=0)
[DEBUG] [FluorateGL] glBindVertexBuffer(binding=0, buf=39, offset=0, stride=24) desktop 39 -> GLES 39 (tid=13770)
[DEBUG] [FluorateGL] glBindBuffer(0x8893): desktop 40 -> GLES 40 (tid=13770)
[DEBUG] [FluorateGL] glDrawElements(mode=0x0004, count=12, type=0x1403, indices=0x0) bound_vao=2 bound_buf=40 (tid=13770)
[DEBUG] [FluorateGL] glFramebufferTexture2D(target=0x8CA9, attachment=0x8CE0, textarget=0x0DE1, texture=8, level=0)
[DEBUG] [FluorateGL] glFramebufferTexture2D(target=0x8CA9, attachment=0x8D00, textarget=0x0DE1, texture=0, level=0)
[DEBUG] [FluorateGL] glBindBuffer(0x8A11): desktop 15 -> GLES 15 (tid=13770)
[DEBUG] [FluorateGL] glFramebufferTexture2D(target=0x8D40, attachment=0x8CE0, textarget=0x0DE1, texture=0, level=0)
[DEBUG] [FluorateGL] glFramebufferTexture2D(target=0x8D40, attachment=0x8D00, textarget=0x0DE1, texture=7, level=0)
[DEBUG] [FluorateGL] glFramebufferTexture2D(target=0x8D40, attachment=0x8D00, textarget=0x0DE1, texture=0, level=0)
[DEBUG] [FluorateGL] glFramebufferTexture2D(target=0x8D40, attachment=0x8CE0, textarget=0x0DE1, texture=8, level=0)
[DEBUG] [FluorateGL] glFramebufferTexture2D(target=0x8D40, attachment=0x8D00, textarget=0x0DE1, texture=0, level=0)
[DEBUG] [FluorateGL] glFramebufferTexture2D(target=0x8D40, attachment=0x8CE0, textarget=0x0DE1, texture=0, level=0)
[DEBUG] [FluorateGL] glBindBuffer(0x8892): desktop 34 -> GLES 34 (tid=13770)
[DEBUG] [FluorateGL] glBindBuffer(0x8892): desktop 37 -> GLES 37 (tid=13770)
[DEBUG] [FluorateGL] glBindBuffer(0x8A11): desktop 1 -> GLES 1 (tid=13770)
[DEBUG] [FluorateGL] glBindVertexBuffer(binding=0, buf=34, offset=0, stride=16) desktop 34 -> GLES 34 (tid=13770)
[DEBUG] [FluorateGL] glBindBuffer(0x8893): desktop 40 -> GLES 40 (tid=13770)
[DEBUG] [FluorateGL] glDrawElements(mode=0x0004, count=30, type=0x1403, indices=0x0) bound_vao=1 bound_buf=40 (tid=13770)
[DEBUG] [FluorateGL] glTexParameteri(target=0x0DE1, pname=0x813C, param=0)
[DEBUG] [FluorateGL] glTexParameteri(target=0x0DE1, pname=0x813D, param=0)
[DEBUG] [FluorateGL] glBindVertexBuffer(binding=0, buf=37, offset=0, stride=24) desktop 37 -> GLES 37 (tid=13770)
[DEBUG] [FluorateGL] glBindBuffer(0x8893): desktop 40 -> GLES 40 (tid=13770)
[DEBUG] [FluorateGL] glDrawElements(mode=0x0004, count=12, type=0x1403, indices=0x0) bound_vao=2 bound_buf=40 (tid=13770)
[DEBUG] [FluorateGL] glFramebufferTexture2D(target=0x8CA9, attachment=0x8CE0, textarget=0x0DE1, texture=8, level=0)
[DEBUG] [FluorateGL] glFramebufferTexture2D(target=0x8CA9, attachment=0x8D00, textarget=0x0DE1, texture=0, level=0)
[DEBUG] [FluorateGL] glBindBuffer(0x8A11): desktop 15 -> GLES 15 (tid=13770)
[DEBUG] [FluorateGL] glFramebufferTexture2D(target=0x8D40, attachment=0x8CE0, textarget=0x0DE1, texture=0, level=0)
[DEBUG] [FluorateGL] glFramebufferTexture2D(target=0x8D40, attachment=0x8D00, textarget=0x0DE1, texture=7, level=0)
[DEBUG] [FluorateGL] glFramebufferTexture2D(target=0x8D40, attachment=0x8D00, textarget=0x0DE1, texture=0, level=0)
[DEBUG] [FluorateGL] glFramebufferTexture2D(target=0x8D40, attachment=0x8CE0, textarget=0x0DE1, texture=8, level=0)
[DEBUG] [FluorateGL] glFramebufferTexture2D(target=0x8D40, attachment=0x8D00, textarget=0x0DE1, texture=0, level=0)
[DEBUG] [FluorateGL] glFramebufferTexture2D(target=0x8D40, attachment=0x8CE0, textarget=0x0DE1, texture=0, level=0)
[DEBUG] [FluorateGL] glBindBuffer(0x8892): desktop 35 -> GLES 35 (tid=13770)
[DEBUG] [FluorateGL] glBindBuffer(0x8892): desktop 38 -> GLES 38 (tid=13770)
[DEBUG] [FluorateGL] glBindBuffer(0x8A11): desktop 2 -> GLES 2 (tid=13770)
[DEBUG] [FluorateGL] glBindVertexBuffer(binding=0, buf=35, offset=0, stride=16) desktop 35 -> GLES 35 (tid=13770)
[DEBUG] [FluorateGL] glBindBuffer(0x8893): desktop 40 -> GLES 40 (tid=13770)
[DEBUG] [FluorateGL] glDrawElements(mode=0x0004, count=30, type=0x1403, indices=0x0) bound_vao=1 bound_buf=40 (tid=13770)
[DEBUG] [FluorateGL] glTexParameteri(target=0x0DE1, pname=0x813C, param=0)
[DEBUG] [FluorateGL] glTexParameteri(target=0x0DE1, pname=0x813D, param=0)
[DEBUG] [FluorateGL] glBindVertexBuffer(binding=0, buf=38, offset=0, stride=24) desktop 38 -> GLES 38 (tid=13770)
[DEBUG] [FluorateGL] glBindBuffer(0x8893): desktop 40 -> GLES 40 (tid=13770)
[DEBUG] [FluorateGL] glDrawElements(mode=0x0004, count=12, type=0x1403, indices=0x0) bound_vao=2 bound_buf=40 (tid=13770)
[DEBUG] [FluorateGL] glFramebufferTexture2D(target=0x8CA9, attachment=0x8CE0, textarget=0x0DE1, texture=8, level=0)
[DEBUG] [FluorateGL] glFramebufferTexture2D(target=0x8CA9, attachment=0x8D00, textarget=0x0DE1, texture=0, level=0)
[DEBUG] [FluorateGL] glBindBuffer(0x8A11): desktop 15 -> GLES 15 (tid=13770)
[DEBUG] [FluorateGL] glFramebufferTexture2D(target=0x8D40, attachment=0x8CE0, textarget=0x0DE1, texture=0, level=0)
[DEBUG] [FluorateGL] glFramebufferTexture2D(target=0x8D40, attachment=0x8D00, textarget=0x0DE1, texture=7, level=0)
[DEBUG] [FluorateGL] glFramebufferTexture2D(target=0x8D40, attachment=0x8D00, textarget=0x0DE1, texture=0, level=0)
[DEBUG] [FluorateGL] glFramebufferTexture2D(target=0x8D40, attachment=0x8CE0, textarget=0x0DE1, texture=8, level=0)
[DEBUG] [FluorateGL] glFramebufferTexture2D(target=0x8D40, attachment=0x8D00, textarget=0x0DE1, texture=0, level=0)
[DEBUG] [FluorateGL] glFramebufferTexture2D(target=0x8D40, attachment=0x8CE0, textarget=0x0DE1, texture=0, level=0)
[DEBUG] [FluorateGL] glBindBuffer(0x8892): desktop 36 -> GLES 36 (tid=13770)
[DEBUG] [FluorateGL] glBindBuffer(0x8892): desktop 39 -> GLES 39 (tid=13770)
[DEBUG] [FluorateGL] glBindBuffer(0x8A11): desktop 3 -> GLES 3 (tid=13770)
[DEBUG] [FluorateGL] glBindVertexBuffer(binding=0, buf=36, offset=0, stride=16) desktop 36 -> GLES 36 (tid=13770)
[DEBUG] [FluorateGL] glBindBuffer(0x8893): desktop 40 -> GLES 40 (tid=13770)
[DEBUG] [FluorateGL] glDrawElements(mode=0x0004, count=30, type=0x1403, indices=0x0) bound_vao=1 bound_buf=40 (tid=13770)
[DEBUG] [FluorateGL] glTexParameteri(target=0x0DE1, pname=0x813C, param=0)
[DEBUG] [FluorateGL] glTexParameteri(target=0x0DE1, pname=0x813D, param=0)
[DEBUG] [FluorateGL] glBindVertexBuffer(binding=0, buf=39, offset=0, stride=24) desktop 39 -> GLES 39 (tid=13770)
[DEBUG] [FluorateGL] glBindBuffer(0x8893): desktop 40 -> GLES 40 (tid=13770)
[DEBUG] [FluorateGL] glDrawElements(mode=0x0004, count=12, type=0x1403, indices=0x0) bound_vao=2 bound_buf=40 (tid=13770)
[DEBUG] [FluorateGL] glFramebufferTexture2D(target=0x8CA9, attachment=0x8CE0, textarget=0x0DE1, texture=8, level=0)
[DEBUG] [FluorateGL] glFramebufferTexture2D(target=0x8CA9, attachment=0x8D00, textarget=0x0DE1, texture=0, level=0)
[DEBUG] [FluorateGL] glBindBuffer(0x8A11): desktop 15 -> GLES 15 (tid=13770)
[DEBUG] [FluorateGL] glFramebufferTexture2D(target=0x8D40, attachment=0x8CE0, textarget=0x0DE1, texture=0, level=0)
[DEBUG] [FluorateGL] glFramebufferTexture2D(target=0x8D40, attachment=0x8D00, textarget=0x0DE1, texture=7, level=0)
[DEBUG] [FluorateGL] glFramebufferTexture2D(target=0x8D40, attachment=0x8D00, textarget=0x0DE1, texture=0, level=0)
[DEBUG] [FluorateGL] glFramebufferTexture2D(target=0x8D40, attachment=0x8CE0, textarget=0x0DE1, texture=8, level=0)
[DEBUG] [FluorateGL] glFramebufferTexture2D(target=0x8D40, attachment=0x8D00, textarget=0x0DE1, texture=0, level=0)
[DEBUG] [FluorateGL] glFramebufferTexture2D(target=0x8D40, attachment=0x8CE0, textarget=0x0DE1, texture=0, level=0)
[DEBUG] [FluorateGL] glBindBuffer(0x8892): desktop 34 -> GLES 34 (tid=13770)
[DEBUG] [FluorateGL] glBindBuffer(0x8892): desktop 37 -> GLES 37 (tid=13770)
[DEBUG] [FluorateGL] glBindBuffer(0x8A11): desktop 1 -> GLES 1 (tid=13770)
[DEBUG] [FluorateGL] glBindVertexBuffer(binding=0, buf=34, offset=0, stride=16) desktop 34 -> GLES 34 (tid=13770)
[DEBUG] [FluorateGL] glBindBuffer(0x8893): desktop 40 -> GLES 40 (tid=13770)
[DEBUG] [FluorateGL] glDrawElements(mode=0x0004, count=30, type=0x1403, indices=0x0) bound_vao=1 bound_buf=40 (tid=13770)
[DEBUG] [FluorateGL] glTexParameteri(target=0x0DE1, pname=0x813C, param=0)
[DEBUG] [FluorateGL] glTexParameteri(target=0x0DE1, pname=0x813D, param=0)
[DEBUG] [FluorateGL] glBindVertexBuffer(binding=0, buf=37, offset=0, stride=24) desktop 37 -> GLES 37 (tid=13770)
[DEBUG] [FluorateGL] glBindBuffer(0x8893): desktop 40 -> GLES 40 (tid=13770)
[DEBUG] [FluorateGL] glDrawElements(mode=0x0004, count=12, type=0x1403, indices=0x0) bound_vao=2 bound_buf=40 (tid=13770)
[DEBUG] [FluorateGL] glFramebufferTexture2D(target=0x8CA9, attachment=0x8CE0, textarget=0x0DE1, texture=8, level=0)
[DEBUG] [FluorateGL] glFramebufferTexture2D(target=0x8CA9, attachment=0x8D00, textarget=0x0DE1, texture=0, level=0)
[DEBUG] [FluorateGL] glBindBuffer(0x8A11): desktop 15 -> GLES 15 (tid=13770)
[DEBUG] [FluorateGL] glFramebufferTexture2D(target=0x8D40, attachment=0x8CE0, textarget=0x0DE1, texture=0, level=0)
[DEBUG] [FluorateGL] glFramebufferTexture2D(target=0x8D40, attachment=0x8D00, textarget=0x0DE1, texture=7, level=0)
[DEBUG] [FluorateGL] glFramebufferTexture2D(target=0x8D40, attachment=0x8D00, textarget=0x0DE1, texture=0, level=0)
[DEBUG] [FluorateGL] glFramebufferTexture2D(target=0x8D40, attachment=0x8CE0, textarget=0x0DE1, texture=8, level=0)
[DEBUG] [FluorateGL] glFramebufferTexture2D(target=0x8D40, attachment=0x8D00, textarget=0x0DE1, texture=0, level=0)
[DEBUG] [FluorateGL] glFramebufferTexture2D(target=0x8D40, attachment=0x8CE0, textarget=0x0DE1, texture=0, level=0)
[DEBUG] [FluorateGL] glBindBuffer(0x8892): desktop 35 -> GLES 35 (tid=13770)
[DEBUG] [FluorateGL] glBindBuffer(0x8892): desktop 38 -> GLES 38 (tid=13770)
[DEBUG] [FluorateGL] glBindBuffer(0x8A11): desktop 2 -> GLES 2 (tid=13770)
[DEBUG] [FluorateGL] glBindVertexBuffer(binding=0, buf=35, offset=0, stride=16) desktop 35 -> GLES 35 (tid=13770)
[DEBUG] [FluorateGL] glBindBuffer(0x8893): desktop 40 -> GLES 40 (tid=13770)
[DEBUG] [FluorateGL] glDrawElements(mode=0x0004, count=30, type=0x1403, indices=0x0) bound_vao=1 bound_buf=40 (tid=13770)
[DEBUG] [FluorateGL] glTexParameteri(target=0x0DE1, pname=0x813C, param=0)
[DEBUG] [FluorateGL] glTexParameteri(target=0x0DE1, pname=0x813D, param=0)
[DEBUG] [FluorateGL] glBindVertexBuffer(binding=0, buf=38, offset=0, stride=24) desktop 38 -> GLES 38 (tid=13770)
[DEBUG] [FluorateGL] glBindBuffer(0x8893): desktop 40 -> GLES 40 (tid=13770)
[DEBUG] [FluorateGL] glDrawElements(mode=0x0004, count=12, type=0x1403, indices=0x0) bound_vao=2 bound_buf=40 (tid=13770)
[DEBUG] [FluorateGL] glFramebufferTexture2D(target=0x8CA9, attachment=0x8CE0, textarget=0x0DE1, texture=8, level=0)
[DEBUG] [FluorateGL] glFramebufferTexture2D(target=0x8CA9, attachment=0x8D00, textarget=0x0DE1, texture=0, level=0)
[DEBUG] [FluorateGL] glBindBuffer(0x8A11): desktop 15 -> GLES 15 (tid=13770)
[DEBUG] [FluorateGL] glFramebufferTexture2D(target=0x8D40, attachment=0x8CE0, textarget=0x0DE1, texture=0, level=0)
[DEBUG] [FluorateGL] glFramebufferTexture2D(target=0x8D40, attachment=0x8D00, textarget=0x0DE1, texture=7, level=0)
[DEBUG] [FluorateGL] glFramebufferTexture2D(target=0x8D40, attachment=0x8D00, textarget=0x0DE1, texture=0, level=0)
[DEBUG] [FluorateGL] glFramebufferTexture2D(target=0x8D40, attachment=0x8CE0, textarget=0x0DE1, texture=8, level=0)
[DEBUG] [FluorateGL] glFramebufferTexture2D(target=0x8D40, attachment=0x8D00, textarget=0x0DE1, texture=0, level=0)
[DEBUG] [FluorateGL] glFramebufferTexture2D(target=0x8D40, attachment=0x8CE0, textarget=0x0DE1, texture=0, level=0)
[DEBUG] [FluorateGL] glBindBuffer(0x8892): desktop 36 -> GLES 36 (tid=13770)
[DEBUG] [FluorateGL] glBindBuffer(0x8892): desktop 39 -> GLES 39 (tid=13770)
[DEBUG] [FluorateGL] glBindBuffer(0x8A11): desktop 3 -> GLES 3 (tid=13770)
[DEBUG] [FluorateGL] glBindVertexBuffer(binding=0, buf=36, offset=0, stride=16) desktop 36 -> GLES 36 (tid=13770)
[DEBUG] [FluorateGL] glBindBuffer(0x8893): desktop 40 -> GLES 40 (tid=13770)
[DEBUG] [FluorateGL] glDrawElements(mode=0x0004, count=30, type=0x1403, indices=0x0) bound_vao=1 bound_buf=40 (tid=13770)
[DEBUG] [FluorateGL] glTexParameteri(target=0x0DE1, pname=0x813C, param=0)
[DEBUG] [FluorateGL] glTexParameteri(target=0x0DE1, pname=0x813D, param=0)
[DEBUG] [FluorateGL] glBindVertexBuffer(binding=0, buf=39, offset=0, stride=24) desktop 39 -> GLES 39 (tid=13770)
[DEBUG] [FluorateGL] glBindBuffer(0x8893): desktop 40 -> GLES 40 (tid=13770)
[DEBUG] [FluorateGL] glDrawElements(mode=0x0004, count=12, type=0x1403, indices=0x0) bound_vao=2 bound_buf=40 (tid=13770)
[DEBUG] [FluorateGL] glFramebufferTexture2D(target=0x8CA9, attachment=0x8CE0, textarget=0x0DE1, texture=8, level=0)
[DEBUG] [FluorateGL] glFramebufferTexture2D(target=0x8CA9, attachment=0x8D00, textarget=0x0DE1, texture=0, level=0)
[DEBUG] [FluorateGL] glBindBuffer(0x8A11): desktop 15 -> GLES 15 (tid=13770)
[DEBUG] [FluorateGL] glFramebufferTexture2D(target=0x8D40, attachment=0x8CE0, textarget=0x0DE1, texture=0, level=0)
[DEBUG] [FluorateGL] glFramebufferTexture2D(target=0x8D40, attachment=0x8D00, textarget=0x0DE1, texture=7, level=0)
[DEBUG] [FluorateGL] glFramebufferTexture2D(target=0x8D40, attachment=0x8D00, textarget=0x0DE1, texture=0, level=0)
[DEBUG] [FluorateGL] glFramebufferTexture2D(target=0x8D40, attachment=0x8CE0, textarget=0x0DE1, texture=8, level=0)
[DEBUG] [FluorateGL] glFramebufferTexture2D(target=0x8D40, attachment=0x8D00, textarget=0x0DE1, texture=0, level=0)
[DEBUG] [FluorateGL] glFramebufferTexture2D(target=0x8D40, attachment=0x8CE0, textarget=0x0DE1, texture=0, level=0)
[DEBUG] [FluorateGL] glBindBuffer(0x8892): desktop 34 -> GLES 34 (tid=13770)
[DEBUG] [FluorateGL] glBindBuffer(0x8892): desktop 37 -> GLES 37 (tid=13770)
[DEBUG] [FluorateGL] glBindBuffer(0x8A11): desktop 1 -> GLES 1 (tid=13770)
[DEBUG] [FluorateGL] glBindVertexBuffer(binding=0, buf=34, offset=0, stride=16) desktop 34 -> GLES 34 (tid=13770)
[DEBUG] [FluorateGL] glBindBuffer(0x8893): desktop 40 -> GLES 40 (tid=13770)
[DEBUG] [FluorateGL] glDrawElements(mode=0x0004, count=30, type=0x1403, indices=0x0) bound_vao=1 bound_buf=40 (tid=13770)
[DEBUG] [FluorateGL] glTexParameteri(target=0x0DE1, pname=0x813C, param=0)
[DEBUG] [FluorateGL] glTexParameteri(target=0x0DE1, pname=0x813D, param=0)
[DEBUG] [FluorateGL] glBindVertexBuffer(binding=0, buf=37, offset=0, stride=24) desktop 37 -> GLES 37 (tid=13770)
[DEBUG] [FluorateGL] glBindBuffer(0x8893): desktop 40 -> GLES 40 (tid=13770)
[DEBUG] [FluorateGL] glDrawElements(mode=0x0004, count=12, type=0x1403, indices=0x0) bound_vao=2 bound_buf=40 (tid=13770)
[DEBUG] [FluorateGL] glFramebufferTexture2D(target=0x8CA9, attachment=0x8CE0, textarget=0x0DE1, texture=8, level=0)
[DEBUG] [FluorateGL] glFramebufferTexture2D(target=0x8CA9, attachment=0x8D00, textarget=0x0DE1, texture=0, level=0)
[DEBUG] [FluorateGL] glBindBuffer(0x8A11): desktop 15 -> GLES 15 (tid=13770)
[DEBUG] [FluorateGL] glFramebufferTexture2D(target=0x8D40, attachment=0x8CE0, textarget=0x0DE1, texture=0, level=0)
[DEBUG] [FluorateGL] glFramebufferTexture2D(target=0x8D40, attachment=0x8D00, textarget=0x0DE1, texture=7, level=0)
[DEBUG] [FluorateGL] glFramebufferTexture2D(target=0x8D40, attachment=0x8D00, textarget=0x0DE1, texture=0, level=0)
[DEBUG] [FluorateGL] glFramebufferTexture2D(target=0x8D40, attachment=0x8CE0, textarget=0x0DE1, texture=8, level=0)
[DEBUG] [FluorateGL] glFramebufferTexture2D(target=0x8D40, attachment=0x8D00, textarget=0x0DE1, texture=0, level=0)
[DEBUG] [FluorateGL] glFramebufferTexture2D(target=0x8D40, attachment=0x8CE0, textarget=0x0DE1, texture=0, level=0)
[DEBUG] [FluorateGL] glBindBuffer(0x8892): desktop 35 -> GLES 35 (tid=13770)
[DEBUG] [FluorateGL] glBindBuffer(0x8892): desktop 38 -> GLES 38 (tid=13770)
[DEBUG] [FluorateGL] glBindBuffer(0x8A11): desktop 2 -> GLES 2 (tid=13770)
[DEBUG] [FluorateGL] glBindVertexBuffer(binding=0, buf=35, offset=0, stride=16) desktop 35 -> GLES 35 (tid=13770)
[DEBUG] [FluorateGL] glBindBuffer(0x8893): desktop 40 -> GLES 40 (tid=13770)
[DEBUG] [FluorateGL] glDrawElements(mode=0x0004, count=30, type=0x1403, indices=0x0) bound_vao=1 bound_buf=40 (tid=13770)
[DEBUG] [FluorateGL] glTexParameteri(target=0x0DE1, pname=0x813C, param=0)
[DEBUG] [FluorateGL] glTexParameteri(target=0x0DE1, pname=0x813D, param=0)
[DEBUG] [FluorateGL] glBindVertexBuffer(binding=0, buf=38, offset=0, stride=24) desktop 38 -> GLES 38 (tid=13770)
[DEBUG] [FluorateGL] glBindBuffer(0x8893): desktop 40 -> GLES 40 (tid=13770)
[DEBUG] [FluorateGL] glDrawElements(mode=0x0004, count=12, type=0x1403, indices=0x0) bound_vao=2 bound_buf=40 (tid=13770)
[DEBUG] [FluorateGL] glFramebufferTexture2D(target=0x8CA9, attachment=0x8CE0, textarget=0x0DE1, texture=8, level=0)
[DEBUG] [FluorateGL] glFramebufferTexture2D(target=0x8CA9, attachment=0x8D00, textarget=0x0DE1, texture=0, level=0)
[DEBUG] [FluorateGL] glBindBuffer(0x8A11): desktop 15 -> GLES 15 (tid=13770)
[DEBUG] [FluorateGL] glFramebufferTexture2D(target=0x8D40, attachment=0x8CE0, textarget=0x0DE1, texture=0, level=0)
[DEBUG] [FluorateGL] glFramebufferTexture2D(target=0x8D40, attachment=0x8D00, textarget=0x0DE1, texture=7, level=0)
[DEBUG] [FluorateGL] glFramebufferTexture2D(target=0x8D40, attachment=0x8D00, textarget=0x0DE1, texture=0, level=0)
[DEBUG] [FluorateGL] glFramebufferTexture2D(target=0x8D40, attachment=0x8CE0, textarget=0x0DE1, texture=8, level=0)
[DEBUG] [FluorateGL] glFramebufferTexture2D(target=0x8D40, attachment=0x8D00, textarget=0x0DE1, texture=0, level=0)
[DEBUG] [FluorateGL] glFramebufferTexture2D(target=0x8D40, attachment=0x8CE0, textarget=0x0DE1, texture=0, level=0)
[DEBUG] [FluorateGL] glBindBuffer(0x8892): desktop 36 -> GLES 36 (tid=13770)
[DEBUG] [FluorateGL] glBindBuffer(0x8892): desktop 39 -> GLES 39 (tid=13770)
[DEBUG] [FluorateGL] glBindBuffer(0x8A11): desktop 3 -> GLES 3 (tid=13770)
[DEBUG] [FluorateGL] glBindVertexBuffer(binding=0, buf=36, offset=0, stride=16) desktop 36 -> GLES 36 (tid=13770)
[DEBUG] [FluorateGL] glBindBuffer(0x8893): desktop 40 -> GLES 40 (tid=13770)
[DEBUG] [FluorateGL] glDrawElements(mode=0x0004, count=30, type=0x1403, indices=0x0) bound_vao=1 bound_buf=40 (tid=13770)
[DEBUG] [FluorateGL] glTexParameteri(target=0x0DE1, pname=0x813C, param=0)
[DEBUG] [FluorateGL] glTexParameteri(target=0x0DE1, pname=0x813D, param=0)
[DEBUG] [FluorateGL] glBindVertexBuffer(binding=0, buf=39, offset=0, stride=24) desktop 39 -> GLES 39 (tid=13770)
[DEBUG] [FluorateGL] glBindBuffer(0x8893): desktop 40 -> GLES 40 (tid=13770)
[DEBUG] [FluorateGL] glDrawElements(mode=0x0004, count=12, type=0x1403, indices=0x0) bound_vao=2 bound_buf=40 (tid=13770)
[DEBUG] [FluorateGL] glFramebufferTexture2D(target=0x8CA9, attachment=0x8CE0, textarget=0x0DE1, texture=8, level=0)
[DEBUG] [FluorateGL] glFramebufferTexture2D(target=0x8CA9, attachment=0x8D00, textarget=0x0DE1, texture=0, level=0)
[DEBUG] [FluorateGL] glBindBuffer(0x8A11): desktop 15 -> GLES 15 (tid=13770)
[DEBUG] [FluorateGL] glFramebufferTexture2D(target=0x8D40, attachment=0x8CE0, textarget=0x0DE1, texture=0, level=0)
[DEBUG] [FluorateGL] glFramebufferTexture2D(target=0x8D40, attachment=0x8D00, textarget=0x0DE1, texture=7, level=0)
[DEBUG] [FluorateGL] glFramebufferTexture2D(target=0x8D40, attachment=0x8D00, textarget=0x0DE1, texture=0, level=0)
[DEBUG] [FluorateGL] glFramebufferTexture2D(target=0x8D40, attachment=0x8CE0, textarget=0x0DE1, texture=8, level=0)
[DEBUG] [FluorateGL] glFramebufferTexture2D(target=0x8D40, attachment=0x8D00, textarget=0x0DE1, texture=0, level=0)
[DEBUG] [FluorateGL] glFramebufferTexture2D(target=0x8D40, attachment=0x8CE0, textarget=0x0DE1, texture=0, level=0)
[DEBUG] [FluorateGL] glBindBuffer(0x8892): desktop 34 -> GLES 34 (tid=13770)
[DEBUG] [FluorateGL] glBindBuffer(0x8892): desktop 37 -> GLES 37 (tid=13770)
[DEBUG] [FluorateGL] glBindBuffer(0x8A11): desktop 1 -> GLES 1 (tid=13770)
[DEBUG] [FluorateGL] glBindVertexBuffer(binding=0, buf=34, offset=0, stride=16) desktop 34 -> GLES 34 (tid=13770)
[DEBUG] [FluorateGL] glBindBuffer(0x8893): desktop 40 -> GLES 40 (tid=13770)
[DEBUG] [FluorateGL] glDrawElements(mode=0x0004, count=30, type=0x1403, indices=0x0) bound_vao=1 bound_buf=40 (tid=13770)
[DEBUG] [FluorateGL] glTexParameteri(target=0x0DE1, pname=0x813C, param=0)
[DEBUG] [FluorateGL] glTexParameteri(target=0x0DE1, pname=0x813D, param=0)
[DEBUG] [FluorateGL] glBindVertexBuffer(binding=0, buf=37, offset=0, stride=24) desktop 37 -> GLES 37 (tid=13770)
[DEBUG] [FluorateGL] glBindBuffer(0x8893): desktop 40 -> GLES 40 (tid=13770)
[DEBUG] [FluorateGL] glDrawElements(mode=0x0004, count=12, type=0x1403, indices=0x0) bound_vao=2 bound_buf=40 (tid=13770)
[DEBUG] [FluorateGL] glFramebufferTexture2D(target=0x8CA9, attachment=0x8CE0, textarget=0x0DE1, texture=8, level=0)
[DEBUG] [FluorateGL] glFramebufferTexture2D(target=0x8CA9, attachment=0x8D00, textarget=0x0DE1, texture=0, level=0)
[DEBUG] [FluorateGL] glBindBuffer(0x8A11): desktop 15 -> GLES 15 (tid=13770)
[DEBUG] [FluorateGL] glFramebufferTexture2D(target=0x8D40, attachment=0x8CE0, textarget=0x0DE1, texture=0, level=0)
[DEBUG] [FluorateGL] glFramebufferTexture2D(target=0x8D40, attachment=0x8D00, textarget=0x0DE1, texture=7, level=0)
[DEBUG] [FluorateGL] glFramebufferTexture2D(target=0x8D40, attachment=0x8D00, textarget=0x0DE1, texture=0, level=0)
[DEBUG] [FluorateGL] glFramebufferTexture2D(target=0x8D40, attachment=0x8CE0, textarget=0x0DE1, texture=8, level=0)
[DEBUG] [FluorateGL] glFramebufferTexture2D(target=0x8D40, attachment=0x8D00, textarget=0x0DE1, texture=0, level=0)
[DEBUG] [FluorateGL] glFramebufferTexture2D(target=0x8D40, attachment=0x8CE0, textarget=0x0DE1, texture=0, level=0)
[DEBUG] [FluorateGL] glBindBuffer(0x8892): desktop 35 -> GLES 35 (tid=13770)
[DEBUG] [FluorateGL] glBindBuffer(0x8892): desktop 38 -> GLES 38 (tid=13770)
[DEBUG] [FluorateGL] glBindBuffer(0x8A11): desktop 2 -> GLES 2 (tid=13770)
[DEBUG] [FluorateGL] glBindVertexBuffer(binding=0, buf=35, offset=0, stride=16) desktop 35 -> GLES 35 (tid=13770)
[DEBUG] [FluorateGL] glBindBuffer(0x8893): desktop 40 -> GLES 40 (tid=13770)
[DEBUG] [FluorateGL] glDrawElements(mode=0x0004, count=30, type=0x1403, indices=0x0) bound_vao=1 bound_buf=40 (tid=13770)
[DEBUG] [FluorateGL] glTexParameteri(target=0x0DE1, pname=0x813C, param=0)
[DEBUG] [FluorateGL] glTexParameteri(target=0x0DE1, pname=0x813D, param=0)
[DEBUG] [FluorateGL] glBindVertexBuffer(binding=0, buf=38, offset=0, stride=24) desktop 38 -> GLES 38 (tid=13770)
[DEBUG] [FluorateGL] glBindBuffer(0x8893): desktop 40 -> GLES 40 (tid=13770)
[DEBUG] [FluorateGL] glDrawElements(mode=0x0004, count=12, type=0x1403, indices=0x0) bound_vao=2 bound_buf=40 (tid=13770)
[DEBUG] [FluorateGL] glFramebufferTexture2D(target=0x8CA9, attachment=0x8CE0, textarget=0x0DE1, texture=8, level=0)
[DEBUG] [FluorateGL] glFramebufferTexture2D(target=0x8CA9, attachment=0x8D00, textarget=0x0DE1, texture=0, level=0)
[DEBUG] [FluorateGL] glBindBuffer(0x8A11): desktop 15 -> GLES 15 (tid=13770)
[DEBUG] [FluorateGL] glFramebufferTexture2D(target=0x8D40, attachment=0x8CE0, textarget=0x0DE1, texture=0, level=0)
[DEBUG] [FluorateGL] glFramebufferTexture2D(target=0x8D40, attachment=0x8D00, textarget=0x0DE1, texture=7, level=0)
[DEBUG] [FluorateGL] glFramebufferTexture2D(target=0x8D40, attachment=0x8D00, textarget=0x0DE1, texture=0, level=0)
[DEBUG] [FluorateGL] glFramebufferTexture2D(target=0x8D40, attachment=0x8CE0, textarget=0x0DE1, texture=8, level=0)
[DEBUG] [FluorateGL] glFramebufferTexture2D(target=0x8D40, attachment=0x8D00, textarget=0x0DE1, texture=0, level=0)
[DEBUG] [FluorateGL] glFramebufferTexture2D(target=0x8D40, attachment=0x8CE0, textarget=0x0DE1, texture=0, level=0)
[DEBUG] [FluorateGL] glBindBuffer(0x8892): desktop 36 -> GLES 36 (tid=13770)
[DEBUG] [FluorateGL] glBindBuffer(0x8892): desktop 39 -> GLES 39 (tid=13770)
[DEBUG] [FluorateGL] glBindBuffer(0x8A11): desktop 3 -> GLES 3 (tid=13770)
[DEBUG] [FluorateGL] glBindVertexBuffer(binding=0, buf=36, offset=0, stride=16) desktop 36 -> GLES 36 (tid=13770)
[DEBUG] [FluorateGL] glBindBuffer(0x8893): desktop 40 -> GLES 40 (tid=13770)
[DEBUG] [FluorateGL] glDrawElements(mode=0x0004, count=30, type=0x1403, indices=0x0) bound_vao=1 bound_buf=40 (tid=13770)
[DEBUG] [FluorateGL] glTexParameteri(target=0x0DE1, pname=0x813C, param=0)
[DEBUG] [FluorateGL] glTexParameteri(target=0x0DE1, pname=0x813D, param=0)
[DEBUG] [FluorateGL] glBindVertexBuffer(binding=0, buf=39, offset=0, stride=24) desktop 39 -> GLES 39 (tid=13770)
[DEBUG] [FluorateGL] glBindBuffer(0x8893): desktop 40 -> GLES 40 (tid=13770)
[DEBUG] [FluorateGL] glDrawElements(mode=0x0004, count=12, type=0x1403, indices=0x0) bound_vao=2 bound_buf=40 (tid=13770)
[DEBUG] [FluorateGL] glFramebufferTexture2D(target=0x8CA9, attachment=0x8CE0, textarget=0x0DE1, texture=8, level=0)
[DEBUG] [FluorateGL] glFramebufferTexture2D(target=0x8CA9, attachment=0x8D00, textarget=0x0DE1, texture=0, level=0)
[DEBUG] [FluorateGL] glGenTextures(n=1)
[DEBUG] [FluorateGL] glBindTexture(target=0x8513, texture=10)
[DEBUG] [FluorateGL] glTexParameteri(target=0x8513, pname=0x813D, param=0)
[DEBUG] [FluorateGL] glTexParameteri(target=0x8513, pname=0x813A, param=0)
[DEBUG] [FluorateGL] glTexParameteri(target=0x8513, pname=0x813B, param=0)
[DEBUG] [FluorateGL] glTexImage2D(target=0x8515, level=0, internalformat=0x8058, 1024x1024, format=0x1908, type=0x1401, pixels=0x0)
[DEBUG] [FluorateGL] glTexImage2D(target=0x8516, level=0, internalformat=0x8058, 1024x1024, format=0x1908, type=0x1401, pixels=0x0)
[DEBUG] [FluorateGL] glTexImage2D(target=0x8517, level=0, internalformat=0x8058, 1024x1024, format=0x1908, type=0x1401, pixels=0x0)
[DEBUG] [FluorateGL] glTexImage2D(target=0x8518, level=0, internalformat=0x8058, 1024x1024, format=0x1908, type=0x1401, pixels=0x0)
[DEBUG] [FluorateGL] glTexImage2D(target=0x8519, level=0, internalformat=0x8058, 1024x1024, format=0x1908, type=0x1401, pixels=0x0)
[DEBUG] [FluorateGL] glTexImage2D(target=0x851A, level=0, internalformat=0x8058, 1024x1024, format=0x1908, type=0x1401, pixels=0x0)
[DEBUG] [FluorateGL] glBindTexture(target=0x8513, texture=10)
[DEBUG] [FluorateGL] glBindTexture(target=0x8513, texture=10)
[DEBUG] [FluorateGL] glBindTexture(target=0x8513, texture=10)
[DEBUG] [FluorateGL] glBindTexture(target=0x8513, texture=10)
[DEBUG] [FluorateGL] glBindTexture(target=0x8513, texture=10)
[DEBUG] [FluorateGL] glBindTexture(target=0x8513, texture=10)
[DEBUG] [FluorateGL] glGenTextures(n=1)
[DEBUG] [FluorateGL] glBindTexture(target=0x0DE1, texture=11)
[DEBUG] [FluorateGL] glTexParameteri(target=0x0DE1, pname=0x813D, param=0)
[DEBUG] [FluorateGL] glTexParameteri(target=0x0DE1, pname=0x813A, param=0)
[DEBUG] [FluorateGL] glTexParameteri(target=0x0DE1, pname=0x813B, param=0)
[DEBUG] [FluorateGL] glTexImage2D(target=0x0DE1, level=0, internalformat=0x8058, 1x1, format=0x1908, type=0x1401, pixels=0x0)
[DEBUG] [FluorateGL] glGenTextures(n=1)
[DEBUG] [FluorateGL] glBindTexture(target=0x0DE1, texture=12)
[DEBUG] [FluorateGL] glTexParameteri(target=0x0DE1, pname=0x813D, param=0)
[DEBUG] [FluorateGL] glTexParameteri(target=0x0DE1, pname=0x813A, param=0)
[DEBUG] [FluorateGL] glTexParameteri(target=0x0DE1, pname=0x813B, param=0)
[DEBUG] [FluorateGL] glTexImage2D(target=0x0DE1, level=0, internalformat=0x8058, 512x64, format=0x1908, type=0x1401, pixels=0x0)
[DEBUG] [FluorateGL] glGenTextures(n=1)
[DEBUG] [FluorateGL] glBindTexture(target=0x0DE1, texture=13)
[DEBUG] [FluorateGL] glTexParameteri(target=0x0DE1, pname=0x813D, param=0)
[DEBUG] [FluorateGL] glTexParameteri(target=0x0DE1, pname=0x813A, param=0)
[DEBUG] [FluorateGL] glTexParameteri(target=0x0DE1, pname=0x813B, param=0)
[DEBUG] [FluorateGL] glTexImage2D(target=0x0DE1, level=0, internalformat=0x8058, 512x512, format=0x1908, type=0x1401, pixels=0x0)
[DEBUG] [FluorateGL] glGenTextures(n=1)
[DEBUG] [FluorateGL] glBindTexture(target=0x0DE1, texture=14)
[DEBUG] [FluorateGL] glTexParameteri(target=0x0DE1, pname=0x813D, param=0)
[DEBUG] [FluorateGL] glTexParameteri(target=0x0DE1, pname=0x813A, param=0)
[DEBUG] [FluorateGL] glTexParameteri(target=0x0DE1, pname=0x813B, param=0)
[DEBUG] [FluorateGL] glTexImage2D(target=0x0DE1, level=0, internalformat=0x8058, 1024x256, format=0x1908, type=0x1401, pixels=0x0)
[DEBUG] [FluorateGL] glGetString(0x1F01) -> 0x74154fe000
[DEBUG] [FluorateGL] glCreateShader(0x8B31)
[DEBUG] [ShaderTranslator] SPIR-V translate start: stage=vertex (0x8B31)
[DEBUG] [ShaderTranslator] glslang SPIR-V compile done: stage=vertex, took 11.21651ms (1626 words)
[DEBUG] [ShaderTranslator] SPIR-V translate success: stage=vertex, version=ES320, glslang=20.382968ms, spirv-cross=9.111615ms, total=20.383489ms
[DEBUG] [ShaderTranslator] translated GLSL ES:
#version 320 es
precision highp float;
precision highp int;

layout(std140) uniform Projection
{
    mat4 ProjMat;
} _122;

layout(std140) uniform DynamicTransforms
{
    mat4 ModelViewMat;
    vec4 ColorModulator;
    vec3 ModelOffset;
    mat4 TextureMat;
} _128;

layout(std140) uniform Lighting
{
    vec3 Light0_Direction;
    vec3 Light1_Direction;
} _154;

layout(std140) uniform Fog
{
    vec4 FogColor;
    float FogEnvironmentalStart;
    float FogEnvironmentalEnd;
    float FogRenderDistanceStart;
    float FogRenderDistanceEnd;
    float FogSkyEnd;
    float FogCloudsEnd;
} _200;

uniform highp sampler2D Sampler2;
uniform highp sampler2D Sampler1;

in vec3 Position;
out float sphericalVertexDistance;
out float cylindricalVertexDistance;
out vec4 vertexColor;
in vec3 Normal;
in vec4 Color;
out vec4 lightMapColor;
in ivec2 UV2;
out vec4 overlayColor;
in ivec2 UV1;
out vec2 texCoord0;
in vec2 UV0;

float fog_spherical_distance(vec3 pos)
{
    return length(pos);
}

float fog_cylindrical_distance(vec3 pos)
{
    float distXZ = length(pos.xz);
    float distY = abs(pos.y);
    return max(distXZ, distY);
}

vec2 minecraft_compute_light(vec3 lightDir0, vec3 lightDir1, vec3 normal)
{
    return vec2(dot(lightDir0, normal), dot(lightDir1, normal));
}

vec4 minecraft_mix_light_separate(vec2 light, vec4 color)
{
    vec2 lightValue = max(vec2(0.0), light);
    float lightAccum = min(1.0, ((lightValue.x + lightValue.y) * 0.60000002384185791015625) + 0.4000000059604644775390625);
    return vec4(color.xyz * lightAccum, color.w);
}

vec4 minecraft_mix_light(vec3 lightDir0, vec3 lightDir1, vec3 normal, vec4 color)
{
    vec3 param = lightDir0;
    vec3 param_1 = lightDir1;
    vec3 param_2 = normal;
    vec2 light = minecraft_compute_light(param, param_1, param_2);
    vec2 param_3 = light;
    vec4 param_4 = color;
    return minecraft_mix_light_separate(param_3, param_4);
}

void main()
{
    gl_Position = (_122.ProjMat * _128.ModelViewMat) * vec4(Position, 1.0);
    vec3 param = Position;
    sphericalVertexDistance = fog_spherical_distance(param);
    vec3 param_1 = Position;
    cylindricalVertexDistance = fog_cylindrical_distance(param_1);
    vec3 param_2 = _154.Light0_Direction;
    vec3 param_3 = _154.Light1_Direction;
    vec3 param_4 = Normal;
    vec4 param_5 = Color;
    vertexColor = minecraft_mix_light(param_2, param_3, param_4, param_5);
    lightMapColor = texelFetch(Sampler2, UV2 / ivec2(16), 0);
    overlayColor = texelFetch(Sampler1, UV1, 0);
    texCoord0 = UV0;
    gl_Position.z = 2.0 * gl_Position.z - gl_Position.w;
    gl_Position.y = -gl_Position.y;
}


[DEBUG] [ShaderTranslator] shader 5 stage 0x8B31 translated via SPIR-V (2617 chars, took 20.468958ms)
[DEBUG] [FluorateGL] glCompileShader(5)
[DEBUG] [FluorateGL] glCreateShader(0x8B30)
[DEBUG] [ShaderTranslator] SPIR-V translate start: stage=fragment (0x8B30)
[DEBUG] [ShaderTranslator] glslang SPIR-V compile done: stage=fragment, took 7.379739ms (1511 words)
[DEBUG] [ShaderTranslator] SPIR-V translate success: stage=fragment, version=ES320, glslang=20.490052ms, spirv-cross=13.071042ms, total=20.490729ms
[DEBUG] [ShaderTranslator] translated GLSL ES:
#version 320 es
precision highp float;
precision highp int;

layout(std140) uniform DynamicTransforms
{
    mat4 ModelViewMat;
    vec4 ColorModulator;
    vec3 ModelOffset;
    mat4 TextureMat;
} _137;

layout(std140) uniform Fog
{
    vec4 FogColor;
    float FogEnvironmentalStart;
    float FogEnvironmentalEnd;
    float FogRenderDistanceStart;
    float FogRenderDistanceEnd;
    float FogSkyEnd;
    float FogCloudsEnd;
} _175;

uniform highp sampler2D Sampler0;

in vec2 texCoord0;
in vec4 vertexColor;
in vec4 overlayColor;
in vec4 lightMapColor;
out vec4 fragColor;
in float sphericalVertexDistance;
in float cylindricalVertexDistance;

float linear_fog_value(float vertexDistance, float fogStart, float fogEnd)
{
    if (vertexDistance <= fogStart)
    {
        return 0.0;
    }
    else
    {
        if (vertexDistance >= fogEnd)
        {
            return 1.0;
        }
    }
    return (vertexDistance - fogStart) / (fogEnd - fogStart);
}

float total_fog_value(float sphericalVertexDistance_1, float cylindricalVertexDistance_1, float environmentalStart, float environmantalEnd, float renderDistanceStart, float renderDistanceEnd)
{
    float param = sphericalVertexDistance_1;
    float param_1 = environmentalStart;
    float param_2 = environmantalEnd;
    float param_3 = cylindricalVertexDistance_1;
    float param_4 = renderDistanceStart;
    float param_5 = renderDistanceEnd;
    return max(linear_fog_value(param, param_1, param_2), linear_fog_value(param_3, param_4, param_5));
}

vec4 apply_fog(vec4 inColor, float sphericalVertexDistance_1, float cylindricalVertexDistance_1, float environmentalStart, float environmantalEnd, float renderDistanceStart, float renderDistanceEnd, vec4 fogColor)
{
    float param = sphericalVertexDistance_1;
    float param_1 = cylindricalVertexDistance_1;
    float param_2 = environmentalStart;
    float param_3 = environmantalEnd;
    float param_4 = renderDistanceStart;
    float param_5 = renderDistanceEnd;
    float fogValue = total_fog_value(param, param_1, param_2, param_3, param_4, param_5);
    return vec4(mix(inColor.xyz, fogColor.xyz, vec3(fogValue * fogColor.w)), inColor.w);
}

void main()
{
    vec4 color = texture(Sampler0, texCoord0);
    if (color.w < 0.100000001490116119384765625)
    {
        discard;
    }
    color *= (vertexColor * _137.ColorModulator);
    vec4 _149 = color;
    vec3 _155 = mix(overlayColor.xyz, _149.xyz, vec3(overlayColor.w));
    color.x = _155.x;
    color.y = _155.y;
    color.z = _155.z;
    color *= lightMapColor;
    vec4 param = color;
    float param_1 = sphericalVertexDistance;
    float param_2 = cylindricalVertexDistance;
    float param_3 = _175.FogEnvironmentalStart;
    float param_4 = _175.FogEnvironmentalEnd;
    float param_5 = _175.FogRenderDistanceStart;
    float param_6 = _175.FogRenderDistanceEnd;
    vec4 param_7 = _175.FogColor;
    fragColor = apply_fog(param, param_1, param_2, param_3, param_4, param_5, param_6, param_7);
}


[DEBUG] [ShaderTranslator] shader 6 stage 0x8B30 translated via SPIR-V (2980 chars, took 20.538489ms)
[DEBUG] [FluorateGL] glCompileShader(6)
[DEBUG] [FluorateGL] glCreateProgram()
[DEBUG] [FluorateGL] glAttachShader(4, 5)
[DEBUG] [FluorateGL] glAttachShader(4, 6)
[DEBUG] [FluorateGL] glLinkProgram(4)
[DEBUG] [FluorateGL] glCreateShader(0x8B31)
[DEBUG] [ShaderTranslator] SPIR-V translate start: stage=vertex (0x8B31)
[DEBUG] [ShaderTranslator] glslang SPIR-V compile done: stage=vertex, took 9.222448ms (471 words)
[DEBUG] [ShaderTranslator] SPIR-V translate success: stage=vertex, version=ES320, glslang=19.051146ms, spirv-cross=9.80849ms, total=19.051563ms
[DEBUG] [ShaderTranslator] translated GLSL ES:
#version 320 es
precision highp float;
precision highp int;

layout(std140) uniform Projection
{
    mat4 ProjMat;
} _19;

layout(std140) uniform DynamicTransforms
{
    mat4 ModelViewMat;
    vec4 ColorModulator;
    vec3 ModelOffset;
    mat4 TextureMat;
} _26;

in vec3 Position;
out vec2 texCoord0;
in vec2 UV0;

void main()
{
    gl_Position = (_19.ProjMat * _26.ModelViewMat) * vec4(Position, 1.0);
    texCoord0 = UV0;
    gl_Position.z = 2.0 * gl_Position.z - gl_Position.w;
    gl_Position.y = -gl_Position.y;
}


[DEBUG] [ShaderTranslator] shader 7 stage 0x8B31 translated via SPIR-V (522 chars, took 19.092865ms)
[DEBUG] [FluorateGL] glCompileShader(7)
[DEBUG] [FluorateGL] glCreateShader(0x8B30)
[DEBUG] [ShaderTranslator] SPIR-V translate start: stage=fragment (0x8B30)
[DEBUG] [ShaderTranslator] glslang SPIR-V compile done: stage=fragment, took 7.625104ms (339 words)
[DEBUG] [ShaderTranslator] SPIR-V translate success: stage=fragment, version=ES320, glslang=16.071406ms, spirv-cross=8.416979ms, total=16.072292ms
[DEBUG] [ShaderTranslator] translated GLSL ES:
#version 320 es
precision highp float;
precision highp int;

layout(std140) uniform DynamicTransforms
{
    mat4 ModelViewMat;
    vec4 ColorModulator;
    vec3 ModelOffset;
    mat4 TextureMat;
} _38;

uniform highp sampler2D Sampler0;

in vec2 texCoord0;
out vec4 fragColor;

void main()
{
    vec4 color = texture(Sampler0, texCoord0);
    if (color.w == 0.0)
    {
        discard;
    }
    fragColor = color * _38.ColorModulator;
}


[DEBUG] [ShaderTranslator] shader 8 stage 0x8B30 translated via SPIR-V (439 chars, took 16.123281ms)
[DEBUG] [FluorateGL] glCompileShader(8)
[DEBUG] [FluorateGL] glCreateProgram()
[DEBUG] [FluorateGL] glAttachShader(5, 7)
[DEBUG] [FluorateGL] glAttachShader(5, 8)
[DEBUG] [FluorateGL] glLinkProgram(5)
[DEBUG] [FluorateGL] glCreateShader(0x8B31)
[DEBUG] [ShaderTranslator] SPIR-V translate start: stage=vertex (0x8B31)
[DEBUG] [ShaderTranslator] glslang SPIR-V compile done: stage=vertex, took 9.198541ms (1575 words)
[DEBUG] [ShaderTranslator] SPIR-V translate success: stage=vertex, version=ES320, glslang=19.7775ms, spirv-cross=10.551302ms, total=19.778125ms
[DEBUG] [ShaderTranslator] translated GLSL ES:
#version 320 es
precision highp float;
precision highp int;

layout(std140) uniform Projection
{
    mat4 ProjMat;
} _43;

layout(std140) uniform DynamicTransforms
{
    mat4 ModelViewMat;
    vec4 ColorModulator;
    vec3 ModelOffset;
    mat4 TextureMat;
} _60;

layout(std140) uniform Globals
{
    ivec3 CameraBlockPos;
    vec3 CameraOffset;
    vec2 ScreenSize;
    float GlintAlpha;
    float GameTime;
    int MenuBlurRadius;
    int UseRgss;
} _113;

layout(std140) uniform Fog
{
    vec4 FogColor;
    float FogEnvironmentalStart;
    float FogEnvironmentalEnd;
    float FogRenderDistanceStart;
    float FogRenderDistanceEnd;
    float FogSkyEnd;
    float FogCloudsEnd;
} _204;

in vec3 Position;
in vec3 Normal;
in float LineWidth;
out float sphericalVertexDistance;
out float cylindricalVertexDistance;
out vec4 vertexColor;
in vec4 Color;

float fog_spherical_distance(vec3 pos)
{
    return length(pos);
}

float fog_cylindrical_distance(vec3 pos)
{
    float distXZ = length(pos.xz);
    float distY = abs(pos.y);
    return max(distXZ, distY);
}

void main()
{
    vec4 linePosStart = ((_43.ProjMat * mat4(vec4(0.99609375, 0.0, 0.0, 0.0), vec4(0.0, 0.99609375, 0.0, 0.0), vec4(0.0, 0.0, 0.99609375, 0.0), vec4(0.0, 0.0, 0.0, 1.0))) * _60.ModelViewMat) * vec4(Position, 1.0);
    vec4 linePosEnd = ((_43.ProjMat * mat4(vec4(0.99609375, 0.0, 0.0, 0.0), vec4(0.0, 0.99609375, 0.0, 0.0), vec4(0.0, 0.0, 0.99609375, 0.0), vec4(0.0, 0.0, 0.0, 1.0))) * _60.ModelViewMat) * vec4(Position + Normal, 1.0);
    vec3 ndc1 = linePosStart.xyz / vec3(linePosStart.w);
    vec3 ndc2 = linePosEnd.xyz / vec3(linePosEnd.w);
    vec2 lineScreenDirection = normalize((ndc2.xy - ndc1.xy) * _113.ScreenSize);
    vec2 lineOffset = (vec2(-lineScreenDirection.y, lineScreenDirection.x) * LineWidth) / _113.ScreenSize;
    if (lineOffset.x < 0.0)
    {
        lineOffset *= (-1.0);
    }
    if ((gl_VertexID % 2) == 0)
    {
        gl_Position = vec4((ndc1 + vec3(lineOffset, 0.0)) * linePosStart.w, linePosStart.w);
    }
    else
    {
        gl_Position = vec4((ndc1 - vec3(lineOffset, 0.0)) * linePosStart.w, linePosStart.w);
    }
    vec3 param = Position;
    sphericalVertexDistance = fog_spherical_distance(param);
    vec3 param_1 = Position;
    cylindricalVertexDistance = fog_cylindrical_distance(param_1);
    vertexColor = Color;
    gl_Position.z = 2.0 * gl_Position.z - gl_Position.w;
    gl_Position.y = -gl_Position.y;
}


[DEBUG] [ShaderTranslator] shader 9 stage 0x8B31 translated via SPIR-V (2439 chars, took 19.857552ms)
[DEBUG] [FluorateGL] glCompileShader(9)
[DEBUG] [FluorateGL] glCreateShader(0x8B30)
[DEBUG] [ShaderTranslator] SPIR-V translate start: stage=fragment (0x8B30)
[DEBUG] [ShaderTranslator] glslang SPIR-V compile done: stage=fragment, took 7.109427ms (1256 words)
[DEBUG] [ShaderTranslator] SPIR-V translate success: stage=fragment, version=ES320, glslang=13.78901ms, spirv-cross=6.647084ms, total=13.789323ms
[DEBUG] [ShaderTranslator] translated GLSL ES:
#version 320 es
precision highp float;
precision highp int;

layout(std140) uniform DynamicTransforms
{
    mat4 ModelViewMat;
    vec4 ColorModulator;
    vec3 ModelOffset;
    mat4 TextureMat;
} _120;

layout(std140) uniform Fog
{
    vec4 FogColor;
    float FogEnvironmentalStart;
    float FogEnvironmentalEnd;
    float FogRenderDistanceStart;
    float FogRenderDistanceEnd;
    float FogSkyEnd;
    float FogCloudsEnd;
} _134;

in vec4 vertexColor;
out vec4 fragColor;
in float sphericalVertexDistance;
in float cylindricalVertexDistance;

float linear_fog_value(float vertexDistance, float fogStart, float fogEnd)
{
    if (vertexDistance <= fogStart)
    {
        return 0.0;
    }
    else
    {
        if (vertexDistance >= fogEnd)
        {
            return 1.0;
        }
    }
    return (vertexDistance - fogStart) / (fogEnd - fogStart);
}

float total_fog_value(float sphericalVertexDistance_1, float cylindricalVertexDistance_1, float environmentalStart, float environmantalEnd, float renderDistanceStart, float renderDistanceEnd)
{
    float param = sphericalVertexDistance_1;
    float param_1 = environmentalStart;
    float param_2 = environmantalEnd;
    float param_3 = cylindricalVertexDistance_1;
    float param_4 = renderDistanceStart;
    float param_5 = renderDistanceEnd;
    return max(linear_fog_value(param, param_1, param_2), linear_fog_value(param_3, param_4, param_5));
}

vec4 apply_fog(vec4 inColor, float sphericalVertexDistance_1, float cylindricalVertexDistance_1, float environmentalStart, float environmantalEnd, float renderDistanceStart, float renderDistanceEnd, vec4 fogColor)
{
    float param = sphericalVertexDistance_1;
    float param_1 = cylindricalVertexDistance_1;
    float param_2 = environmentalStart;
    float param_3 = environmantalEnd;
    float param_4 = renderDistanceStart;
    float param_5 = renderDistanceEnd;
    float fogValue = total_fog_value(param, param_1, param_2, param_3, param_4, param_5);
    return vec4(mix(inColor.xyz, fogColor.xyz, vec3(fogValue * fogColor.w)), inColor.w);
}

void main()
{
    vec4 color = vertexColor * _120.ColorModulator;
    vec4 param = color;
    float param_1 = sphericalVertexDistance;
    float param_2 = cylindricalVertexDistance;
    float param_3 = _134.FogEnvironmentalStart;
    float param_4 = _134.FogEnvironmentalEnd;
    float param_5 = _134.FogRenderDistanceStart;
    float param_6 = _134.FogRenderDistanceEnd;
    vec4 param_7 = _134.FogColor;
    fragColor = apply_fog(param, param_1, param_2, param_3, param_4, param_5, param_6, param_7);
}


[DEBUG] [ShaderTranslator] shader 10 stage 0x8B30 translated via SPIR-V (2570 chars, took 13.843386ms)
[DEBUG] [FluorateGL] glCompileShader(10)
[DEBUG] [FluorateGL] glCreateProgram()
[DEBUG] [FluorateGL] glAttachShader(6, 9)
[DEBUG] [FluorateGL] glAttachShader(6, 10)
[DEBUG] [FluorateGL] glLinkProgram(6)
[DEBUG] [FluorateGL] glCreateShader(0x8B31)
[DEBUG] [ShaderTranslator] SPIR-V translate start: stage=vertex (0x8B31)
[DEBUG] [ShaderTranslator] glslang SPIR-V compile done: stage=vertex, took 5.414375ms (1120 words)
[DEBUG] [ShaderTranslator] SPIR-V translate success: stage=vertex, version=ES320, glslang=11.17375ms, spirv-cross=5.71901ms, total=11.174114ms
[DEBUG] [ShaderTranslator] translated GLSL ES:
#version 320 es
precision highp float;
precision highp int;

layout(std140) uniform Projection
{
    mat4 ProjMat;
} _47;

layout(std140) uniform DynamicTransforms
{
    mat4 ModelViewMat;
    vec4 ColorModulator;
    vec3 ModelOffset;
    mat4 TextureMat;
} _53;

layout(std140) uniform Lighting
{
    vec3 Light0_Direction;
    vec3 Light1_Direction;
} _110;

layout(std140) uniform Fog
{
    vec4 FogColor;
    float FogEnvironmentalStart;
    float FogEnvironmentalEnd;
    float FogRenderDistanceStart;
    float FogRenderDistanceEnd;
    float FogSkyEnd;
    float FogCloudsEnd;
} _113;

uniform highp sampler2D Sampler1;
uniform highp sampler2D Sampler2;

in vec3 Position;
out float sphericalVertexDistance;
out float cylindricalVertexDistance;
out vec4 vertexColor;
in vec4 Color;
out vec4 overlayColor;
in ivec2 UV1;
out vec2 texCoord0;
in vec2 UV0;
in ivec2 UV2;
in vec3 Normal;
out vec4 lightMapColor;

float fog_spherical_distance(vec3 pos)
{
    return length(pos);
}

float fog_cylindrical_distance(vec3 pos)
{
    float distXZ = length(pos.xz);
    float distY = abs(pos.y);
    return max(distXZ, distY);
}

void main()
{
    gl_Position = (_47.ProjMat * _53.ModelViewMat) * vec4(Position, 1.0);
    vec3 param = Position;
    sphericalVertexDistance = fog_spherical_distance(param);
    vec3 param_1 = Position;
    cylindricalVertexDistance = fog_cylindrical_distance(param_1);
    vertexColor = Color;
    overlayColor = texelFetch(Sampler1, UV1, 0);
    texCoord0 = UV0;
    texCoord0 = (_53.TextureMat * vec4(UV0, 0.0, 1.0)).xy;
    gl_Position.z = 2.0 * gl_Position.z - gl_Position.w;
    gl_Position.y = -gl_Position.y;
}


[DEBUG] [ShaderTranslator] shader 11 stage 0x8B31 translated via SPIR-V (1647 chars, took 11.242708ms)
[DEBUG] [FluorateGL] glCompileShader(11)
[DEBUG] [FluorateGL] glCreateShader(0x8B30)
[DEBUG] [ShaderTranslator] SPIR-V translate start: stage=fragment (0x8B30)
[DEBUG] [ShaderTranslator] glslang SPIR-V compile done: stage=fragment, took 4.817448ms (1397 words)
[DEBUG] [ShaderTranslator] SPIR-V translate success: stage=fragment, version=ES320, glslang=12.119271ms, spirv-cross=7.250781ms, total=12.11974ms
[DEBUG] [ShaderTranslator] translated GLSL ES:
#version 320 es
precision highp float;
precision highp int;

layout(std140) uniform DynamicTransforms
{
    mat4 ModelViewMat;
    vec4 ColorModulator;
    vec3 ModelOffset;
    mat4 TextureMat;
} _137;

layout(std140) uniform Fog
{
    vec4 FogColor;
    float FogEnvironmentalStart;
    float FogEnvironmentalEnd;
    float FogRenderDistanceStart;
    float FogRenderDistanceEnd;
    float FogSkyEnd;
    float FogCloudsEnd;
} _153;

uniform highp sampler2D Sampler0;

in vec2 texCoord0;
in vec4 vertexColor;
out vec4 fragColor;
in float sphericalVertexDistance;
in float cylindricalVertexDistance;
in vec4 lightMapColor;
in vec4 overlayColor;

float linear_fog_value(float vertexDistance, float fogStart, float fogEnd)
{
    if (vertexDistance <= fogStart)
    {
        return 0.0;
    }
    else
    {
        if (vertexDistance >= fogEnd)
        {
            return 1.0;
        }
    }
    return (vertexDistance - fogStart) / (fogEnd - fogStart);
}

float total_fog_value(float sphericalVertexDistance_1, float cylindricalVertexDistance_1, float environmentalStart, float environmantalEnd, float renderDistanceStart, float renderDistanceEnd)
{
    float param = sphericalVertexDistance_1;
    float param_1 = environmentalStart;
    float param_2 = environmantalEnd;
    float param_3 = cylindricalVertexDistance_1;
    float param_4 = renderDistanceStart;
    float param_5 = renderDistanceEnd;
    return max(linear_fog_value(param, param_1, param_2), linear_fog_value(param_3, param_4, param_5));
}

vec4 apply_fog(vec4 inColor, float sphericalVertexDistance_1, float cylindricalVertexDistance_1, float environmentalStart, float environmantalEnd, float renderDistanceStart, float renderDistanceEnd, vec4 fogColor)
{
    float param = sphericalVertexDistance_1;
    float param_1 = cylindricalVertexDistance_1;
    float param_2 = environmentalStart;
    float param_3 = environmantalEnd;
    float param_4 = renderDistanceStart;
    float param_5 = renderDistanceEnd;
    float fogValue = total_fog_value(param, param_1, param_2, param_3, param_4, param_5);
    return vec4(mix(inColor.xyz, fogColor.xyz, vec3(fogValue * fogColor.w)), inColor.w);
}

void main()
{
    vec4 color = texture(Sampler0, texCoord0);
    if (color.w < 0.100000001490116119384765625)
    {
        discard;
    }
    color *= (vertexColor * _137.ColorModulator);
    vec4 param = color;
    float param_1 = sphericalVertexDistance;
    float param_2 = cylindricalVertexDistance;
    float param_3 = _153.FogEnvironmentalStart;
    float param_4 = _153.FogEnvironmentalEnd;
    float param_5 = _153.FogRenderDistanceStart;
    float param_6 = _153.FogRenderDistanceEnd;
    vec4 param_7 = _153.FogColor;
    fragColor = apply_fog(param, param_1, param_2, param_3, param_4, param_5, param_6, param_7);
}


[DEBUG] [ShaderTranslator] shader 12 stage 0x8B30 translated via SPIR-V (2792 chars, took 12.174323ms)
[DEBUG] [FluorateGL] glCompileShader(12)
[DEBUG] [FluorateGL] glCreateProgram()
[DEBUG] [FluorateGL] glAttachShader(7, 11)
[DEBUG] [FluorateGL] glAttachShader(7, 12)
[DEBUG] [FluorateGL] glLinkProgram(7)
[DEBUG] [FluorateGL] glCreateShader(0x8B31)
[DEBUG] [ShaderTranslator] SPIR-V translate start: stage=vertex (0x8B31)
[DEBUG] [ShaderTranslator] glslang SPIR-V compile done: stage=vertex, took 5.457552ms (509 words)
[DEBUG] [ShaderTranslator] SPIR-V translate success: stage=vertex, version=ES320, glslang=11.26125ms, spirv-cross=5.762344ms, total=11.261615ms
[DEBUG] [ShaderTranslator] translated GLSL ES:
#version 320 es
precision highp float;
precision highp int;

layout(std140) uniform Projection
{
    mat4 ProjMat;
} _19;

layout(std140) uniform DynamicTransforms
{
    mat4 ModelViewMat;
    vec4 ColorModulator;
    vec3 ModelOffset;
    mat4 TextureMat;
} _26;

in vec3 Position;
out vec4 vertexColor;
in vec4 Color;
out vec2 texCoord0;
in vec2 UV0;

void main()
{
    gl_Position = (_19.ProjMat * _26.ModelViewMat) * vec4(Position, 1.0);
    vertexColor = Color;
    texCoord0 = UV0;
    gl_Position.z = 2.0 * gl_Position.z - gl_Position.w;
    gl_Position.y = -gl_Position.y;
}


[DEBUG] [ShaderTranslator] shader 13 stage 0x8B31 translated via SPIR-V (584 chars, took 11.314427ms)
[DEBUG] [FluorateGL] glCompileShader(13)
[DEBUG] [FluorateGL] glCreateShader(0x8B30)
[DEBUG] [ShaderTranslator] SPIR-V translate start: stage=fragment (0x8B30)
[DEBUG] [ShaderTranslator] glslang SPIR-V compile done: stage=fragment, took 4.906875ms (1444 words)
[DEBUG] [ShaderTranslator] SPIR-V translate success: stage=fragment, version=ES320, glslang=10.701302ms, spirv-cross=5.746302ms, total=10.701667ms
[DEBUG] [ShaderTranslator] translated GLSL ES:
#version 320 es
precision highp float;
precision highp int;

layout(std140) uniform DynamicTransforms
{
    mat4 ModelViewMat;
    vec4 ColorModulator;
    vec3 ModelOffset;
    mat4 TextureMat;
} _130;

layout(std140) uniform Projection
{
    mat4 ProjMat;
} _142;

layout(std140) uniform Fog
{
    vec4 FogColor;
    float FogEnvironmentalStart;
    float FogEnvironmentalEnd;
    float FogRenderDistanceStart;
    float FogRenderDistanceEnd;
    float FogSkyEnd;
    float FogCloudsEnd;
} _166;

uniform highp sampler2D Sampler0;

in vec2 texCoord0;
in vec4 vertexColor;
out vec4 fragColor;

float linear_fog_value(float vertexDistance, float fogStart, float fogEnd)
{
    if (vertexDistance <= fogStart)
    {
        return 0.0;
    }
    else
    {
        if (vertexDistance >= fogEnd)
        {
            return 1.0;
        }
    }
    return (vertexDistance - fogStart) / (fogEnd - fogStart);
}

float total_fog_value(float sphericalVertexDistance, float cylindricalVertexDistance, float environmentalStart, float environmantalEnd, float renderDistanceStart, float renderDistanceEnd)
{
    float param = sphericalVertexDistance;
    float param_1 = environmentalStart;
    float param_2 = environmantalEnd;
    float param_3 = cylindricalVertexDistance;
    float param_4 = renderDistanceStart;
    float param_5 = renderDistanceEnd;
    return max(linear_fog_value(param, param_1, param_2), linear_fog_value(param_3, param_4, param_5));
}

vec4 apply_fog(vec4 inColor, float sphericalVertexDistance, float cylindricalVertexDistance, float environmentalStart, float environmantalEnd, float renderDistanceStart, float renderDistanceEnd, vec4 fogColor)
{
    float param = sphericalVertexDistance;
    float param_1 = cylindricalVertexDistance;
    float param_2 = environmentalStart;
    float param_3 = environmantalEnd;
    float param_4 = renderDistanceStart;
    float param_5 = renderDistanceEnd;
    float fogValue = total_fog_value(param, param_1, param_2, param_3, param_4, param_5);
    return vec4(mix(inColor.xyz, fogColor.xyz, vec3(fogValue * fogColor.w)), inColor.w);
}

void main()
{
    vec4 color = texture(Sampler0, texCoord0);
    color *= (vertexColor * _130.ColorModulator);
    float fragmentDistance = (-_142.ProjMat[3].z) / (((gl_FragCoord.z * (-2.0)) + 1.0) - _142.ProjMat[2].z);
    vec4 param = color;
    float param_1 = fragmentDistance;
    float param_2 = fragmentDistance;
    float param_3 = _166.FogEnvironmentalStart;
    float param_4 = _166.FogEnvironmentalEnd;
    float param_5 = _166.FogRenderDistanceStart;
    float param_6 = _166.FogRenderDistanceEnd;
    vec4 param_7 = _166.FogColor;
    fragColor = apply_fog(param, param_1, param_2, param_3, param_4, param_5, param_6, param_7);
}


[DEBUG] [ShaderTranslator] shader 14 stage 0x8B30 translated via SPIR-V (2739 chars, took 10.758958ms)
[DEBUG] [FluorateGL] glCompileShader(14)
[DEBUG] [FluorateGL] glCreateProgram()
[DEBUG] [FluorateGL] glAttachShader(8, 13)
[DEBUG] [FluorateGL] glAttachShader(8, 14)
[DEBUG] [FluorateGL] glLinkProgram(8)
[DEBUG] [FluorateGL] glCreateShader(0x8B31)
[DEBUG] [ShaderTranslator] SPIR-V translate start: stage=vertex (0x8B31)
[DEBUG] [ShaderTranslator] glslang SPIR-V compile done: stage=vertex, took 4.240469ms (464 words)
[DEBUG] [ShaderTranslator] SPIR-V translate success: stage=vertex, version=ES320, glslang=10.126354ms, spirv-cross=5.655782ms, total=10.126667ms
[DEBUG] [ShaderTranslator] translated GLSL ES:
#version 320 es
precision highp float;
precision highp int;

layout(std140) uniform Projection
{
    mat4 ProjMat;
} _19;

layout(std140) uniform DynamicTransforms
{
    mat4 ModelViewMat;
    vec4 ColorModulator;
    vec3 ModelOffset;
    mat4 TextureMat;
} _26;

in vec3 Position;
out vec4 vertexColor;
in vec4 Color;

void main()
{
    gl_Position = (_19.ProjMat * _26.ModelViewMat) * vec4(Position, 1.0);
    vertexColor = Color;
    gl_Position.z = 2.0 * gl_Position.z - gl_Position.w;
    gl_Position.y = -gl_Position.y;
}


[DEBUG] [ShaderTranslator] shader 15 stage 0x8B31 translated via SPIR-V (530 chars, took 10.178542ms)
[DEBUG] [FluorateGL] glCompileShader(15)
[DEBUG] [FluorateGL] glCreateShader(0x8B30)
[DEBUG] [ShaderTranslator] SPIR-V translate start: stage=fragment (0x8B30)
[DEBUG] [ShaderTranslator] glslang SPIR-V compile done: stage=fragment, took 4.051094ms (292 words)
[DEBUG] [ShaderTranslator] SPIR-V translate success: stage=fragment, version=ES320, glslang=9.725573ms, spirv-cross=5.626979ms, total=9.725833ms
[DEBUG] [ShaderTranslator] translated GLSL ES:
#version 320 es
precision highp float;
precision highp int;

layout(std140) uniform DynamicTransforms
{
    mat4 ModelViewMat;
    vec4 ColorModulator;
    vec3 ModelOffset;
    mat4 TextureMat;
} _31;

in vec4 vertexColor;
out vec4 fragColor;

void main()
{
    vec4 color = vertexColor;
    if (color.w == 0.0)
    {
        discard;
    }
    fragColor = color * _31.ColorModulator;
}


[DEBUG] [ShaderTranslator] shader 16 stage 0x8B30 translated via SPIR-V (389 chars, took 9.917031ms)
[DEBUG] [FluorateGL] glCompileShader(16)
[DEBUG] [FluorateGL] glCreateProgram()
[DEBUG] [FluorateGL] glAttachShader(9, 15)
[DEBUG] [FluorateGL] glAttachShader(9, 16)
[DEBUG] [FluorateGL] glLinkProgram(9)
[DEBUG] [FluorateGL] glCreateShader(0x8B31)
[DEBUG] [ShaderTranslator] SPIR-V translate start: stage=vertex (0x8B31)
[DEBUG] [ShaderTranslator] glslang SPIR-V compile done: stage=vertex, took 5.218437ms (1014 words)
[DEBUG] [ShaderTranslator] SPIR-V translate success: stage=vertex, version=ES320, glslang=11.235781ms, spirv-cross=5.968125ms, total=11.236093ms
[DEBUG] [ShaderTranslator] translated GLSL ES:
#version 320 es
precision highp float;
precision highp int;

layout(std140) uniform Projection
{
    mat4 ProjMat;
} _83;

layout(std140) uniform DynamicTransforms
{
    mat4 ModelViewMat;
    vec4 ColorModulator;
    vec3 ModelOffset;
    mat4 TextureMat;
} _89;

layout(std140) uniform Fog
{
    vec4 FogColor;
    float FogEnvironmentalStart;
    float FogEnvironmentalEnd;
    float FogRenderDistanceStart;
    float FogRenderDistanceEnd;
    float FogSkyEnd;
    float FogCloudsEnd;
} _120;

in vec3 Position;
out vec4 texProj0;
out float sphericalVertexDistance;
out float cylindricalVertexDistance;

vec4 projection_from_position(vec4 position)
{
    vec4 projection = position * 0.5;
    float _49 = projection.x;
    float _52 = projection.w;
    float _55 = projection.y;
    float _57 = projection.w;
    vec2 _59 = vec2(_49 + _52, _55 + _57);
    projection.x = _59.x;
    projection.y = _59.y;
    projection.z = position.zw.x;
    projection.w = position.zw.y;
    return projection;
}

float fog_spherical_distance(vec3 pos)
{
    return length(pos);
}

float fog_cylindrical_distance(vec3 pos)
{
    float distXZ = length(pos.xz);
    float distY = abs(pos.y);
    return max(distXZ, distY);
}

void main()
{
    gl_Position = (_83.ProjMat * _89.ModelViewMat) * vec4(Position, 1.0);
    vec4 param = gl_Position;
    texProj0 = projection_from_position(param);
    vec3 param_1 = Position;
    sphericalVertexDistance = fog_spherical_distance(param_1);
    vec3 param_2 = Position;
    cylindricalVertexDistance = fog_cylindrical_distance(param_2);
    gl_Position.z = 2.0 * gl_Position.z - gl_Position.w;
    gl_Position.y = -gl_Position.y;
}


[DEBUG] [ShaderTranslator] shader 17 stage 0x8B31 translated via SPIR-V (1661 chars, took 11.288021ms)
[DEBUG] [FluorateGL] glCompileShader(17)
[DEBUG] [FluorateGL] glCreateShader(0x8B30)
[DEBUG] [ShaderTranslator] SPIR-V translate start: stage=fragment (0x8B30)
[DEBUG] [ShaderTranslator] glslang SPIR-V compile done: stage=fragment, took 5.411354ms (2358 words)
[DEBUG] [ShaderTranslator] SPIR-V translate success: stage=fragment, version=ES320, glslang=12.332604ms, spirv-cross=6.878958ms, total=12.332916ms
[DEBUG] [ShaderTranslator] translated GLSL ES:
#version 320 es
precision highp float;
precision highp int;

const vec3 _319[16] = vec3[](vec3(0.022087000310420989990234375, 0.09839899837970733642578125, 0.1108179986476898193359375), vec3(0.01189200021326541900634765625, 0.095923997461795806884765625, 0.089484997093677520751953125), vec3(0.02763600088655948638916015625, 0.101689003407955169677734375, 0.100326001644134521484375), vec3(0.0465640015900135040283203125, 0.109883002936840057373046875, 0.114837996661663055419921875), vec3(0.064901001751422882080078125, 0.11769600212574005126953125, 0.097189001739025115966796875), vec3(0.063761003315448760986328125, 0.086894996464252471923828125, 0.123645998537540435791015625), vec3(0.084816999733448028564453125, 0.1119939982891082763671875, 0.16638000309467315673828125), vec3(0.09748899936676025390625, 0.1541199982166290283203125, 0.091063998639583587646484375), vec3(0.106151998043060302734375, 0.13114400207996368408203125, 0.1951909959316253662109375), vec3(0.097721002995967864990234375, 0.110187999904155731201171875, 0.18722899258136749267578125), vec3(0.13351599872112274169921875, 0.13827799260616302490234375, 0.14858199656009674072265625), vec3(0.07000599801540374755859375, 0.2433319985866546630859375, 0.23579199612140655517578125), vec3(0.19676600396633148193359375, 0.1428990066051483154296875, 0.21469600498676300048828125), vec3(0.0472810007631778717041015625, 0.3153379857540130615234375, 0.3219699859619140625), vec3(0.20467500388622283935546875, 0.39000999927520751953125, 0.3020659983158111572265625), vec3(0.0809549987316131591796875, 0.3148210048675537109375, 0.661490976810455322265625));

layout(std140) uniform Globals
{
    ivec3 CameraBlockPos;
    vec3 CameraOffset;
    vec2 ScreenSize;
    float GlintAlpha;
    float GameTime;
    int MenuBlurRadius;
    int UseRgss;
} _152;

layout(std140) uniform Fog
{
    vec4 FogColor;
    float FogEnvironmentalStart;
    float FogEnvironmentalEnd;
    float FogRenderDistanceStart;
    float FogRenderDistanceEnd;
    float FogSkyEnd;
    float FogCloudsEnd;
} _342;

uniform highp sampler2D Sampler0;
uniform highp sampler2D Sampler1;

in vec4 texProj0;
out vec4 fragColor;
in float sphericalVertexDistance;
in float cylindricalVertexDistance;

mat2 mat2_rotate_z(float _radians)
{
    return mat2(vec2(cos(_radians), -sin(_radians)), vec2(sin(_radians), cos(_radians)));
}

mat4 end_portal_layer(float layer)
{
    mat4 translate = mat4(vec4(1.0, 0.0, 0.0, 17.0 / layer), vec4(0.0, 1.0, 0.0, (2.0 + (layer / 1.5)) * (_152.GameTime * 1.5)), vec4(0.0, 0.0, 1.0, 0.0), vec4(0.0, 0.0, 0.0, 1.0));
    float param = radians((((layer * layer) * 4321.0) + (layer * 9.0)) * 2.0);
    mat2 rotate = mat2_rotate_z(param);
    float _185 = (4.5 - (layer / 4.0)) * 2.0;
    mat2 scale = mat2(vec2(_185, 0.0), vec2(0.0, _185));
    mat2 _191 = scale * rotate;
    return (mat4(vec4(_191[0].x, _191[0].y, 0.0, 0.0), vec4(_191[1].x, _191[1].y, 0.0, 0.0), vec4(0.0, 0.0, 1.0, 0.0), vec4(0.0, 0.0, 0.0, 1.0)) * translate) * mat4(vec4(0.5, 0.0, 0.0, 0.25), vec4(0.0, 0.5, 0.0, 0.25), vec4(0.0, 0.0, 1.0, 0.0), vec4(0.0, 0.0, 0.0, 1.0));
}

float linear_fog_value(float vertexDistance, float fogStart, float fogEnd)
{
    if (vertexDistance <= fogStart)
    {
        return 0.0;
    }
    else
    {
        if (vertexDistance >= fogEnd)
        {
            return 1.0;
        }
    }
    return (vertexDistance - fogStart) / (fogEnd - fogStart);
}

float total_fog_value(float sphericalVertexDistance_1, float cylindricalVertexDistance_1, float environmentalStart, float environmantalEnd, float renderDistanceStart, float renderDistanceEnd)
{
    float param = sphericalVertexDistance_1;
    float param_1 = environmentalStart;
    float param_2 = environmantalEnd;
    float param_3 = cylindricalVertexDistance_1;
    float param_4 = renderDistanceStart;
    float param_5 = renderDistanceEnd;
    return max(linear_fog_value(param, param_1, param_2), linear_fog_value(param_3, param_4, param_5));
}

vec4 apply_fog(vec4 inColor, float sphericalVertexDistance_1, float cylindricalVertexDistance_1, float environmentalStart, float environmantalEnd, float renderDistanceStart, float renderDistanceEnd, vec4 fogColor)
{
    float param = sphericalVertexDistance_1;
    float param_1 = cylindricalVertexDistance_1;
    float param_2 = environmentalStart;
    float param_3 = environmantalEnd;
    float param_4 = renderDistanceStart;
    float param_5 = renderDistanceEnd;
    float fogValue = total_fog_value(param, param_1, param_2, param_3, param_4, param_5);
    return vec4(mix(inColor.xyz, fogColor.xyz, vec3(fogValue * fogColor.w)), inColor.w);
}

void main()
{
    vec4 _222 = texProj0;
    _222.z = _222.w;
    vec3 color = textureProj(Sampler0, _222.xyz).xyz * vec3(0.022087000310420989990234375, 0.09839899837970733642578125, 0.1108179986476898193359375);
    for (int i = 0; i < 16; i++)
    {
        float param = float(i + 1);
        vec4 _252 = texProj0 * end_portal_layer(param);
        _252.z = _252.w;
        color += (textureProj(Sampler1, _252.xyz).xyz * _319[i]);
    }
    vec4 param_1 = vec4(color, 1.0);
    float param_2 = sphericalVertexDistance;
    float param_3 = cylindricalVertexDistance;
    float param_4 = _342.FogEnvironmentalStart;
    float param_5 = _342.FogEnvironmentalEnd;
    float param_6 = _342.FogRenderDistanceStart;
    float param_7 = _342.FogRenderDistanceEnd;
    vec4 param_8 = _342.FogColor;
    fragColor = apply_fog(param_1, param_2, param_3, param_4, param_5, param_6, param_7, param_8);
}


[DEBUG] [ShaderTranslator] shader 18 stage 0x8B30 translated via SPIR-V (5515 chars, took 12.413906ms)
[DEBUG] [FluorateGL] glCompileShader(18)
[DEBUG] [FluorateGL] glCreateProgram()
[DEBUG] [FluorateGL] glAttachShader(10, 17)
[DEBUG] [FluorateGL] glAttachShader(10, 18)
[DEBUG] [FluorateGL] glLinkProgram(10)
[DEBUG] [FluorateGL] glCreateShader(0x8B31)
[DEBUG] [ShaderTranslator] SPIR-V translate start: stage=vertex (0x8B31)
[DEBUG] [ShaderTranslator] glslang SPIR-V compile done: stage=vertex, took 5.402552ms (1256 words)
[DEBUG] [ShaderTranslator] SPIR-V translate success: stage=vertex, version=ES320, glslang=11.604583ms, spirv-cross=6.179166ms, total=11.605156ms
[DEBUG] [ShaderTranslator] translated GLSL ES:
#version 320 es
precision highp float;
precision highp int;

layout(std140) uniform ChunkSection
{
    mat4 ModelViewMat;
    float ChunkVisibility;
    ivec2 TextureSize;
    ivec3 ChunkPosition;
} _74;

layout(std140) uniform Globals
{
    ivec3 CameraBlockPos;
    vec3 CameraOffset;
    vec2 ScreenSize;
    float GlintAlpha;
    float GameTime;
    int MenuBlurRadius;
    int UseRgss;
} _81;

layout(std140) uniform Projection
{
    mat4 ProjMat;
} _99;

layout(std140) uniform Fog
{
    vec4 FogColor;
    float FogEnvironmentalStart;
    float FogEnvironmentalEnd;
    float FogRenderDistanceStart;
    float FogRenderDistanceEnd;
    float FogSkyEnd;
    float FogCloudsEnd;
} _142;

uniform highp sampler2D Sampler2;

in vec3 Position;
out float sphericalVertexDistance;
out float cylindricalVertexDistance;
out vec4 vertexColor;
in vec4 Color;
in ivec2 UV2;
out vec2 texCoord0;
in vec2 UV0;
in vec3 Normal;

float fog_spherical_distance(vec3 pos)
{
    return length(pos);
}

float fog_cylindrical_distance(vec3 pos)
{
    float distXZ = length(pos.xz);
    float distY = abs(pos.y);
    return max(distXZ, distY);
}

vec4 minecraft_sample_lightmap(highp sampler2D lightMap, ivec2 uv)
{
    return textureLod(lightMap, clamp((vec2(uv) / vec2(256.0)) + vec2(0.03125), vec2(0.03125), vec2(0.96875)), 0.0);
}

void main()
{
    vec3 pos = (Position + vec3(_74.ChunkPosition - _81.CameraBlockPos)) + _81.CameraOffset;
    gl_Position = (_99.ProjMat * _74.ModelViewMat) * vec4(pos, 1.0);
    vec3 param = pos;
    sphericalVertexDistance = fog_spherical_distance(param);
    vec3 param_1 = pos;
    cylindricalVertexDistance = fog_cylindrical_distance(param_1);
    ivec2 param_2 = UV2;
    vertexColor = Color * minecraft_sample_lightmap(Sampler2, param_2);
    texCoord0 = UV0;
    gl_Position.z = 2.0 * gl_Position.z - gl_Position.w;
    gl_Position.y = -gl_Position.y;
}


[DEBUG] [ShaderTranslator] shader 19 stage 0x8B31 translated via SPIR-V (1882 chars, took 11.684166ms)
[DEBUG] [FluorateGL] glCompileShader(19)
[DEBUG] [FluorateGL] glCreateShader(0x8B30)
[DEBUG] [ShaderTranslator] SPIR-V translate start: stage=fragment (0x8B30)
[DEBUG] [ShaderTranslator] glslang SPIR-V compile done: stage=fragment, took 7.835781ms (3133 words)
[DEBUG] [ShaderTranslator] SPIR-V translate success: stage=fragment, version=ES320, glslang=16.635781ms, spirv-cross=8.720469ms, total=16.636146ms
[DEBUG] [ShaderTranslator] translated GLSL ES:
#version 320 es
precision highp float;
precision highp int;

const vec2 _307[4] = vec2[](vec2(0.125, 0.375), vec2(-0.125, -0.375), vec2(0.375, -0.125), vec2(-0.375, 0.125));

layout(std140) uniform Globals
{
    ivec3 CameraBlockPos;
    vec3 CameraOffset;
    vec2 ScreenSize;
    float GlintAlpha;
    float GameTime;
    int MenuBlurRadius;
    int UseRgss;
} _365;

layout(std140) uniform ChunkSection
{
    mat4 ModelViewMat;
    float ChunkVisibility;
    ivec2 TextureSize;
    ivec3 ChunkPosition;
} _381;

layout(std140) uniform Fog
{
    vec4 FogColor;
    float FogEnvironmentalStart;
    float FogEnvironmentalEnd;
    float FogRenderDistanceStart;
    float FogRenderDistanceEnd;
    float FogSkyEnd;
    float FogCloudsEnd;
} _410;

uniform highp sampler2D Sampler0;

in vec2 texCoord0;
in vec4 vertexColor;
out vec4 fragColor;
in float sphericalVertexDistance;
in float cylindricalVertexDistance;

vec4 sampleNearest(highp sampler2D sampler, inout vec2 uv, vec2 pixelSize, vec2 du, vec2 dv, vec2 texelScreenSize)
{
    vec2 uvTexelCoords = uv / pixelSize;
    vec2 texelCenter = round(uvTexelCoords) - vec2(0.5);
    vec2 texelOffset = uvTexelCoords - texelCenter;
    texelOffset = (((texelOffset - vec2(0.5)) * pixelSize) / texelScreenSize) + vec2(0.5);
    texelOffset = clamp(texelOffset, vec2(0.0), vec2(1.0));
    uv = (texelCenter + texelOffset) * pixelSize;
    return textureGrad(sampler, uv, du, dv);
}

vec4 sampleRGSS(highp sampler2D source, vec2 uv, vec2 pixelSize)
{
    vec2 du = dFdx(uv);
    vec2 dv = dFdy(uv);
    vec2 texelScreenSize = sqrt((du * du) + (dv * dv));
    float maxTexelSize = max(texelScreenSize.x, texelScreenSize.y);
    float minPixelSize = min(pixelSize.x, pixelSize.y);
    float transitionStart = minPixelSize * 1.0;
    float transitionEnd = minPixelSize * 2.0;
    float blendFactor = smoothstep(transitionStart, transitionEnd, maxTexelSize);
    float duLength = length(du);
    float dvLength = length(dv);
    float minDerivative = min(duLength, dvLength);
    float maxDerivative = max(duLength, dvLength);
    float effectiveDerivative = sqrt(minDerivative * maxDerivative);
    float mipLevelExact = max(0.0, log2(effectiveDerivative / minPixelSize));
    float mipLevelLow = floor(mipLevelExact);
    float mipLevelHigh = mipLevelLow + 1.0;
    float mipBlend = fract(mipLevelExact);
    vec4 rgssColorLow = vec4(0.0);
    vec4 rgssColorHigh = vec4(0.0);
    for (int i = 0; i < 4; i++)
    {
        vec2 sampleUV = uv + (_307[i] * pixelSize);
        rgssColorLow += textureLod(source, sampleUV, mipLevelLow);
        rgssColorHigh += textureLod(source, sampleUV, mipLevelHigh);
    }
    rgssColorLow *= 0.25;
    rgssColorHigh *= 0.25;
    vec4 rgssColor = mix(rgssColorLow, rgssColorHigh, vec4(mipBlend));
    vec2 param = uv;
    vec2 param_1 = pixelSize;
    vec2 param_2 = du;
    vec2 param_3 = dv;
    vec2 param_4 = texelScreenSize;
    vec4 _353 = sampleNearest(source, param, param_1, param_2, param_3, param_4);
    vec4 nearestColor = _353;
    return mix(nearestColor, rgssColor, vec4(blendFactor));
}

vec4 sampleNearest(highp sampler2D source, vec2 uv, vec2 pixelSize)
{
    vec2 du = dFdx(uv);
    vec2 dv = dFdy(uv);
    vec2 texelScreenSize = sqrt((du * du) + (dv * dv));
    vec2 param = uv;
    vec2 param_1 = pixelSize;
    vec2 param_2 = du;
    vec2 param_3 = dv;
    vec2 param_4 = texelScreenSize;
    vec4 _202 = sampleNearest(source, param, param_1, param_2, param_3, param_4);
    return _202;
}

float linear_fog_value(float vertexDistance, float fogStart, float fogEnd)
{
    if (vertexDistance <= fogStart)
    {
        return 0.0;
    }
    else
    {
        if (vertexDistance >= fogEnd)
        {
            return 1.0;
        }
    }
    return (vertexDistance - fogStart) / (fogEnd - fogStart);
}

float total_fog_value(float sphericalVertexDistance_1, float cylindricalVertexDistance_1, float environmentalStart, float environmantalEnd, float renderDistanceStart, float renderDistanceEnd)
{
    float param = sphericalVertexDistance_1;
    float param_1 = environmentalStart;
    float param_2 = environmantalEnd;
    float param_3 = cylindricalVertexDistance_1;
    float param_4 = renderDistanceStart;
    float param_5 = renderDistanceEnd;
    return max(linear_fog_value(param, param_1, param_2), linear_fog_value(param_3, param_4, param_5));
}

vec4 apply_fog(vec4 inColor, float sphericalVertexDistance_1, float cylindricalVertexDistance_1, float environmentalStart, float environmantalEnd, float renderDistanceStart, float renderDistanceEnd, vec4 fogColor)
{
    float param = sphericalVertexDistance_1;
    float param_1 = cylindricalVertexDistance_1;
    float param_2 = environmentalStart;
    float param_3 = environmantalEnd;
    float param_4 = renderDistanceStart;
    float param_5 = renderDistanceEnd;
    float fogValue = total_fog_value(param, param_1, param_2, param_3, param_4, param_5);
    return vec4(mix(inColor.xyz, fogColor.xyz, vec3(fogValue * fogColor.w)), inColor.w);
}

void main()
{
    vec4 _371;
    if (_365.UseRgss == 1)
    {
        vec2 param = texCoord0;
        vec2 param_1 = vec2(1.0) / vec2(_381.TextureSize);
        _371 = sampleRGSS(Sampler0, param, param_1);
    }
    else
    {
        vec2 param_2 = texCoord0;
        vec2 param_3 = vec2(1.0) / vec2(_381.TextureSize);
        _371 = sampleNearest(Sampler0, param_2, param_3);
    }
    vec4 color = _371 * vertexColor;
    color = mix(_410.FogColor * vec4(1.0, 1.0, 1.0, color.w), color, vec4(_381.ChunkVisibility));
    vec4 param_4 = color;
    float param_5 = sphericalVertexDistance;
    float param_6 = cylindricalVertexDistance;
    float param_7 = _410.FogEnvironmentalStart;
    float param_8 = _410.FogEnvironmentalEnd;
    float param_9 = _410.FogRenderDistanceStart;
    float param_10 = _410.FogRenderDistanceEnd;
    vec4 param_11 = _410.FogColor;
    fragColor = apply_fog(param_4, param_5, param_6, param_7, param_8, param_9, param_10, param_11);
}


[DEBUG] [ShaderTranslator] shader 20 stage 0x8B30 translated via SPIR-V (5975 chars, took 16.747864ms)
[DEBUG] [FluorateGL] glCompileShader(20)
[DEBUG] [FluorateGL] glCreateProgram()
[DEBUG] [FluorateGL] glAttachShader(11, 19)
[DEBUG] [FluorateGL] glAttachShader(11, 20)
[DEBUG] [FluorateGL] glLinkProgram(11)
[DEBUG] [FluorateGL] glCreateShader(0x8B31)
[DEBUG] [ShaderTranslator] SPIR-V translate start: stage=vertex (0x8B31)
[DEBUG] [ShaderTranslator] glslang SPIR-V compile done: stage=vertex, took 4.740781ms (509 words)
[DEBUG] [ShaderTranslator] SPIR-V translate success: stage=vertex, version=ES320, glslang=10.759427ms, spirv-cross=5.9925ms, total=10.759844ms
[DEBUG] [ShaderTranslator] translated GLSL ES:
#version 320 es
precision highp float;
precision highp int;

layout(std140) uniform Projection
{
    mat4 ProjMat;
} _19;

layout(std140) uniform DynamicTransforms
{
    mat4 ModelViewMat;
    vec4 ColorModulator;
    vec3 ModelOffset;
    mat4 TextureMat;
} _26;

in vec3 Position;
out vec4 vertexColor;
in vec4 Color;
out vec2 texCoord0;
in vec2 UV0;

void main()
{
    gl_Position = (_19.ProjMat * _26.ModelViewMat) * vec4(Position, 1.0);
    vertexColor = Color;
    texCoord0 = UV0;
    gl_Position.z = 2.0 * gl_Position.z - gl_Position.w;
    gl_Position.y = -gl_Position.y;
}


[DEBUG] [ShaderTranslator] shader 21 stage 0x8B31 translated via SPIR-V (584 chars, took 10.788177ms)
[DEBUG] [FluorateGL] glCompileShader(21)
[DEBUG] [FluorateGL] glCreateShader(0x8B30)
[DEBUG] [ShaderTranslator] SPIR-V translate start: stage=fragment (0x8B30)
[DEBUG] [ShaderTranslator] glslang SPIR-V compile done: stage=fragment, took 4.017604ms (375 words)
[DEBUG] [ShaderTranslator] SPIR-V translate success: stage=fragment, version=ES320, glslang=9.440573ms, spirv-cross=5.377656ms, total=9.440886ms
[DEBUG] [ShaderTranslator] translated GLSL ES:
#version 320 es
precision highp float;
precision highp int;

layout(std140) uniform DynamicTransforms
{
    mat4 ModelViewMat;
    vec4 ColorModulator;
    vec3 ModelOffset;
    mat4 TextureMat;
} _43;

uniform highp sampler2D Sampler0;

in vec2 texCoord0;
in vec4 vertexColor;
out vec4 fragColor;

void main()
{
    vec4 color = texture(Sampler0, texCoord0).xxxx * vertexColor;
    if (color.w < 0.100000001490116119384765625)
    {
        discard;
    }
    fragColor = color * _43.ColorModulator;
}


[DEBUG] [ShaderTranslator] shader 22 stage 0x8B30 translated via SPIR-V (504 chars, took 9.494531ms)
[DEBUG] [FluorateGL] glCompileShader(22)
[DEBUG] [FluorateGL] glCreateProgram()
[DEBUG] [FluorateGL] glAttachShader(12, 21)
[DEBUG] [FluorateGL] glAttachShader(12, 22)
[DEBUG] [FluorateGL] glLinkProgram(12)
[DEBUG] [FluorateGL] glCreateShader(0x8B31)
[DEBUG] [ShaderTranslator] SPIR-V translate start: stage=vertex (0x8B31)
[DEBUG] [FluorateGL] glCompileShader(23)
[DEBUG] [FluorateGL] glCreateShader(0x8B30)
[DEBUG] [ShaderTranslator] SPIR-V translate start: stage=fragment (0x8B30)
[DEBUG] [FluorateGL] glCompileShader(24)
[DEBUG] [ShaderTranslator] glslang SPIR-V compile done: stage=vertex, took 8.247396ms (1106 words)
[DEBUG] [ShaderTranslator] SPIR-V translate success: stage=vertex, version=ES320, glslang=15.447865ms, spirv-cross=7.152239ms, total=15.448229ms
[DEBUG] [ShaderTranslator] translated GLSL ES:
#version 320 es
precision highp float;
precision highp int;

layout(std140) uniform DynamicTransforms
{
    mat4 ModelViewMat;
    vec4 ColorModulator;
    vec3 ModelOffset;
    mat4 TextureMat;
} _73;

layout(std140) uniform Projection
{
    mat4 ProjMat;
} _86;

layout(std140) uniform Fog
{
    vec4 FogColor;
    float FogEnvironmentalStart;
    float FogEnvironmentalEnd;
    float FogRenderDistanceStart;
    float FogRenderDistanceEnd;
    float FogSkyEnd;
    float FogCloudsEnd;
} _129;

uniform highp sampler2D Sampler2;

in vec3 Position;
out float sphericalVertexDistance;
out float cylindricalVertexDistance;
out vec4 vertexColor;
in vec4 Color;
in ivec2 UV2;
out vec2 texCoord0;
in vec2 UV0;
in vec3 Normal;

float fog_spherical_distance(vec3 pos)
{
    return length(pos);
}

float fog_cylindrical_distance(vec3 pos)
{
    float distXZ = length(pos.xz);
    float distY = abs(pos.y);
    return max(distXZ, distY);
}

vec4 minecraft_sample_lightmap(highp sampler2D lightMap, ivec2 uv)
{
    return textureLod(lightMap, clamp((vec2(uv) / vec2(256.0)) + vec2(0.03125), vec2(0.03125), vec2(0.96875)), 0.0);
}

void main()
{
    vec3 pos = Position + _73.ModelOffset;
    gl_Position = (_86.ProjMat * _73.ModelViewMat) * vec4(pos, 1.0);
    vec3 param = pos;
    sphericalVertexDistance = fog_spherical_distance(param);
    vec3 param_1 = pos;
    cylindricalVertexDistance = fog_cylindrical_distance(param_1);
    ivec2 param_2 = UV2;
    vertexColor = Color * minecraft_sample_lightmap(Sampler2, param_2);
    texCoord0 = UV0;
    gl_Position.z = 2.0 * gl_Position.z - gl_Position.w;
    gl_Position.y = -gl_Position.y;
}


[DEBUG] [ShaderTranslator] shader 25 stage 0x8B31 translated via SPIR-V (1636 chars, took 15.515625ms)
[DEBUG] [FluorateGL] glCompileShader(25)
[DEBUG] [FluorateGL] glCreateShader(0x8B30)
[DEBUG] [ShaderTranslator] SPIR-V translate start: stage=fragment (0x8B30)
[DEBUG] [ShaderTranslator] glslang SPIR-V compile done: stage=fragment, took 6.489792ms (1330 words)
[DEBUG] [ShaderTranslator] SPIR-V translate success: stage=fragment, version=ES320, glslang=14.101198ms, spirv-cross=7.555729ms, total=14.101562ms
[DEBUG] [ShaderTranslator] translated GLSL ES:
#version 320 es
precision highp float;
precision highp int;

layout(std140) uniform DynamicTransforms
{
    mat4 ModelViewMat;
    vec4 ColorModulator;
    vec3 ModelOffset;
    mat4 TextureMat;
} _131;

layout(std140) uniform Fog
{
    vec4 FogColor;
    float FogEnvironmentalStart;
    float FogEnvironmentalEnd;
    float FogRenderDistanceStart;
    float FogRenderDistanceEnd;
    float FogSkyEnd;
    float FogCloudsEnd;
} _145;

uniform highp sampler2D Sampler0;

in vec2 texCoord0;
in vec4 vertexColor;
out vec4 fragColor;
in float sphericalVertexDistance;
in float cylindricalVertexDistance;

float linear_fog_value(float vertexDistance, float fogStart, float fogEnd)
{
    if (vertexDistance <= fogStart)
    {
        return 0.0;
    }
    else
    {
        if (vertexDistance >= fogEnd)
        {
            return 1.0;
        }
    }
    return (vertexDistance - fogStart) / (fogEnd - fogStart);
}

float total_fog_value(float sphericalVertexDistance_1, float cylindricalVertexDistance_1, float environmentalStart, float environmantalEnd, float renderDistanceStart, float renderDistanceEnd)
{
    float param = sphericalVertexDistance_1;
    float param_1 = environmentalStart;
    float param_2 = environmantalEnd;
    float param_3 = cylindricalVertexDistance_1;
    float param_4 = renderDistanceStart;
    float param_5 = renderDistanceEnd;
    return max(linear_fog_value(param, param_1, param_2), linear_fog_value(param_3, param_4, param_5));
}

vec4 apply_fog(vec4 inColor, float sphericalVertexDistance_1, float cylindricalVertexDistance_1, float environmentalStart, float environmantalEnd, float renderDistanceStart, float renderDistanceEnd, vec4 fogColor)
{
    float param = sphericalVertexDistance_1;
    float param_1 = cylindricalVertexDistance_1;
    float param_2 = environmentalStart;
    float param_3 = environmantalEnd;
    float param_4 = renderDistanceStart;
    float param_5 = renderDistanceEnd;
    float fogValue = total_fog_value(param, param_1, param_2, param_3, param_4, param_5);
    return vec4(mix(inColor.xyz, fogColor.xyz, vec3(fogValue * fogColor.w)), inColor.w);
}

void main()
{
    vec4 color = (texture(Sampler0, texCoord0) * vertexColor) * _131.ColorModulator;
    vec4 param = color;
    float param_1 = sphericalVertexDistance;
    float param_2 = cylindricalVertexDistance;
    float param_3 = _145.FogEnvironmentalStart;
    float param_4 = _145.FogEnvironmentalEnd;
    float param_5 = _145.FogRenderDistanceStart;
    float param_6 = _145.FogRenderDistanceEnd;
    vec4 param_7 = _145.FogColor;
    fragColor = apply_fog(param, param_1, param_2, param_3, param_4, param_5, param_6, param_7);
}


[DEBUG] [ShaderTranslator] shader 26 stage 0x8B30 translated via SPIR-V (2657 chars, took 14.161823ms)
[DEBUG] [FluorateGL] glCompileShader(26)
[DEBUG] [FluorateGL] glCreateProgram()
[DEBUG] [FluorateGL] glAttachShader(13, 25)
[DEBUG] [FluorateGL] glAttachShader(13, 26)
[DEBUG] [FluorateGL] glLinkProgram(13)
[DEBUG] [FluorateGL] glCreateShader(0x8B31)
[DEBUG] [ShaderTranslator] SPIR-V translate start: stage=vertex (0x8B31)
[DEBUG] [ShaderTranslator] glslang SPIR-V compile done: stage=vertex, took 7.519896ms (1156 words)
[DEBUG] [ShaderTranslator] SPIR-V translate success: stage=vertex, version=ES320, glslang=19.789948ms, spirv-cross=12.222656ms, total=19.790364ms
[DEBUG] [ShaderTranslator] translated GLSL ES:
#version 320 es
precision highp float;
precision highp int;

layout(std140) uniform Projection
{
    mat4 ProjMat;
} _47;

layout(std140) uniform DynamicTransforms
{
    mat4 ModelViewMat;
    vec4 ColorModulator;
    vec3 ModelOffset;
    mat4 TextureMat;
} _53;

layout(std140) uniform Lighting
{
    vec3 Light0_Direction;
    vec3 Light1_Direction;
} _120;

layout(std140) uniform Fog
{
    vec4 FogColor;
    float FogEnvironmentalStart;
    float FogEnvironmentalEnd;
    float FogRenderDistanceStart;
    float FogRenderDistanceEnd;
    float FogSkyEnd;
    float FogCloudsEnd;
} _123;

uniform highp sampler2D Sampler2;
uniform highp sampler2D Sampler1;

in vec3 Position;
out float sphericalVertexDistance;
out float cylindricalVertexDistance;
out vec4 vertexColor;
in vec4 Color;
out vec4 lightMapColor;
in ivec2 UV2;
out vec4 overlayColor;
in ivec2 UV1;
out vec2 texCoord0;
in vec2 UV0;
in vec3 Normal;

float fog_spherical_distance(vec3 pos)
{
    return length(pos);
}

float fog_cylindrical_distance(vec3 pos)
{
    float distXZ = length(pos.xz);
    float distY = abs(pos.y);
    return max(distXZ, distY);
}

void main()
{
    gl_Position = (_47.ProjMat * _53.ModelViewMat) * vec4(Position, 1.0);
    vec3 param = Position;
    sphericalVertexDistance = fog_spherical_distance(param);
    vec3 param_1 = Position;
    cylindricalVertexDistance = fog_cylindrical_distance(param_1);
    vertexColor = Color;
    lightMapColor = texelFetch(Sampler2, UV2 / ivec2(16), 0);
    overlayColor = texelFetch(Sampler1, UV1, 0);
    texCoord0 = UV0;
    texCoord0 = (_53.TextureMat * vec4(UV0, 0.0, 1.0)).xy;
    gl_Position.z = 2.0 * gl_Position.z - gl_Position.w;
    gl_Position.y = -gl_Position.y;
}


[DEBUG] [ShaderTranslator] shader 27 stage 0x8B31 translated via SPIR-V (1709 chars, took 19.86573ms)
[DEBUG] [FluorateGL] glCompileShader(27)
[DEBUG] [FluorateGL] glCreateShader(0x8B30)
[DEBUG] [ShaderTranslator] SPIR-V translate start: stage=fragment (0x8B30)
[DEBUG] [ShaderTranslator] glslang SPIR-V compile done: stage=fragment, took 6.011563ms (1413 words)
[DEBUG] [ShaderTranslator] SPIR-V translate success: stage=fragment, version=ES320, glslang=12.808333ms, spirv-cross=6.753854ms, total=12.808698ms
[DEBUG] [ShaderTranslator] translated GLSL ES:
#version 320 es
precision highp float;
precision highp int;

layout(std140) uniform DynamicTransforms
{
    mat4 ModelViewMat;
    vec4 ColorModulator;
    vec3 ModelOffset;
    mat4 TextureMat;
} _137;

layout(std140) uniform Fog
{
    vec4 FogColor;
    float FogEnvironmentalStart;
    float FogEnvironmentalEnd;
    float FogRenderDistanceStart;
    float FogRenderDistanceEnd;
    float FogSkyEnd;
    float FogCloudsEnd;
} _157;

uniform highp sampler2D Sampler0;

in vec2 texCoord0;
in vec4 vertexColor;
in vec4 lightMapColor;
out vec4 fragColor;
in float sphericalVertexDistance;
in float cylindricalVertexDistance;
in vec4 overlayColor;

float linear_fog_value(float vertexDistance, float fogStart, float fogEnd)
{
    if (vertexDistance <= fogStart)
    {
        return 0.0;
    }
    else
    {
        if (vertexDistance >= fogEnd)
        {
            return 1.0;
        }
    }
    return (vertexDistance - fogStart) / (fogEnd - fogStart);
}

float total_fog_value(float sphericalVertexDistance_1, float cylindricalVertexDistance_1, float environmentalStart, float environmantalEnd, float renderDistanceStart, float renderDistanceEnd)
{
    float param = sphericalVertexDistance_1;
    float param_1 = environmentalStart;
    float param_2 = environmantalEnd;
    float param_3 = cylindricalVertexDistance_1;
    float param_4 = renderDistanceStart;
    float param_5 = renderDistanceEnd;
    return max(linear_fog_value(param, param_1, param_2), linear_fog_value(param_3, param_4, param_5));
}

vec4 apply_fog(vec4 inColor, float sphericalVertexDistance_1, float cylindricalVertexDistance_1, float environmentalStart, float environmantalEnd, float renderDistanceStart, float renderDistanceEnd, vec4 fogColor)
{
    float param = sphericalVertexDistance_1;
    float param_1 = cylindricalVertexDistance_1;
    float param_2 = environmentalStart;
    float param_3 = environmantalEnd;
    float param_4 = renderDistanceStart;
    float param_5 = renderDistanceEnd;
    float fogValue = total_fog_value(param, param_1, param_2, param_3, param_4, param_5);
    return vec4(mix(inColor.xyz, fogColor.xyz, vec3(fogValue * fogColor.w)), inColor.w);
}

void main()
{
    vec4 color = texture(Sampler0, texCoord0);
    if (color.w < 0.100000001490116119384765625)
    {
        discard;
    }
    color *= (vertexColor * _137.ColorModulator);
    color *= lightMapColor;
    vec4 param = color;
    float param_1 = sphericalVertexDistance;
    float param_2 = cylindricalVertexDistance;
    float param_3 = _157.FogEnvironmentalStart;
    float param_4 = _157.FogEnvironmentalEnd;
    float param_5 = _157.FogRenderDistanceStart;
    float param_6 = _157.FogRenderDistanceEnd;
    vec4 param_7 = _157.FogColor;
    fragColor = apply_fog(param, param_1, param_2, param_3, param_4, param_5, param_6, param_7);
}


[DEBUG] [ShaderTranslator] shader 28 stage 0x8B30 translated via SPIR-V (2820 chars, took 12.871354ms)
[DEBUG] [FluorateGL] glCompileShader(28)
[DEBUG] [FluorateGL] glCreateProgram()
[DEBUG] [FluorateGL] glAttachShader(14, 27)
[DEBUG] [FluorateGL] glAttachShader(14, 28)
[DEBUG] [FluorateGL] glLinkProgram(14)
[DEBUG] [FluorateGL] glCreateShader(0x8B31)
[DEBUG] [ShaderTranslator] SPIR-V translate start: stage=vertex (0x8B31)
[DEBUG] [ShaderTranslator] glslang SPIR-V compile done: stage=vertex, took 5.440521ms (1014 words)
[DEBUG] [ShaderTranslator] SPIR-V translate success: stage=vertex, version=ES320, glslang=12.169271ms, spirv-cross=6.697969ms, total=12.169583ms
[DEBUG] [ShaderTranslator] translated GLSL ES:
#version 320 es
precision highp float;
precision highp int;

layout(std140) uniform Projection
{
    mat4 ProjMat;
} _83;

layout(std140) uniform DynamicTransforms
{
    mat4 ModelViewMat;
    vec4 ColorModulator;
    vec3 ModelOffset;
    mat4 TextureMat;
} _89;

layout(std140) uniform Fog
{
    vec4 FogColor;
    float FogEnvironmentalStart;
    float FogEnvironmentalEnd;
    float FogRenderDistanceStart;
    float FogRenderDistanceEnd;
    float FogSkyEnd;
    float FogCloudsEnd;
} _120;

in vec3 Position;
out vec4 texProj0;
out float sphericalVertexDistance;
out float cylindricalVertexDistance;

vec4 projection_from_position(vec4 position)
{
    vec4 projection = position * 0.5;
    float _49 = projection.x;
    float _52 = projection.w;
    float _55 = projection.y;
    float _57 = projection.w;
    vec2 _59 = vec2(_49 + _52, _55 + _57);
    projection.x = _59.x;
    projection.y = _59.y;
    projection.z = position.zw.x;
    projection.w = position.zw.y;
    return projection;
}

float fog_spherical_distance(vec3 pos)
{
    return length(pos);
}

float fog_cylindrical_distance(vec3 pos)
{
    float distXZ = length(pos.xz);
    float distY = abs(pos.y);
    return max(distXZ, distY);
}

void main()
{
    gl_Position = (_83.ProjMat * _89.ModelViewMat) * vec4(Position, 1.0);
    vec4 param = gl_Position;
    texProj0 = projection_from_position(param);
    vec3 param_1 = Position;
    sphericalVertexDistance = fog_spherical_distance(param_1);
    vec3 param_2 = Position;
    cylindricalVertexDistance = fog_cylindrical_distance(param_2);
    gl_Position.z = 2.0 * gl_Position.z - gl_Position.w;
    gl_Position.y = -gl_Position.y;
}


[DEBUG] [ShaderTranslator] shader 29 stage 0x8B31 translated via SPIR-V (1661 chars, took 12.223073ms)
[DEBUG] [FluorateGL] glCompileShader(29)
[DEBUG] [FluorateGL] glCreateShader(0x8B30)
[DEBUG] [ShaderTranslator] SPIR-V translate start: stage=fragment (0x8B30)
[DEBUG] [ShaderTranslator] glslang SPIR-V compile done: stage=fragment, took 6.583489ms (2358 words)
[DEBUG] [ShaderTranslator] SPIR-V translate success: stage=fragment, version=ES320, glslang=15.197552ms, spirv-cross=8.586718ms, total=15.197916ms
[DEBUG] [ShaderTranslator] translated GLSL ES:
#version 320 es
precision highp float;
precision highp int;

const vec3 _319[16] = vec3[](vec3(0.022087000310420989990234375, 0.09839899837970733642578125, 0.1108179986476898193359375), vec3(0.01189200021326541900634765625, 0.095923997461795806884765625, 0.089484997093677520751953125), vec3(0.02763600088655948638916015625, 0.101689003407955169677734375, 0.100326001644134521484375), vec3(0.0465640015900135040283203125, 0.109883002936840057373046875, 0.114837996661663055419921875), vec3(0.064901001751422882080078125, 0.11769600212574005126953125, 0.097189001739025115966796875), vec3(0.063761003315448760986328125, 0.086894996464252471923828125, 0.123645998537540435791015625), vec3(0.084816999733448028564453125, 0.1119939982891082763671875, 0.16638000309467315673828125), vec3(0.09748899936676025390625, 0.1541199982166290283203125, 0.091063998639583587646484375), vec3(0.106151998043060302734375, 0.13114400207996368408203125, 0.1951909959316253662109375), vec3(0.097721002995967864990234375, 0.110187999904155731201171875, 0.18722899258136749267578125), vec3(0.13351599872112274169921875, 0.13827799260616302490234375, 0.14858199656009674072265625), vec3(0.07000599801540374755859375, 0.2433319985866546630859375, 0.23579199612140655517578125), vec3(0.19676600396633148193359375, 0.1428990066051483154296875, 0.21469600498676300048828125), vec3(0.0472810007631778717041015625, 0.3153379857540130615234375, 0.3219699859619140625), vec3(0.20467500388622283935546875, 0.39000999927520751953125, 0.3020659983158111572265625), vec3(0.0809549987316131591796875, 0.3148210048675537109375, 0.661490976810455322265625));

layout(std140) uniform Globals
{
    ivec3 CameraBlockPos;
    vec3 CameraOffset;
    vec2 ScreenSize;
    float GlintAlpha;
    float GameTime;
    int MenuBlurRadius;
    int UseRgss;
} _152;

layout(std140) uniform Fog
{
    vec4 FogColor;
    float FogEnvironmentalStart;
    float FogEnvironmentalEnd;
    float FogRenderDistanceStart;
    float FogRenderDistanceEnd;
    float FogSkyEnd;
    float FogCloudsEnd;
} _342;

uniform highp sampler2D Sampler0;
uniform highp sampler2D Sampler1;

in vec4 texProj0;
out vec4 fragColor;
in float sphericalVertexDistance;
in float cylindricalVertexDistance;

mat2 mat2_rotate_z(float _radians)
{
    return mat2(vec2(cos(_radians), -sin(_radians)), vec2(sin(_radians), cos(_radians)));
}

mat4 end_portal_layer(float layer)
{
    mat4 translate = mat4(vec4(1.0, 0.0, 0.0, 17.0 / layer), vec4(0.0, 1.0, 0.0, (2.0 + (layer / 1.5)) * (_152.GameTime * 1.5)), vec4(0.0, 0.0, 1.0, 0.0), vec4(0.0, 0.0, 0.0, 1.0));
    float param = radians((((layer * layer) * 4321.0) + (layer * 9.0)) * 2.0);
    mat2 rotate = mat2_rotate_z(param);
    float _185 = (4.5 - (layer / 4.0)) * 2.0;
    mat2 scale = mat2(vec2(_185, 0.0), vec2(0.0, _185));
    mat2 _191 = scale * rotate;
    return (mat4(vec4(_191[0].x, _191[0].y, 0.0, 0.0), vec4(_191[1].x, _191[1].y, 0.0, 0.0), vec4(0.0, 0.0, 1.0, 0.0), vec4(0.0, 0.0, 0.0, 1.0)) * translate) * mat4(vec4(0.5, 0.0, 0.0, 0.25), vec4(0.0, 0.5, 0.0, 0.25), vec4(0.0, 0.0, 1.0, 0.0), vec4(0.0, 0.0, 0.0, 1.0));
}

float linear_fog_value(float vertexDistance, float fogStart, float fogEnd)
{
    if (vertexDistance <= fogStart)
    {
        return 0.0;
    }
    else
    {
        if (vertexDistance >= fogEnd)
        {
            return 1.0;
        }
    }
    return (vertexDistance - fogStart) / (fogEnd - fogStart);
}

float total_fog_value(float sphericalVertexDistance_1, float cylindricalVertexDistance_1, float environmentalStart, float environmantalEnd, float renderDistanceStart, float renderDistanceEnd)
{
    float param = sphericalVertexDistance_1;
    float param_1 = environmentalStart;
    float param_2 = environmantalEnd;
    float param_3 = cylindricalVertexDistance_1;
    float param_4 = renderDistanceStart;
    float param_5 = renderDistanceEnd;
    return max(linear_fog_value(param, param_1, param_2), linear_fog_value(param_3, param_4, param_5));
}

vec4 apply_fog(vec4 inColor, float sphericalVertexDistance_1, float cylindricalVertexDistance_1, float environmentalStart, float environmantalEnd, float renderDistanceStart, float renderDistanceEnd, vec4 fogColor)
{
    float param = sphericalVertexDistance_1;
    float param_1 = cylindricalVertexDistance_1;
    float param_2 = environmentalStart;
    float param_3 = environmantalEnd;
    float param_4 = renderDistanceStart;
    float param_5 = renderDistanceEnd;
    float fogValue = total_fog_value(param, param_1, param_2, param_3, param_4, param_5);
    return vec4(mix(inColor.xyz, fogColor.xyz, vec3(fogValue * fogColor.w)), inColor.w);
}

void main()
{
    vec4 _222 = texProj0;
    _222.z = _222.w;
    vec3 color = textureProj(Sampler0, _222.xyz).xyz * vec3(0.022087000310420989990234375, 0.09839899837970733642578125, 0.1108179986476898193359375);
    for (int i = 0; i < 15; i++)
    {
        float param = float(i + 1);
        vec4 _252 = texProj0 * end_portal_layer(param);
        _252.z = _252.w;
        color += (textureProj(Sampler1, _252.xyz).xyz * _319[i]);
    }
    vec4 param_1 = vec4(color, 1.0);
    float param_2 = sphericalVertexDistance;
    float param_3 = cylindricalVertexDistance;
    float param_4 = _342.FogEnvironmentalStart;
    float param_5 = _342.FogEnvironmentalEnd;
    float param_6 = _342.FogRenderDistanceStart;
    float param_7 = _342.FogRenderDistanceEnd;
    vec4 param_8 = _342.FogColor;
    fragColor = apply_fog(param_1, param_2, param_3, param_4, param_5, param_6, param_7, param_8);
}


[DEBUG] [ShaderTranslator] shader 30 stage 0x8B30 translated via SPIR-V (5515 chars, took 15.263021ms)
[DEBUG] [FluorateGL] glCompileShader(30)
[DEBUG] [FluorateGL] glCreateProgram()
[DEBUG] [FluorateGL] glAttachShader(15, 29)
[DEBUG] [FluorateGL] glAttachShader(15, 30)
[DEBUG] [FluorateGL] glLinkProgram(15)
[DEBUG] [FluorateGL] glCreateShader(0x8B31)
[DEBUG] [ShaderTranslator] SPIR-V translate start: stage=vertex (0x8B31)
[DEBUG] [ShaderTranslator] glslang SPIR-V compile done: stage=vertex, took 5.035885ms (952 words)
[DEBUG] [ShaderTranslator] SPIR-V translate success: stage=vertex, version=ES320, glslang=11.062292ms, spirv-cross=6.001979ms, total=11.062708ms
[DEBUG] [ShaderTranslator] translated GLSL ES:
#version 320 es
precision highp float;
precision highp int;

layout(std140) uniform Projection
{
    mat4 ProjMat;
} _47;

layout(std140) uniform DynamicTransforms
{
    mat4 ModelViewMat;
    vec4 ColorModulator;
    vec3 ModelOffset;
    mat4 TextureMat;
} _53;

layout(std140) uniform Fog
{
    vec4 FogColor;
    float FogEnvironmentalStart;
    float FogEnvironmentalEnd;
    float FogRenderDistanceStart;
    float FogRenderDistanceEnd;
    float FogSkyEnd;
    float FogCloudsEnd;
} _103;

uniform highp sampler2D Sampler2;

in vec3 Position;
out float sphericalVertexDistance;
out float cylindricalVertexDistance;
out vec2 texCoord0;
in vec2 UV0;
out vec4 vertexColor;
in vec4 Color;
in ivec2 UV2;

float fog_spherical_distance(vec3 pos)
{
    return length(pos);
}

float fog_cylindrical_distance(vec3 pos)
{
    float distXZ = length(pos.xz);
    float distY = abs(pos.y);
    return max(distXZ, distY);
}

void main()
{
    gl_Position = (_47.ProjMat * _53.ModelViewMat) * vec4(Position, 1.0);
    vec3 param = Position;
    sphericalVertexDistance = fog_spherical_distance(param);
    vec3 param_1 = Position;
    cylindricalVertexDistance = fog_cylindrical_distance(param_1);
    texCoord0 = UV0;
    vertexColor = Color * texelFetch(Sampler2, UV2 / ivec2(16), 0);
    gl_Position.z = 2.0 * gl_Position.z - gl_Position.w;
    gl_Position.y = -gl_Position.y;
}


[DEBUG] [ShaderTranslator] shader 31 stage 0x8B31 translated via SPIR-V (1374 chars, took 11.116875ms)
[DEBUG] [FluorateGL] glCompileShader(31)
[DEBUG] [FluorateGL] glCreateShader(0x8B30)
[DEBUG] [ShaderTranslator] SPIR-V translate start: stage=fragment (0x8B30)
[DEBUG] [ShaderTranslator] glslang SPIR-V compile done: stage=fragment, took 5.202187ms (1360 words)
[DEBUG] [ShaderTranslator] SPIR-V translate success: stage=fragment, version=ES320, glslang=11.848958ms, spirv-cross=6.59802ms, total=11.84927ms
[DEBUG] [ShaderTranslator] translated GLSL ES:
#version 320 es
precision highp float;
precision highp int;

layout(std140) uniform DynamicTransforms
{
    mat4 ModelViewMat;
    vec4 ColorModulator;
    vec3 ModelOffset;
    mat4 TextureMat;
} _131;

layout(std140) uniform Fog
{
    vec4 FogColor;
    float FogEnvironmentalStart;
    float FogEnvironmentalEnd;
    float FogRenderDistanceStart;
    float FogRenderDistanceEnd;
    float FogSkyEnd;
    float FogCloudsEnd;
} _152;

uniform highp sampler2D Sampler0;

in vec2 texCoord0;
in vec4 vertexColor;
out vec4 fragColor;
in float sphericalVertexDistance;
in float cylindricalVertexDistance;

float linear_fog_value(float vertexDistance, float fogStart, float fogEnd)
{
    if (vertexDistance <= fogStart)
    {
        return 0.0;
    }
    else
    {
        if (vertexDistance >= fogEnd)
        {
            return 1.0;
        }
    }
    return (vertexDistance - fogStart) / (fogEnd - fogStart);
}

float total_fog_value(float sphericalVertexDistance_1, float cylindricalVertexDistance_1, float environmentalStart, float environmantalEnd, float renderDistanceStart, float renderDistanceEnd)
{
    float param = sphericalVertexDistance_1;
    float param_1 = environmentalStart;
    float param_2 = environmantalEnd;
    float param_3 = cylindricalVertexDistance_1;
    float param_4 = renderDistanceStart;
    float param_5 = renderDistanceEnd;
    return max(linear_fog_value(param, param_1, param_2), linear_fog_value(param_3, param_4, param_5));
}

vec4 apply_fog(vec4 inColor, float sphericalVertexDistance_1, float cylindricalVertexDistance_1, float environmentalStart, float environmantalEnd, float renderDistanceStart, float renderDistanceEnd, vec4 fogColor)
{
    float param = sphericalVertexDistance_1;
    float param_1 = cylindricalVertexDistance_1;
    float param_2 = environmentalStart;
    float param_3 = environmantalEnd;
    float param_4 = renderDistanceStart;
    float param_5 = renderDistanceEnd;
    float fogValue = total_fog_value(param, param_1, param_2, param_3, param_4, param_5);
    return vec4(mix(inColor.xyz, fogColor.xyz, vec3(fogValue * fogColor.w)), inColor.w);
}

void main()
{
    vec4 color = (texture(Sampler0, texCoord0) * vertexColor) * _131.ColorModulator;
    if (color.w < 0.100000001490116119384765625)
    {
        discard;
    }
    vec4 param = color;
    float param_1 = sphericalVertexDistance;
    float param_2 = cylindricalVertexDistance;
    float param_3 = _152.FogEnvironmentalStart;
    float param_4 = _152.FogEnvironmentalEnd;
    float param_5 = _152.FogRenderDistanceStart;
    float param_6 = _152.FogRenderDistanceEnd;
    vec4 param_7 = _152.FogColor;
    fragColor = apply_fog(param, param_1, param_2, param_3, param_4, param_5, param_6, param_7);
}


[DEBUG] [ShaderTranslator] shader 32 stage 0x8B30 translated via SPIR-V (2735 chars, took 11.904219ms)
[DEBUG] [FluorateGL] glCompileShader(32)
[DEBUG] [FluorateGL] glCreateProgram()
[DEBUG] [FluorateGL] glAttachShader(16, 31)
[DEBUG] [FluorateGL] glAttachShader(16, 32)
[DEBUG] [FluorateGL] glLinkProgram(16)
[DEBUG] [FluorateGL] glCreateShader(0x8B31)
[DEBUG] [ShaderTranslator] SPIR-V translate start: stage=vertex (0x8B31)
[DEBUG] [ShaderTranslator] glslang SPIR-V compile done: stage=vertex, took 4.524063ms (464 words)
[DEBUG] [ShaderTranslator] SPIR-V translate success: stage=vertex, version=ES320, glslang=10.602292ms, spirv-cross=6.055417ms, total=10.602813ms
[DEBUG] [ShaderTranslator] translated GLSL ES:
#version 320 es
precision highp float;
precision highp int;

layout(std140) uniform Projection
{
    mat4 ProjMat;
} _19;

layout(std140) uniform DynamicTransforms
{
    mat4 ModelViewMat;
    vec4 ColorModulator;
    vec3 ModelOffset;
    mat4 TextureMat;
} _26;

in vec3 Position;
out vec4 vertexColor;
in vec4 Color;

void main()
{
    gl_Position = (_19.ProjMat * _26.ModelViewMat) * vec4(Position, 1.0);
    vertexColor = Color;
    gl_Position.z = 2.0 * gl_Position.z - gl_Position.w;
    gl_Position.y = -gl_Position.y;
}


[DEBUG] [ShaderTranslator] shader 33 stage 0x8B31 translated via SPIR-V (530 chars, took 10.638906ms)
[DEBUG] [FluorateGL] glCompileShader(33)
[DEBUG] [FluorateGL] glCreateShader(0x8B30)
[DEBUG] [ShaderTranslator] SPIR-V translate start: stage=fragment (0x8B30)
[DEBUG] [ShaderTranslator] glslang SPIR-V compile done: stage=fragment, took 3.890417ms (292 words)
[DEBUG] [ShaderTranslator] SPIR-V translate success: stage=fragment, version=ES320, glslang=9.735677ms, spirv-cross=5.826667ms, total=9.73625ms
[DEBUG] [ShaderTranslator] translated GLSL ES:
#version 320 es
precision highp float;
precision highp int;

layout(std140) uniform DynamicTransforms
{
    mat4 ModelViewMat;
    vec4 ColorModulator;
    vec3 ModelOffset;
    mat4 TextureMat;
} _31;

in vec4 vertexColor;
out vec4 fragColor;

void main()
{
    vec4 color = vertexColor;
    if (color.w == 0.0)
    {
        discard;
    }
    fragColor = color * _31.ColorModulator;
}


[DEBUG] [ShaderTranslator] shader 34 stage 0x8B30 translated via SPIR-V (389 chars, took 9.788959ms)
[DEBUG] [FluorateGL] glCompileShader(34)
[DEBUG] [FluorateGL] glCreateProgram()
[DEBUG] [FluorateGL] glAttachShader(17, 33)
[DEBUG] [FluorateGL] glAttachShader(17, 34)
[DEBUG] [FluorateGL] glLinkProgram(17)
[DEBUG] [FluorateGL] glCreateShader(0x8B31)
[DEBUG] [ShaderTranslator] SPIR-V translate start: stage=vertex (0x8B31)
[DEBUG] [ShaderTranslator] glslang SPIR-V compile done: stage=vertex, took 4.110573ms (509 words)
[DEBUG] [ShaderTranslator] SPIR-V translate success: stage=vertex, version=ES320, glslang=10.224792ms, spirv-cross=6.073073ms, total=10.225208ms
[DEBUG] [ShaderTranslator] translated GLSL ES:
#version 320 es
precision highp float;
precision highp int;

layout(std140) uniform Projection
{
    mat4 ProjMat;
} _19;

layout(std140) uniform DynamicTransforms
{
    mat4 ModelViewMat;
    vec4 ColorModulator;
    vec3 ModelOffset;
    mat4 TextureMat;
} _26;

in vec3 Position;
out vec2 texCoord0;
in vec2 UV0;
out vec4 vertexColor;
in vec4 Color;

void main()
{
    gl_Position = (_19.ProjMat * _26.ModelViewMat) * vec4(Position, 1.0);
    texCoord0 = UV0;
    vertexColor = Color;
    gl_Position.z = 2.0 * gl_Position.z - gl_Position.w;
    gl_Position.y = -gl_Position.y;
}


[DEBUG] [ShaderTranslator] shader 35 stage 0x8B31 translated via SPIR-V (584 chars, took 10.273854ms)
[DEBUG] [FluorateGL] glCompileShader(35)
[DEBUG] [FluorateGL] glCreateShader(0x8B30)
[DEBUG] [ShaderTranslator] SPIR-V translate start: stage=fragment (0x8B30)
[DEBUG] [ShaderTranslator] glslang SPIR-V compile done: stage=fragment, took 4.478125ms (366 words)
[DEBUG] [ShaderTranslator] SPIR-V translate success: stage=fragment, version=ES320, glslang=10.177917ms, spirv-cross=5.678958ms, total=10.178282ms
[DEBUG] [ShaderTranslator] translated GLSL ES:
#version 320 es
precision highp float;
precision highp int;

layout(std140) uniform DynamicTransforms
{
    mat4 ModelViewMat;
    vec4 ColorModulator;
    vec3 ModelOffset;
    mat4 TextureMat;
} _42;

uniform highp sampler2D Sampler0;

in vec2 texCoord0;
in vec4 vertexColor;
out vec4 fragColor;

void main()
{
    vec4 color = texture(Sampler0, texCoord0) * vertexColor;
    if (color.w == 0.0)
    {
        discard;
    }
    fragColor = color * _42.ColorModulator;
}


[DEBUG] [ShaderTranslator] shader 36 stage 0x8B30 translated via SPIR-V (474 chars, took 10.255625ms)
[DEBUG] [FluorateGL] glCompileShader(36)
[DEBUG] [FluorateGL] glCreateProgram()
[DEBUG] [FluorateGL] glAttachShader(18, 35)
[DEBUG] [FluorateGL] glAttachShader(18, 36)
[DEBUG] [FluorateGL] glLinkProgram(18)
[DEBUG] [FluorateGL] glCreateShader(0x8B31)
[DEBUG] [ShaderTranslator] SPIR-V translate start: stage=vertex (0x8B31)
[DEBUG] [ShaderTranslator] glslang SPIR-V compile done: stage=vertex, took 4.508958ms (350 words)
[DEBUG] [ShaderTranslator] SPIR-V translate success: stage=vertex, version=ES320, glslang=13.653438ms, spirv-cross=9.066094ms, total=13.653854ms
[DEBUG] [ShaderTranslator] translated GLSL ES:
#version 320 es
precision highp float;
precision highp int;

out vec2 texCoord;

void main()
{
    vec2 uv = vec2(float((gl_VertexID << 1) & 2), float(gl_VertexID & 2));
    vec4 pos = vec4((uv * vec2(2.0)) + vec2(-1.0), 0.0, 1.0);
    gl_Position = pos;
    texCoord = uv;
    gl_Position.z = 2.0 * gl_Position.z - gl_Position.w;
    gl_Position.y = -gl_Position.y;
}


[DEBUG] [ShaderTranslator] shader 37 stage 0x8B31 translated via SPIR-V (370 chars, took 13.710886ms)
[DEBUG] [FluorateGL] glCompileShader(37)
[DEBUG] [FluorateGL] glCreateShader(0x8B30)
[DEBUG] [ShaderTranslator] SPIR-V translate start: stage=fragment (0x8B30)
[DEBUG] [ShaderTranslator] glslang SPIR-V compile done: stage=fragment, took 5.581771ms (142 words)
[DEBUG] [ShaderTranslator] SPIR-V translate success: stage=fragment, version=ES320, glslang=12.901093ms, spirv-cross=7.259115ms, total=12.901927ms
[DEBUG] [ShaderTranslator] translated GLSL ES:
#version 320 es
precision highp float;
precision highp int;

uniform highp sampler2D InSampler;

out vec4 fragColor;
in vec2 texCoord;

void main()
{
    fragColor = texture(InSampler, texCoord);
}


[DEBUG] [ShaderTranslator] shader 38 stage 0x8B30 translated via SPIR-V (199 chars, took 12.994479ms)
[DEBUG] [FluorateGL] glCompileShader(38)
[DEBUG] [FluorateGL] glCreateProgram()
[DEBUG] [FluorateGL] glAttachShader(19, 37)
[DEBUG] [FluorateGL] glAttachShader(19, 38)
[DEBUG] [FluorateGL] glLinkProgram(19)
[DEBUG] [FluorateGL] glCreateProgram()
[DEBUG] [FluorateGL] glAttachShader(20, 35)
[DEBUG] [FluorateGL] glAttachShader(20, 36)
[DEBUG] [FluorateGL] glLinkProgram(20)
[DEBUG] [FluorateGL] glCreateShader(0x8B31)
[DEBUG] [ShaderTranslator] SPIR-V translate start: stage=vertex (0x8B31)
[DEBUG] [ShaderTranslator] glslang SPIR-V compile done: stage=vertex, took 6.376562ms (965 words)
[DEBUG] [ShaderTranslator] SPIR-V translate success: stage=vertex, version=ES320, glslang=14.905989ms, spirv-cross=8.470261ms, total=14.906406ms
[DEBUG] [ShaderTranslator] translated GLSL ES:
#version 320 es
precision highp float;
precision highp int;

layout(std140) uniform Projection
{
    mat4 ProjMat;
} _47;

layout(std140) uniform DynamicTransforms
{
    mat4 ModelViewMat;
    vec4 ColorModulator;
    vec3 ModelOffset;
    mat4 TextureMat;
} _53;

layout(std140) uniform Fog
{
    vec4 FogColor;
    float FogEnvironmentalStart;
    float FogEnvironmentalEnd;
    float FogRenderDistanceStart;
    float FogRenderDistanceEnd;
    float FogSkyEnd;
    float FogCloudsEnd;
} _103;

uniform highp sampler2D Sampler2;

in vec3 Position;
out float sphericalVertexDistance;
out float cylindricalVertexDistance;
out vec4 vertexColor;
in vec4 Color;
in ivec2 UV2;
out vec2 texCoord0;
in vec2 UV0;
in vec3 Normal;

float fog_spherical_distance(vec3 pos)
{
    return length(pos);
}

float fog_cylindrical_distance(vec3 pos)
{
    float distXZ = length(pos.xz);
    float distY = abs(pos.y);
    return max(distXZ, distY);
}

void main()
{
    gl_Position = (_47.ProjMat * _53.ModelViewMat) * vec4(Position, 1.0);
    vec3 param = Position;
    sphericalVertexDistance = fog_spherical_distance(param);
    vec3 param_1 = Position;
    cylindricalVertexDistance = fog_cylindrical_distance(param_1);
    vertexColor = Color * texelFetch(Sampler2, UV2 / ivec2(16), 0);
    texCoord0 = UV0;
    gl_Position.z = 2.0 * gl_Position.z - gl_Position.w;
    gl_Position.y = -gl_Position.y;
}


[DEBUG] [ShaderTranslator] shader 39 stage 0x8B31 translated via SPIR-V (1390 chars, took 14.964115ms)
[DEBUG] [FluorateGL] glCompileShader(39)
[DEBUG] [FluorateGL] glCreateShader(0x8B30)
[DEBUG] [ShaderTranslator] SPIR-V translate start: stage=fragment (0x8B30)
[DEBUG] [ShaderTranslator] glslang SPIR-V compile done: stage=fragment, took 6.967136ms (1355 words)
[DEBUG] [ShaderTranslator] SPIR-V translate success: stage=fragment, version=ES320, glslang=15.892604ms, spirv-cross=8.861823ms, total=15.893125ms
[DEBUG] [ShaderTranslator] translated GLSL ES:
#version 320 es
precision highp float;
precision highp int;

layout(std140) uniform DynamicTransforms
{
    mat4 ModelViewMat;
    vec4 ColorModulator;
    vec3 ModelOffset;
    mat4 TextureMat;
} _132;

layout(std140) uniform Fog
{
    vec4 FogColor;
    float FogEnvironmentalStart;
    float FogEnvironmentalEnd;
    float FogRenderDistanceStart;
    float FogRenderDistanceEnd;
    float FogSkyEnd;
    float FogCloudsEnd;
} _146;

uniform highp sampler2D Sampler0;
uniform highp sampler2D Sampler2;

in vec2 texCoord0;
in vec4 vertexColor;
out vec4 fragColor;
in float sphericalVertexDistance;
in float cylindricalVertexDistance;

float linear_fog_value(float vertexDistance, float fogStart, float fogEnd)
{
    if (vertexDistance <= fogStart)
    {
        return 0.0;
    }
    else
    {
        if (vertexDistance >= fogEnd)
        {
            return 1.0;
        }
    }
    return (vertexDistance - fogStart) / (fogEnd - fogStart);
}

float total_fog_value(float sphericalVertexDistance_1, float cylindricalVertexDistance_1, float environmentalStart, float environmantalEnd, float renderDistanceStart, float renderDistanceEnd)
{
    float param = sphericalVertexDistance_1;
    float param_1 = environmentalStart;
    float param_2 = environmantalEnd;
    float param_3 = cylindricalVertexDistance_1;
    float param_4 = renderDistanceStart;
    float param_5 = renderDistanceEnd;
    return max(linear_fog_value(param, param_1, param_2), linear_fog_value(param_3, param_4, param_5));
}

vec4 apply_fog(vec4 inColor, float sphericalVertexDistance_1, float cylindricalVertexDistance_1, float environmentalStart, float environmantalEnd, float renderDistanceStart, float renderDistanceEnd, vec4 fogColor)
{
    float param = sphericalVertexDistance_1;
    float param_1 = cylindricalVertexDistance_1;
    float param_2 = environmentalStart;
    float param_3 = environmantalEnd;
    float param_4 = renderDistanceStart;
    float param_5 = renderDistanceEnd;
    float fogValue = total_fog_value(param, param_1, param_2, param_3, param_4, param_5);
    return vec4(mix(inColor.xyz, fogColor.xyz, vec3(fogValue * fogColor.w)), inColor.w);
}

void main()
{
    vec4 color = texture(Sampler0, texCoord0) * vertexColor;
    color *= _132.ColorModulator;
    vec4 param = color;
    float param_1 = sphericalVertexDistance;
    float param_2 = cylindricalVertexDistance;
    float param_3 = _146.FogEnvironmentalStart;
    float param_4 = _146.FogEnvironmentalEnd;
    float param_5 = _146.FogRenderDistanceStart;
    float param_6 = _146.FogRenderDistanceEnd;
    vec4 param_7 = _146.FogColor;
    fragColor = apply_fog(param, param_1, param_2, param_3, param_4, param_5, param_6, param_7);
}


[DEBUG] [ShaderTranslator] shader 40 stage 0x8B30 translated via SPIR-V (2701 chars, took 15.975052ms)
[DEBUG] [FluorateGL] glCompileShader(40)
[DEBUG] [FluorateGL] glCreateProgram()
[DEBUG] [FluorateGL] glAttachShader(21, 39)
[DEBUG] [FluorateGL] glAttachShader(21, 40)
[DEBUG] [FluorateGL] glLinkProgram(21)
[DEBUG] [FluorateGL] glCreateShader(0x8B31)
[DEBUG] [ShaderTranslator] SPIR-V translate start: stage=vertex (0x8B31)
[DEBUG] [ShaderTranslator] glslang SPIR-V compile done: stage=vertex, took 7.434584ms (1526 words)
[DEBUG] [ShaderTranslator] SPIR-V translate success: stage=vertex, version=ES320, glslang=14.151407ms, spirv-cross=6.600833ms, total=14.151771ms
[DEBUG] [ShaderTranslator] translated GLSL ES:
#version 320 es
precision highp float;
precision highp int;

layout(std140) uniform Projection
{
    mat4 ProjMat;
} _100;

layout(std140) uniform DynamicTransforms
{
    mat4 ModelViewMat;
    vec4 ColorModulator;
    vec3 ModelOffset;
    mat4 TextureMat;
} _106;

layout(std140) uniform Lighting
{
    vec3 Light0_Direction;
    vec3 Light1_Direction;
} _132;

layout(std140) uniform Fog
{
    vec4 FogColor;
    float FogEnvironmentalStart;
    float FogEnvironmentalEnd;
    float FogRenderDistanceStart;
    float FogRenderDistanceEnd;
    float FogSkyEnd;
    float FogCloudsEnd;
} _179;

uniform highp sampler2D Sampler1;
uniform highp sampler2D Sampler2;

in vec3 Position;
out float sphericalVertexDistance;
out float cylindricalVertexDistance;
in vec3 Normal;
out vec4 vertexPerFaceColorBack;
in vec4 Color;
out vec4 vertexPerFaceColorFront;
out vec4 overlayColor;
in ivec2 UV1;
out vec2 texCoord0;
in vec2 UV0;
in ivec2 UV2;
out vec4 lightMapColor;

float fog_spherical_distance(vec3 pos)
{
    return length(pos);
}

float fog_cylindrical_distance(vec3 pos)
{
    float distXZ = length(pos.xz);
    float distY = abs(pos.y);
    return max(distXZ, distY);
}

vec2 minecraft_compute_light(vec3 lightDir0, vec3 lightDir1, vec3 normal)
{
    return vec2(dot(lightDir0, normal), dot(lightDir1, normal));
}

vec4 minecraft_mix_light_separate(vec2 light, vec4 color)
{
    vec2 lightValue = max(vec2(0.0), light);
    float lightAccum = min(1.0, ((lightValue.x + lightValue.y) * 0.60000002384185791015625) + 0.4000000059604644775390625);
    return vec4(color.xyz * lightAccum, color.w);
}

void main()
{
    gl_Position = (_100.ProjMat * _106.ModelViewMat) * vec4(Position, 1.0);
    vec3 param = Position;
    sphericalVertexDistance = fog_spherical_distance(param);
    vec3 param_1 = Position;
    cylindricalVertexDistance = fog_cylindrical_distance(param_1);
    vec3 param_2 = _132.Light0_Direction;
    vec3 param_3 = _132.Light1_Direction;
    vec3 param_4 = Normal;
    vec2 light = minecraft_compute_light(param_2, param_3, param_4);
    vec2 param_5 = -light;
    vec4 param_6 = Color;
    vertexPerFaceColorBack = minecraft_mix_light_separate(param_5, param_6);
    vec2 param_7 = light;
    vec4 param_8 = Color;
    vertexPerFaceColorFront = minecraft_mix_light_separate(param_7, param_8);
    overlayColor = texelFetch(Sampler1, UV1, 0);
    texCoord0 = UV0;
    gl_Position.z = 2.0 * gl_Position.z - gl_Position.w;
    gl_Position.y = -gl_Position.y;
}


[DEBUG] [ShaderTranslator] shader 41 stage 0x8B31 translated via SPIR-V (2478 chars, took 14.207656ms)
[DEBUG] [FluorateGL] glCompileShader(41)
[DEBUG] [FluorateGL] glCreateShader(0x8B30)
[DEBUG] [ShaderTranslator] SPIR-V translate start: stage=fragment (0x8B30)
[DEBUG] [ShaderTranslator] glslang SPIR-V compile done: stage=fragment, took 4.650364ms (1548 words)
[DEBUG] [ShaderTranslator] SPIR-V translate success: stage=fragment, version=ES320, glslang=11.349583ms, spirv-cross=6.660364ms, total=11.349896ms
[DEBUG] [ShaderTranslator] translated GLSL ES:
#version 320 es
precision highp float;
precision highp int;

layout(std140) uniform DynamicTransforms
{
    mat4 ModelViewMat;
    vec4 ColorModulator;
    vec3 ModelOffset;
    mat4 TextureMat;
} _143;

layout(std140) uniform Fog
{
    vec4 FogColor;
    float FogEnvironmentalStart;
    float FogEnvironmentalEnd;
    float FogRenderDistanceStart;
    float FogRenderDistanceEnd;
    float FogSkyEnd;
    float FogCloudsEnd;
} _177;

uniform highp sampler2D Sampler0;

in vec2 texCoord0;
in vec4 vertexPerFaceColorFront;
in vec4 vertexPerFaceColorBack;
in vec4 overlayColor;
out vec4 fragColor;
in float sphericalVertexDistance;
in float cylindricalVertexDistance;
in vec4 lightMapColor;

float linear_fog_value(float vertexDistance, float fogStart, float fogEnd)
{
    if (vertexDistance <= fogStart)
    {
        return 0.0;
    }
    else
    {
        if (vertexDistance >= fogEnd)
        {
            return 1.0;
        }
    }
    return (vertexDistance - fogStart) / (fogEnd - fogStart);
}

float total_fog_value(float sphericalVertexDistance_1, float cylindricalVertexDistance_1, float environmentalStart, float environmantalEnd, float renderDistanceStart, float renderDistanceEnd)
{
    float param = sphericalVertexDistance_1;
    float param_1 = environmentalStart;
    float param_2 = environmantalEnd;
    float param_3 = cylindricalVertexDistance_1;
    float param_4 = renderDistanceStart;
    float param_5 = renderDistanceEnd;
    return max(linear_fog_value(param, param_1, param_2), linear_fog_value(param_3, param_4, param_5));
}

vec4 apply_fog(vec4 inColor, float sphericalVertexDistance_1, float cylindricalVertexDistance_1, float environmentalStart, float environmantalEnd, float renderDistanceStart, float renderDistanceEnd, vec4 fogColor)
{
    float param = sphericalVertexDistance_1;
    float param_1 = cylindricalVertexDistance_1;
    float param_2 = environmentalStart;
    float param_3 = environmantalEnd;
    float param_4 = renderDistanceStart;
    float param_5 = renderDistanceEnd;
    float fogValue = total_fog_value(param, param_1, param_2, param_3, param_4, param_5);
    return vec4(mix(inColor.xyz, fogColor.xyz, vec3(fogValue * fogColor.w)), inColor.w);
}

void main()
{
    vec4 color = texture(Sampler0, texCoord0);
    if (color.w < 0.100000001490116119384765625)
    {
        discard;
    }
    color *= ((gl_FrontFacing ? vertexPerFaceColorFront : vertexPerFaceColorBack) * _143.ColorModulator);
    vec4 _155 = color;
    vec3 _161 = mix(overlayColor.xyz, _155.xyz, vec3(overlayColor.w));
    color.x = _161.x;
    color.y = _161.y;
    color.z = _161.z;
    vec4 param = color;
    float param_1 = sphericalVertexDistance;
    float param_2 = cylindricalVertexDistance;
    float param_3 = _177.FogEnvironmentalStart;
    float param_4 = _177.FogEnvironmentalEnd;
    float param_5 = _177.FogRenderDistanceStart;
    float param_6 = _177.FogRenderDistanceEnd;
    vec4 param_7 = _177.FogColor;
    fragColor = apply_fog(param, param_1, param_2, param_3, param_4, param_5, param_6, param_7);
}


[DEBUG] [ShaderTranslator] shader 42 stage 0x8B30 translated via SPIR-V (3052 chars, took 11.412605ms)
[DEBUG] [FluorateGL] glCompileShader(42)
[DEBUG] [FluorateGL] glCreateProgram()
[DEBUG] [FluorateGL] glAttachShader(22, 41)
[DEBUG] [FluorateGL] glAttachShader(22, 42)
[DEBUG] [FluorateGL] glLinkProgram(22)
[DEBUG] [FluorateGL] glCreateShader(0x8B31)
[DEBUG] [ShaderTranslator] SPIR-V translate start: stage=vertex (0x8B31)
[DEBUG] [ShaderTranslator] glslang SPIR-V compile done: stage=vertex, took 4.207187ms (509 words)
[DEBUG] [ShaderTranslator] SPIR-V translate success: stage=vertex, version=ES320, glslang=9.523906ms, spirv-cross=5.273333ms, total=9.524166ms
[DEBUG] [ShaderTranslator] translated GLSL ES:
#version 320 es
precision highp float;
precision highp int;

layout(std140) uniform Projection
{
    mat4 ProjMat;
} _19;

layout(std140) uniform DynamicTransforms
{
    mat4 ModelViewMat;
    vec4 ColorModulator;
    vec3 ModelOffset;
    mat4 TextureMat;
} _26;

in vec3 Position;
out vec4 vertexColor;
in vec4 Color;
out vec2 texCoord0;
in vec2 UV0;

void main()
{
    gl_Position = (_19.ProjMat * _26.ModelViewMat) * vec4(Position, 1.0);
    vertexColor = Color;
    texCoord0 = UV0;
    gl_Position.z = 2.0 * gl_Position.z - gl_Position.w;
    gl_Position.y = -gl_Position.y;
}


[DEBUG] [ShaderTranslator] shader 43 stage 0x8B31 translated via SPIR-V (584 chars, took 9.56625ms)
[DEBUG] [FluorateGL] glCompileShader(43)
[DEBUG] [FluorateGL] glCreateShader(0x8B30)
[DEBUG] [ShaderTranslator] SPIR-V translate start: stage=fragment (0x8B30)
[DEBUG] [ShaderTranslator] glslang SPIR-V compile done: stage=fragment, took 4.239166ms (366 words)
[DEBUG] [ShaderTranslator] SPIR-V translate success: stage=fragment, version=ES320, glslang=9.545312ms, spirv-cross=5.287709ms, total=9.545625ms
[DEBUG] [ShaderTranslator] translated GLSL ES:
#version 320 es
precision highp float;
precision highp int;

layout(std140) uniform DynamicTransforms
{
    mat4 ModelViewMat;
    vec4 ColorModulator;
    vec3 ModelOffset;
    mat4 TextureMat;
} _42;

uniform highp sampler2D Sampler0;

in vec2 texCoord0;
in vec4 vertexColor;
out vec4 fragColor;

void main()
{
    vec4 color = texture(Sampler0, texCoord0) * vertexColor;
    if (color.w < 0.100000001490116119384765625)
    {
        discard;
    }
    fragColor = color * _42.ColorModulator;
}


[DEBUG] [ShaderTranslator] shader 44 stage 0x8B30 translated via SPIR-V (499 chars, took 9.594792ms)
[DEBUG] [FluorateGL] glCompileShader(44)
[DEBUG] [FluorateGL] glCreateProgram()
[DEBUG] [FluorateGL] glAttachShader(23, 43)
[DEBUG] [FluorateGL] glAttachShader(23, 44)
[DEBUG] [FluorateGL] glLinkProgram(23)
[DEBUG] [FluorateGL] glCreateProgram()
[DEBUG] [FluorateGL] glAttachShader(24, 5)
[DEBUG] [FluorateGL] glAttachShader(24, 6)
[DEBUG] [FluorateGL] glLinkProgram(24)
[DEBUG] [FluorateGL] glCreateProgram()
[DEBUG] [FluorateGL] glAttachShader(25, 15)
[DEBUG] [FluorateGL] glAttachShader(25, 16)
[DEBUG] [FluorateGL] glLinkProgram(25)
[DEBUG] [FluorateGL] glCreateShader(0x8B31)
[DEBUG] [ShaderTranslator] SPIR-V translate start: stage=vertex (0x8B31)
[DEBUG] [ShaderTranslator] glslang SPIR-V compile done: stage=vertex, took 4.844427ms (1626 words)
[DEBUG] [ShaderTranslator] SPIR-V translate success: stage=vertex, version=ES320, glslang=10.796354ms, spirv-cross=5.901875ms, total=10.796823ms
[DEBUG] [ShaderTranslator] translated GLSL ES:
#version 320 es
precision highp float;
precision highp int;

layout(std140) uniform Projection
{
    mat4 ProjMat;
} _122;

layout(std140) uniform DynamicTransforms
{
    mat4 ModelViewMat;
    vec4 ColorModulator;
    vec3 ModelOffset;
    mat4 TextureMat;
} _128;

layout(std140) uniform Lighting
{
    vec3 Light0_Direction;
    vec3 Light1_Direction;
} _154;

layout(std140) uniform Fog
{
    vec4 FogColor;
    float FogEnvironmentalStart;
    float FogEnvironmentalEnd;
    float FogRenderDistanceStart;
    float FogRenderDistanceEnd;
    float FogSkyEnd;
    float FogCloudsEnd;
} _200;

uniform highp sampler2D Sampler2;
uniform highp sampler2D Sampler1;

in vec3 Position;
out float sphericalVertexDistance;
out float cylindricalVertexDistance;
out vec4 vertexColor;
in vec3 Normal;
in vec4 Color;
out vec4 lightMapColor;
in ivec2 UV2;
out vec4 overlayColor;
in ivec2 UV1;
out vec2 texCoord0;
in vec2 UV0;

float fog_spherical_distance(vec3 pos)
{
    return length(pos);
}

float fog_cylindrical_distance(vec3 pos)
{
    float distXZ = length(pos.xz);
    float distY = abs(pos.y);
    return max(distXZ, distY);
}

vec2 minecraft_compute_light(vec3 lightDir0, vec3 lightDir1, vec3 normal)
{
    return vec2(dot(lightDir0, normal), dot(lightDir1, normal));
}

vec4 minecraft_mix_light_separate(vec2 light, vec4 color)
{
    vec2 lightValue = max(vec2(0.0), light);
    float lightAccum = min(1.0, ((lightValue.x + lightValue.y) * 0.60000002384185791015625) + 0.4000000059604644775390625);
    return vec4(color.xyz * lightAccum, color.w);
}

vec4 minecraft_mix_light(vec3 lightDir0, vec3 lightDir1, vec3 normal, vec4 color)
{
    vec3 param = lightDir0;
    vec3 param_1 = lightDir1;
    vec3 param_2 = normal;
    vec2 light = minecraft_compute_light(param, param_1, param_2);
    vec2 param_3 = light;
    vec4 param_4 = color;
    return minecraft_mix_light_separate(param_3, param_4);
}

void main()
{
    gl_Position = (_122.ProjMat * _128.ModelViewMat) * vec4(Position, 1.0);
    vec3 param = Position;
    sphericalVertexDistance = fog_spherical_distance(param);
    vec3 param_1 = Position;
    cylindricalVertexDistance = fog_cylindrical_distance(param_1);
    vec3 param_2 = _154.Light0_Direction;
    vec3 param_3 = _154.Light1_Direction;
    vec3 param_4 = Normal;
    vec4 param_5 = Color;
    vertexColor = minecraft_mix_light(param_2, param_3, param_4, param_5);
    lightMapColor = texelFetch(Sampler2, UV2 / ivec2(16), 0);
    overlayColor = texelFetch(Sampler1, UV1, 0);
    texCoord0 = UV0;
    gl_Position.z = 2.0 * gl_Position.z - gl_Position.w;
    gl_Position.y = -gl_Position.y;
}


[DEBUG] [ShaderTranslator] shader 45 stage 0x8B31 translated via SPIR-V (2617 chars, took 10.850313ms)
[DEBUG] [FluorateGL] glCompileShader(45)
[DEBUG] [FluorateGL] glCreateShader(0x8B30)
[DEBUG] [ShaderTranslator] SPIR-V translate start: stage=fragment (0x8B30)
[DEBUG] [ShaderTranslator] glslang SPIR-V compile done: stage=fragment, took 4.609166ms (1481 words)
[DEBUG] [ShaderTranslator] SPIR-V translate success: stage=fragment, version=ES320, glslang=10.451197ms, spirv-cross=5.793125ms, total=10.451459ms
[DEBUG] [ShaderTranslator] translated GLSL ES:
#version 320 es
precision highp float;
precision highp int;

layout(std140) uniform DynamicTransforms
{
    mat4 ModelViewMat;
    vec4 ColorModulator;
    vec3 ModelOffset;
    mat4 TextureMat;
} _130;

layout(std140) uniform Fog
{
    vec4 FogColor;
    float FogEnvironmentalStart;
    float FogEnvironmentalEnd;
    float FogRenderDistanceStart;
    float FogRenderDistanceEnd;
    float FogSkyEnd;
    float FogCloudsEnd;
} _168;

uniform highp sampler2D Sampler0;

in vec2 texCoord0;
in vec4 vertexColor;
in vec4 overlayColor;
in vec4 lightMapColor;
out vec4 fragColor;
in float sphericalVertexDistance;
in float cylindricalVertexDistance;

float linear_fog_value(float vertexDistance, float fogStart, float fogEnd)
{
    if (vertexDistance <= fogStart)
    {
        return 0.0;
    }
    else
    {
        if (vertexDistance >= fogEnd)
        {
            return 1.0;
        }
    }
    return (vertexDistance - fogStart) / (fogEnd - fogStart);
}

float total_fog_value(float sphericalVertexDistance_1, float cylindricalVertexDistance_1, float environmentalStart, float environmantalEnd, float renderDistanceStart, float renderDistanceEnd)
{
    float param = sphericalVertexDistance_1;
    float param_1 = environmentalStart;
    float param_2 = environmantalEnd;
    float param_3 = cylindricalVertexDistance_1;
    float param_4 = renderDistanceStart;
    float param_5 = renderDistanceEnd;
    return max(linear_fog_value(param, param_1, param_2), linear_fog_value(param_3, param_4, param_5));
}

vec4 apply_fog(vec4 inColor, float sphericalVertexDistance_1, float cylindricalVertexDistance_1, float environmentalStart, float environmantalEnd, float renderDistanceStart, float renderDistanceEnd, vec4 fogColor)
{
    float param = sphericalVertexDistance_1;
    float param_1 = cylindricalVertexDistance_1;
    float param_2 = environmentalStart;
    float param_3 = environmantalEnd;
    float param_4 = renderDistanceStart;
    float param_5 = renderDistanceEnd;
    float fogValue = total_fog_value(param, param_1, param_2, param_3, param_4, param_5);
    return vec4(mix(inColor.xyz, fogColor.xyz, vec3(fogValue * fogColor.w)), inColor.w);
}

void main()
{
    vec4 color = texture(Sampler0, texCoord0);
    color *= (vertexColor * _130.ColorModulator);
    vec4 _142 = color;
    vec3 _148 = mix(overlayColor.xyz, _142.xyz, vec3(overlayColor.w));
    color.x = _148.x;
    color.y = _148.y;
    color.z = _148.z;
    color *= lightMapColor;
    vec4 param = color;
    float param_1 = sphericalVertexDistance;
    float param_2 = cylindricalVertexDistance;
    float param_3 = _168.FogEnvironmentalStart;
    float param_4 = _168.FogEnvironmentalEnd;
    float param_5 = _168.FogRenderDistanceStart;
    float param_6 = _168.FogRenderDistanceEnd;
    vec4 param_7 = _168.FogColor;
    fragColor = apply_fog(param, param_1, param_2, param_3, param_4, param_5, param_6, param_7);
}


[DEBUG] [ShaderTranslator] shader 46 stage 0x8B30 translated via SPIR-V (2902 chars, took 10.54125ms)
[DEBUG] [FluorateGL] glCompileShader(46)
[DEBUG] [FluorateGL] glCreateProgram()
[DEBUG] [FluorateGL] glAttachShader(26, 45)
[DEBUG] [FluorateGL] glAttachShader(26, 46)
[DEBUG] [FluorateGL] glLinkProgram(26)
[DEBUG] [FluorateGL] glCreateShader(0x8B31)
[DEBUG] [ShaderTranslator] SPIR-V translate start: stage=vertex (0x8B31)
[DEBUG] [ShaderTranslator] glslang SPIR-V compile done: stage=vertex, took 4.094375ms (557 words)
[DEBUG] [ShaderTranslator] SPIR-V translate success: stage=vertex, version=ES320, glslang=9.510156ms, spirv-cross=5.36927ms, total=9.510468ms
[DEBUG] [ShaderTranslator] translated GLSL ES:
#version 320 es
precision highp float;
precision highp int;

layout(std140) uniform DynamicTransforms
{
    mat4 ModelViewMat;
    vec4 ColorModulator;
    vec3 ModelOffset;
    mat4 TextureMat;
} _17;

layout(std140) uniform Projection
{
    mat4 ProjMat;
} _33;

in vec3 Position;
out vec2 texCoord0;
in vec2 UV0;

void main()
{
    vec3 pos = Position + _17.ModelOffset;
    gl_Position = (_33.ProjMat * _17.ModelViewMat) * vec4(pos, 1.0);
    texCoord0 = (_17.TextureMat * vec4(UV0, 0.0, 1.0)).xy;
    gl_Position.z = 2.0 * gl_Position.z - gl_Position.w;
    gl_Position.y = -gl_Position.y;
}


[DEBUG] [ShaderTranslator] shader 47 stage 0x8B31 translated via SPIR-V (598 chars, took 9.564635ms)
[DEBUG] [FluorateGL] glCompileShader(47)
[DEBUG] [FluorateGL] glCreateShader(0x8B30)
[DEBUG] [ShaderTranslator] SPIR-V translate start: stage=fragment (0x8B30)
[DEBUG] [ShaderTranslator] glslang SPIR-V compile done: stage=fragment, took 3.746406ms (339 words)
[DEBUG] [ShaderTranslator] SPIR-V translate success: stage=fragment, version=ES320, glslang=9.126563ms, spirv-cross=5.343437ms, total=9.127187ms
[DEBUG] [ShaderTranslator] translated GLSL ES:
#version 320 es
precision highp float;
precision highp int;

layout(std140) uniform DynamicTransforms
{
    mat4 ModelViewMat;
    vec4 ColorModulator;
    vec3 ModelOffset;
    mat4 TextureMat;
} _38;

uniform highp sampler2D Sampler0;

in vec2 texCoord0;
out vec4 fragColor;

void main()
{
    vec4 color = texture(Sampler0, texCoord0);
    if (color.w == 0.0)
    {
        discard;
    }
    fragColor = color * _38.ColorModulator;
}


[DEBUG] [ShaderTranslator] shader 48 stage 0x8B30 translated via SPIR-V (439 chars, took 9.204948ms)
[DEBUG] [FluorateGL] glCompileShader(48)
[DEBUG] [FluorateGL] glCreateProgram()
[DEBUG] [FluorateGL] glAttachShader(27, 47)
[DEBUG] [FluorateGL] glAttachShader(27, 48)
[DEBUG] [FluorateGL] glLinkProgram(27)
[DEBUG] [FluorateGL] glCreateShader(0x8B31)
[DEBUG] [ShaderTranslator] SPIR-V translate start: stage=vertex (0x8B31)
[DEBUG] [ShaderTranslator] glslang SPIR-V compile done: stage=vertex, took 7.548541ms (1511 words)
[DEBUG] [ShaderTranslator] SPIR-V translate success: stage=vertex, version=ES320, glslang=13.812812ms, spirv-cross=6.196562ms, total=13.813489ms
[DEBUG] [ShaderTranslator] translated GLSL ES:
#version 320 es
precision highp float;
precision highp int;

const vec3 _103[24] = vec3[](vec3(1.0, 0.0, 0.0), vec3(1.0, 0.0, 1.0), vec3(0.0, 0.0, 1.0), vec3(0.0), vec3(0.0, 1.0, 0.0), vec3(0.0, 1.0, 1.0), vec3(1.0), vec3(1.0, 1.0, 0.0), vec3(0.0), vec3(0.0, 1.0, 0.0), vec3(1.0, 1.0, 0.0), vec3(1.0, 0.0, 0.0), vec3(1.0, 0.0, 1.0), vec3(1.0), vec3(0.0, 1.0, 1.0), vec3(0.0, 0.0, 1.0), vec3(0.0, 0.0, 1.0), vec3(0.0, 1.0, 1.0), vec3(0.0, 1.0, 0.0), vec3(0.0), vec3(1.0, 0.0, 0.0), vec3(1.0, 1.0, 0.0), vec3(1.0), vec3(1.0, 0.0, 1.0));
const vec4 _190[6] = vec4[](vec4(0.699999988079071044921875, 0.699999988079071044921875, 0.699999988079071044921875, 1.0), vec4(1.0), vec4(0.800000011920928955078125, 0.800000011920928955078125, 0.800000011920928955078125, 1.0), vec4(0.800000011920928955078125, 0.800000011920928955078125, 0.800000011920928955078125, 1.0), vec4(0.89999997615814208984375, 0.89999997615814208984375, 0.89999997615814208984375, 1.0), vec4(0.89999997615814208984375, 0.89999997615814208984375, 0.89999997615814208984375, 1.0));

layout(std140) uniform CloudInfo
{
    vec4 CloudColor;
    vec3 CloudOffset;
    vec3 CellSize;
} _125;

layout(std140) uniform Projection
{
    mat4 ProjMat;
} _151;

layout(std140) uniform DynamicTransforms
{
    mat4 ModelViewMat;
    vec4 ColorModulator;
    vec3 ModelOffset;
    mat4 TextureMat;
} _157;

layout(std140) uniform Fog
{
    vec4 FogColor;
    float FogEnvironmentalStart;
    float FogEnvironmentalEnd;
    float FogRenderDistanceStart;
    float FogRenderDistanceEnd;
    float FogSkyEnd;
    float FogCloudsEnd;
} _203;

layout(location = 0) uniform highp isamplerBuffer CloudFaces;

out float vertexDistance;
out vec4 vertexColor;

float fog_spherical_distance(vec3 pos)
{
    return length(pos);
}

void main()
{
    int quadVertex = gl_VertexID % 4;
    int index = (gl_VertexID / 4) * 3;
    int cellX = texelFetch(CloudFaces, index).x;
    int cellZ = texelFetch(CloudFaces, index + 1).x;
    int dirAndFlags = texelFetch(CloudFaces, index + 2).x;
    int direction = dirAndFlags & 7;
    bool isInsideFace = (dirAndFlags & 16) == 16;
    bool useTopColor = (dirAndFlags & 32) == 32;
    cellX = (cellX << 1) | ((dirAndFlags & 128) >> 7);
    cellZ = (cellZ << 1) | ((dirAndFlags & 64) >> 6);
    int _107;
    if (isInsideFace)
    {
        _107 = 3 - quadVertex;
    }
    else
    {
        _107 = quadVertex;
    }
    vec3 faceVertex = _103[(direction * 4) + _107];
    vec3 pos = ((faceVertex * _125.CellSize) + (vec3(float(cellX), 0.0, float(cellZ)) * _125.CellSize)) + _125.CloudOffset;
    gl_Position = (_151.ProjMat * _157.ModelViewMat) * vec4(pos, 1.0);
    vec3 param = pos;
    vertexDistance = fog_spherical_distance(param);
    vec4 _177;
    if (useTopColor)
    {
        _177 = vec4(1.0);
    }
    else
    {
        _177 = _190[direction];
    }
    vertexColor = _177 * _125.CloudColor;
    gl_Position.z = 2.0 * gl_Position.z - gl_Position.w;
    gl_Position.y = -gl_Position.y;
}


[DEBUG] [ShaderTranslator] shader 49 stage 0x8B31 translated via SPIR-V (2979 chars, took 13.870208ms)
[DEBUG] [FluorateGL] glCompileShader(49)
[DEBUG] [FluorateGL] glCreateShader(0x8B30)
[DEBUG] [ShaderTranslator] SPIR-V translate start: stage=fragment (0x8B30)
[DEBUG] [ShaderTranslator] glslang SPIR-V compile done: stage=fragment, took 4.711562ms (507 words)
[DEBUG] [ShaderTranslator] SPIR-V translate success: stage=fragment, version=ES320, glslang=10.719062ms, spirv-cross=5.96901ms, total=10.719375ms
[DEBUG] [ShaderTranslator] translated GLSL ES:
#version 320 es
precision highp float;
precision highp int;

layout(std140) uniform Fog
{
    vec4 FogColor;
    float FogEnvironmentalStart;
    float FogEnvironmentalEnd;
    float FogRenderDistanceStart;
    float FogRenderDistanceEnd;
    float FogSkyEnd;
    float FogCloudsEnd;
} _49;

in vec4 vertexColor;
in float vertexDistance;
out vec4 fragColor;

float linear_fog_value(float vertexDistance_1, float fogStart, float fogEnd)
{
    if (vertexDistance_1 <= fogStart)
    {
        return 0.0;
    }
    else
    {
        if (vertexDistance_1 >= fogEnd)
        {
            return 1.0;
        }
    }
    return (vertexDistance_1 - fogStart) / (fogEnd - fogStart);
}

void main()
{
    vec4 color = vertexColor;
    float param = vertexDistance;
    float param_1 = 0.0;
    float param_2 = _49.FogCloudsEnd;
    color.w *= (1.0 - linear_fog_value(param, param_1, param_2));
    fragColor = color;
}


[DEBUG] [ShaderTranslator] shader 50 stage 0x8B30 translated via SPIR-V (913 chars, took 10.772708ms)
[DEBUG] [FluorateGL] glCompileShader(50)
[DEBUG] [FluorateGL] glCreateProgram()
[DEBUG] [FluorateGL] glAttachShader(28, 49)
[DEBUG] [FluorateGL] glAttachShader(28, 50)
[DEBUG] [FluorateGL] glLinkProgram(28)
[DEBUG] [FluorateGL] glGenTextures(n=1)
[DEBUG] [FluorateGL] glCreateShader(0x8B31)
[DEBUG] [ShaderTranslator] SPIR-V translate start: stage=vertex (0x8B31)
[DEBUG] [ShaderTranslator] glslang SPIR-V compile done: stage=vertex, took 4.650417ms (952 words)
[DEBUG] [ShaderTranslator] SPIR-V translate success: stage=vertex, version=ES320, glslang=10.564948ms, spirv-cross=5.86901ms, total=10.565209ms
[DEBUG] [ShaderTranslator] translated GLSL ES:
#version 320 es
precision highp float;
precision highp int;

layout(std140) uniform Projection
{
    mat4 ProjMat;
} _47;

layout(std140) uniform DynamicTransforms
{
    mat4 ModelViewMat;
    vec4 ColorModulator;
    vec3 ModelOffset;
    mat4 TextureMat;
} _53;

layout(std140) uniform Fog
{
    vec4 FogColor;
    float FogEnvironmentalStart;
    float FogEnvironmentalEnd;
    float FogRenderDistanceStart;
    float FogRenderDistanceEnd;
    float FogSkyEnd;
    float FogCloudsEnd;
} _103;

uniform highp sampler2D Sampler2;

in vec3 Position;
out float sphericalVertexDistance;
out float cylindricalVertexDistance;
out vec4 vertexColor;
in vec4 Color;
in ivec2 UV2;
out vec2 texCoord0;
in vec2 UV0;

float fog_spherical_distance(vec3 pos)
{
    return length(pos);
}

float fog_cylindrical_distance(vec3 pos)
{
    float distXZ = length(pos.xz);
    float distY = abs(pos.y);
    return max(distXZ, distY);
}

void main()
{
    gl_Position = (_47.ProjMat * _53.ModelViewMat) * vec4(Position, 1.0);
    vec3 param = Position;
    sphericalVertexDistance = fog_spherical_distance(param);
    vec3 param_1 = Position;
    cylindricalVertexDistance = fog_cylindrical_distance(param_1);
    vertexColor = Color * texelFetch(Sampler2, UV2 / ivec2(16), 0);
    texCoord0 = UV0;
    gl_Position.z = 2.0 * gl_Position.z - gl_Position.w;
    gl_Position.y = -gl_Position.y;
}


[DEBUG] [ShaderTranslator] shader 51 stage 0x8B31 translated via SPIR-V (1374 chars, took 10.616771ms)
[DEBUG] [FluorateGL] glCompileShader(51)
[DEBUG] [FluorateGL] glCreateShader(0x8B30)
[DEBUG] [ShaderTranslator] SPIR-V translate start: stage=fragment (0x8B30)
[DEBUG] [ShaderTranslator] glslang SPIR-V compile done: stage=fragment, took 5.13849ms (1369 words)
[DEBUG] [ShaderTranslator] SPIR-V translate success: stage=fragment, version=ES320, glslang=11.546094ms, spirv-cross=6.308385ms, total=11.546406ms
[DEBUG] [ShaderTranslator] translated GLSL ES:
#version 320 es
precision highp float;
precision highp int;

layout(std140) uniform DynamicTransforms
{
    mat4 ModelViewMat;
    vec4 ColorModulator;
    vec3 ModelOffset;
    mat4 TextureMat;
} _132;

layout(std140) uniform Fog
{
    vec4 FogColor;
    float FogEnvironmentalStart;
    float FogEnvironmentalEnd;
    float FogRenderDistanceStart;
    float FogRenderDistanceEnd;
    float FogSkyEnd;
    float FogCloudsEnd;
} _153;

uniform highp sampler2D Sampler0;

in vec2 texCoord0;
in vec4 vertexColor;
out vec4 fragColor;
in float sphericalVertexDistance;
in float cylindricalVertexDistance;

float linear_fog_value(float vertexDistance, float fogStart, float fogEnd)
{
    if (vertexDistance <= fogStart)
    {
        return 0.0;
    }
    else
    {
        if (vertexDistance >= fogEnd)
        {
            return 1.0;
        }
    }
    return (vertexDistance - fogStart) / (fogEnd - fogStart);
}

float total_fog_value(float sphericalVertexDistance_1, float cylindricalVertexDistance_1, float environmentalStart, float environmantalEnd, float renderDistanceStart, float renderDistanceEnd)
{
    float param = sphericalVertexDistance_1;
    float param_1 = environmentalStart;
    float param_2 = environmantalEnd;
    float param_3 = cylindricalVertexDistance_1;
    float param_4 = renderDistanceStart;
    float param_5 = renderDistanceEnd;
    return max(linear_fog_value(param, param_1, param_2), linear_fog_value(param_3, param_4, param_5));
}

vec4 apply_fog(vec4 inColor, float sphericalVertexDistance_1, float cylindricalVertexDistance_1, float environmentalStart, float environmantalEnd, float renderDistanceStart, float renderDistanceEnd, vec4 fogColor)
{
    float param = sphericalVertexDistance_1;
    float param_1 = cylindricalVertexDistance_1;
    float param_2 = environmentalStart;
    float param_3 = environmantalEnd;
    float param_4 = renderDistanceStart;
    float param_5 = renderDistanceEnd;
    float fogValue = total_fog_value(param, param_1, param_2, param_3, param_4, param_5);
    return vec4(mix(inColor.xyz, fogColor.xyz, vec3(fogValue * fogColor.w)), inColor.w);
}

void main()
{
    vec4 color = (texture(Sampler0, texCoord0).xxxx * vertexColor) * _132.ColorModulator;
    if (color.w < 0.100000001490116119384765625)
    {
        discard;
    }
    vec4 param = color;
    float param_1 = sphericalVertexDistance;
    float param_2 = cylindricalVertexDistance;
    float param_3 = _153.FogEnvironmentalStart;
    float param_4 = _153.FogEnvironmentalEnd;
    float param_5 = _153.FogRenderDistanceStart;
    float param_6 = _153.FogRenderDistanceEnd;
    vec4 param_7 = _153.FogColor;
    fragColor = apply_fog(param, param_1, param_2, param_3, param_4, param_5, param_6, param_7);
}


[DEBUG] [ShaderTranslator] shader 52 stage 0x8B30 translated via SPIR-V (2740 chars, took 11.611406ms)
[DEBUG] [FluorateGL] glCompileShader(52)
[DEBUG] [FluorateGL] glCreateProgram()
[DEBUG] [FluorateGL] glAttachShader(29, 51)
[DEBUG] [FluorateGL] glAttachShader(29, 52)
[DEBUG] [FluorateGL] glLinkProgram(29)
[DEBUG] [FluorateGL] glCreateProgram()
[DEBUG] [FluorateGL] glAttachShader(30, 51)
[DEBUG] [FluorateGL] glAttachShader(30, 52)
[DEBUG] [FluorateGL] glLinkProgram(30)
[DEBUG] [FluorateGL] glCreateShader(0x8B31)
[DEBUG] [ShaderTranslator] SPIR-V translate start: stage=vertex (0x8B31)
[DEBUG] [ShaderTranslator] glslang SPIR-V compile done: stage=vertex, took 3.976979ms (509 words)
[DEBUG] [ShaderTranslator] SPIR-V translate success: stage=vertex, version=ES320, glslang=9.042761ms, spirv-cross=5.020833ms, total=9.043073ms
[DEBUG] [ShaderTranslator] translated GLSL ES:
#version 320 es
precision highp float;
precision highp int;

layout(std140) uniform Projection
{
    mat4 ProjMat;
} _19;

layout(std140) uniform DynamicTransforms
{
    mat4 ModelViewMat;
    vec4 ColorModulator;
    vec3 ModelOffset;
    mat4 TextureMat;
} _26;

in vec3 Position;
out vec4 vertexColor;
in vec4 Color;
out vec2 texCoord0;
in vec2 UV0;

void main()
{
    gl_Position = (_19.ProjMat * _26.ModelViewMat) * vec4(Position, 1.0);
    vertexColor = Color;
    texCoord0 = UV0;
    gl_Position.z = 2.0 * gl_Position.z - gl_Position.w;
    gl_Position.y = -gl_Position.y;
}


[DEBUG] [ShaderTranslator] shader 53 stage 0x8B31 translated via SPIR-V (584 chars, took 9.101875ms)
[DEBUG] [FluorateGL] glCompileShader(53)
[DEBUG] [FluorateGL] glCreateShader(0x8B30)
[DEBUG] [ShaderTranslator] SPIR-V translate start: stage=fragment (0x8B30)
[DEBUG] [ShaderTranslator] glslang SPIR-V compile done: stage=fragment, took 3.648542ms (409 words)
[DEBUG] [ShaderTranslator] SPIR-V translate success: stage=fragment, version=ES320, glslang=9.325312ms, spirv-cross=5.631979ms, total=9.325625ms
[DEBUG] [ShaderTranslator] translated GLSL ES:
#version 320 es
precision highp float;
precision highp int;

layout(std140) uniform DynamicTransforms
{
    mat4 ModelViewMat;
    vec4 ColorModulator;
    vec3 ModelOffset;
    mat4 TextureMat;
} _37;

uniform highp sampler2D Sampler0;

in vec2 texCoord0;
out vec4 fragColor;
in vec4 vertexColor;

void main()
{
    vec4 color = texture(Sampler0, texCoord0);
    if (color.w == 0.0)
    {
        discard;
    }
    fragColor = vec4(_37.ColorModulator.xyz * vertexColor.xyz, _37.ColorModulator.w);
}


[DEBUG] [ShaderTranslator] shader 54 stage 0x8B30 translated via SPIR-V (502 chars, took 9.372969ms)
[DEBUG] [FluorateGL] glCompileShader(54)
[DEBUG] [FluorateGL] glCreateProgram()
[DEBUG] [FluorateGL] glAttachShader(31, 53)
[DEBUG] [FluorateGL] glAttachShader(31, 54)
[DEBUG] [FluorateGL] glLinkProgram(31)
[DEBUG] [FluorateGL] glCreateShader(0x8B31)
[DEBUG] [ShaderTranslator] SPIR-V translate start: stage=vertex (0x8B31)
[DEBUG] [ShaderTranslator] glslang SPIR-V compile done: stage=vertex, took 4.525573ms (1106 words)
[DEBUG] [ShaderTranslator] SPIR-V translate success: stage=vertex, version=ES320, glslang=9.862396ms, spirv-cross=5.296458ms, total=9.862708ms
[DEBUG] [ShaderTranslator] translated GLSL ES:
#version 320 es
precision highp float;
precision highp int;

layout(std140) uniform DynamicTransforms
{
    mat4 ModelViewMat;
    vec4 ColorModulator;
    vec3 ModelOffset;
    mat4 TextureMat;
} _73;

layout(std140) uniform Projection
{
    mat4 ProjMat;
} _86;

layout(std140) uniform Fog
{
    vec4 FogColor;
    float FogEnvironmentalStart;
    float FogEnvironmentalEnd;
    float FogRenderDistanceStart;
    float FogRenderDistanceEnd;
    float FogSkyEnd;
    float FogCloudsEnd;
} _129;

uniform highp sampler2D Sampler2;

in vec3 Position;
out float sphericalVertexDistance;
out float cylindricalVertexDistance;
out vec4 vertexColor;
in vec4 Color;
in ivec2 UV2;
out vec2 texCoord0;
in vec2 UV0;
in vec3 Normal;

float fog_spherical_distance(vec3 pos)
{
    return length(pos);
}

float fog_cylindrical_distance(vec3 pos)
{
    float distXZ = length(pos.xz);
    float distY = abs(pos.y);
    return max(distXZ, distY);
}

vec4 minecraft_sample_lightmap(highp sampler2D lightMap, ivec2 uv)
{
    return textureLod(lightMap, clamp((vec2(uv) / vec2(256.0)) + vec2(0.03125), vec2(0.03125), vec2(0.96875)), 0.0);
}

void main()
{
    vec3 pos = Position + _73.ModelOffset;
    gl_Position = (_86.ProjMat * _73.ModelViewMat) * vec4(pos, 1.0);
    vec3 param = pos;
    sphericalVertexDistance = fog_spherical_distance(param);
    vec3 param_1 = pos;
    cylindricalVertexDistance = fog_cylindrical_distance(param_1);
    ivec2 param_2 = UV2;
    vertexColor = Color * minecraft_sample_lightmap(Sampler2, param_2);
    texCoord0 = UV0;
    gl_Position.z = 2.0 * gl_Position.z - gl_Position.w;
    gl_Position.y = -gl_Position.y;
}


[DEBUG] [ShaderTranslator] shader 55 stage 0x8B31 translated via SPIR-V (1636 chars, took 9.920157ms)
[DEBUG] [FluorateGL] glCompileShader(55)
[DEBUG] [FluorateGL] glCreateShader(0x8B30)
[DEBUG] [ShaderTranslator] SPIR-V translate start: stage=fragment (0x8B30)
[DEBUG] [ShaderTranslator] glslang SPIR-V compile done: stage=fragment, took 4.621823ms (1360 words)
[DEBUG] [ShaderTranslator] SPIR-V translate success: stage=fragment, version=ES320, glslang=10.401042ms, spirv-cross=5.737291ms, total=10.401302ms
[DEBUG] [ShaderTranslator] translated GLSL ES:
#version 320 es
precision highp float;
precision highp int;

layout(std140) uniform DynamicTransforms
{
    mat4 ModelViewMat;
    vec4 ColorModulator;
    vec3 ModelOffset;
    mat4 TextureMat;
} _131;

layout(std140) uniform Fog
{
    vec4 FogColor;
    float FogEnvironmentalStart;
    float FogEnvironmentalEnd;
    float FogRenderDistanceStart;
    float FogRenderDistanceEnd;
    float FogSkyEnd;
    float FogCloudsEnd;
} _152;

uniform highp sampler2D Sampler0;

in vec2 texCoord0;
in vec4 vertexColor;
out vec4 fragColor;
in float sphericalVertexDistance;
in float cylindricalVertexDistance;

float linear_fog_value(float vertexDistance, float fogStart, float fogEnd)
{
    if (vertexDistance <= fogStart)
    {
        return 0.0;
    }
    else
    {
        if (vertexDistance >= fogEnd)
        {
            return 1.0;
        }
    }
    return (vertexDistance - fogStart) / (fogEnd - fogStart);
}

float total_fog_value(float sphericalVertexDistance_1, float cylindricalVertexDistance_1, float environmentalStart, float environmantalEnd, float renderDistanceStart, float renderDistanceEnd)
{
    float param = sphericalVertexDistance_1;
    float param_1 = environmentalStart;
    float param_2 = environmantalEnd;
    float param_3 = cylindricalVertexDistance_1;
    float param_4 = renderDistanceStart;
    float param_5 = renderDistanceEnd;
    return max(linear_fog_value(param, param_1, param_2), linear_fog_value(param_3, param_4, param_5));
}

vec4 apply_fog(vec4 inColor, float sphericalVertexDistance_1, float cylindricalVertexDistance_1, float environmentalStart, float environmantalEnd, float renderDistanceStart, float renderDistanceEnd, vec4 fogColor)
{
    float param = sphericalVertexDistance_1;
    float param_1 = cylindricalVertexDistance_1;
    float param_2 = environmentalStart;
    float param_3 = environmantalEnd;
    float param_4 = renderDistanceStart;
    float param_5 = renderDistanceEnd;
    float fogValue = total_fog_value(param, param_1, param_2, param_3, param_4, param_5);
    return vec4(mix(inColor.xyz, fogColor.xyz, vec3(fogValue * fogColor.w)), inColor.w);
}

void main()
{
    vec4 color = (texture(Sampler0, texCoord0) * vertexColor) * _131.ColorModulator;
    if (color.w < 0.5)
    {
        discard;
    }
    vec4 param = color;
    float param_1 = sphericalVertexDistance;
    float param_2 = cylindricalVertexDistance;
    float param_3 = _152.FogEnvironmentalStart;
    float param_4 = _152.FogEnvironmentalEnd;
    float param_5 = _152.FogRenderDistanceStart;
    float param_6 = _152.FogRenderDistanceEnd;
    vec4 param_7 = _152.FogColor;
    fragColor = apply_fog(param, param_1, param_2, param_3, param_4, param_5, param_6, param_7);
}


[DEBUG] [ShaderTranslator] shader 56 stage 0x8B30 translated via SPIR-V (2709 chars, took 10.44875ms)
[DEBUG] [FluorateGL] glCompileShader(56)
[DEBUG] [FluorateGL] glCreateProgram()
[DEBUG] [FluorateGL] glAttachShader(32, 55)
[DEBUG] [FluorateGL] glAttachShader(32, 56)
[DEBUG] [FluorateGL] glLinkProgram(32)
[DEBUG] [FluorateGL] glCreateShader(0x8B31)
[DEBUG] [ShaderTranslator] SPIR-V translate start: stage=vertex (0x8B31)
[DEBUG] [ShaderTranslator] glslang SPIR-V compile done: stage=vertex, took 4.732136ms (1106 words)
[DEBUG] [ShaderTranslator] SPIR-V translate success: stage=vertex, version=ES320, glslang=10.425365ms, spirv-cross=5.661093ms, total=10.425677ms
[DEBUG] [ShaderTranslator] translated GLSL ES:
#version 320 es
precision highp float;
precision highp int;

layout(std140) uniform DynamicTransforms
{
    mat4 ModelViewMat;
    vec4 ColorModulator;
    vec3 ModelOffset;
    mat4 TextureMat;
} _73;

layout(std140) uniform Projection
{
    mat4 ProjMat;
} _86;

layout(std140) uniform Fog
{
    vec4 FogColor;
    float FogEnvironmentalStart;
    float FogEnvironmentalEnd;
    float FogRenderDistanceStart;
    float FogRenderDistanceEnd;
    float FogSkyEnd;
    float FogCloudsEnd;
} _129;

uniform highp sampler2D Sampler2;

in vec3 Position;
out float sphericalVertexDistance;
out float cylindricalVertexDistance;
out vec4 vertexColor;
in vec4 Color;
in ivec2 UV2;
out vec2 texCoord0;
in vec2 UV0;
in vec3 Normal;

float fog_spherical_distance(vec3 pos)
{
    return length(pos);
}

float fog_cylindrical_distance(vec3 pos)
{
    float distXZ = length(pos.xz);
    float distY = abs(pos.y);
    return max(distXZ, distY);
}

vec4 minecraft_sample_lightmap(highp sampler2D lightMap, ivec2 uv)
{
    return textureLod(lightMap, clamp((vec2(uv) / vec2(256.0)) + vec2(0.03125), vec2(0.03125), vec2(0.96875)), 0.0);
}

void main()
{
    vec3 pos = Position + _73.ModelOffset;
    gl_Position = (_86.ProjMat * _73.ModelViewMat) * vec4(pos, 1.0);
    vec3 param = pos;
    sphericalVertexDistance = fog_spherical_distance(param);
    vec3 param_1 = pos;
    cylindricalVertexDistance = fog_cylindrical_distance(param_1);
    ivec2 param_2 = UV2;
    vertexColor = Color * minecraft_sample_lightmap(Sampler2, param_2);
    texCoord0 = UV0;
    gl_Position.z = 2.0 * gl_Position.z - gl_Position.w;
    gl_Position.y = -gl_Position.y;
}


[DEBUG] [ShaderTranslator] shader 57 stage 0x8B31 translated via SPIR-V (1636 chars, took 10.498021ms)
[DEBUG] [FluorateGL] glCompileShader(57)
[DEBUG] [FluorateGL] glCreateShader(0x8B30)
[DEBUG] [ShaderTranslator] SPIR-V translate start: stage=fragment (0x8B30)
[DEBUG] [ShaderTranslator] glslang SPIR-V compile done: stage=fragment, took 4.483229ms (1360 words)
[DEBUG] [ShaderTranslator] SPIR-V translate success: stage=fragment, version=ES320, glslang=10.150625ms, spirv-cross=5.625938ms, total=10.15099ms
[DEBUG] [ShaderTranslator] translated GLSL ES:
#version 320 es
precision highp float;
precision highp int;

layout(std140) uniform DynamicTransforms
{
    mat4 ModelViewMat;
    vec4 ColorModulator;
    vec3 ModelOffset;
    mat4 TextureMat;
} _131;

layout(std140) uniform Fog
{
    vec4 FogColor;
    float FogEnvironmentalStart;
    float FogEnvironmentalEnd;
    float FogRenderDistanceStart;
    float FogRenderDistanceEnd;
    float FogSkyEnd;
    float FogCloudsEnd;
} _152;

uniform highp sampler2D Sampler0;

in vec2 texCoord0;
in vec4 vertexColor;
out vec4 fragColor;
in float sphericalVertexDistance;
in float cylindricalVertexDistance;

float linear_fog_value(float vertexDistance, float fogStart, float fogEnd)
{
    if (vertexDistance <= fogStart)
    {
        return 0.0;
    }
    else
    {
        if (vertexDistance >= fogEnd)
        {
            return 1.0;
        }
    }
    return (vertexDistance - fogStart) / (fogEnd - fogStart);
}

float total_fog_value(float sphericalVertexDistance_1, float cylindricalVertexDistance_1, float environmentalStart, float environmantalEnd, float renderDistanceStart, float renderDistanceEnd)
{
    float param = sphericalVertexDistance_1;
    float param_1 = environmentalStart;
    float param_2 = environmantalEnd;
    float param_3 = cylindricalVertexDistance_1;
    float param_4 = renderDistanceStart;
    float param_5 = renderDistanceEnd;
    return max(linear_fog_value(param, param_1, param_2), linear_fog_value(param_3, param_4, param_5));
}

vec4 apply_fog(vec4 inColor, float sphericalVertexDistance_1, float cylindricalVertexDistance_1, float environmentalStart, float environmantalEnd, float renderDistanceStart, float renderDistanceEnd, vec4 fogColor)
{
    float param = sphericalVertexDistance_1;
    float param_1 = cylindricalVertexDistance_1;
    float param_2 = environmentalStart;
    float param_3 = environmantalEnd;
    float param_4 = renderDistanceStart;
    float param_5 = renderDistanceEnd;
    float fogValue = total_fog_value(param, param_1, param_2, param_3, param_4, param_5);
    return vec4(mix(inColor.xyz, fogColor.xyz, vec3(fogValue * fogColor.w)), inColor.w);
}

void main()
{
    vec4 color = (texture(Sampler0, texCoord0) * vertexColor) * _131.ColorModulator;
    if (color.w < 0.100000001490116119384765625)
    {
        discard;
    }
    vec4 param = color;
    float param_1 = sphericalVertexDistance;
    float param_2 = cylindricalVertexDistance;
    float param_3 = _152.FogEnvironmentalStart;
    float param_4 = _152.FogEnvironmentalEnd;
    float param_5 = _152.FogRenderDistanceStart;
    float param_6 = _152.FogRenderDistanceEnd;
    vec4 param_7 = _152.FogColor;
    fragColor = apply_fog(param, param_1, param_2, param_3, param_4, param_5, param_6, param_7);
}


[DEBUG] [ShaderTranslator] shader 58 stage 0x8B30 translated via SPIR-V (2735 chars, took 10.194688ms)
[DEBUG] [FluorateGL] glCompileShader(58)
[DEBUG] [FluorateGL] glCreateProgram()
[DEBUG] [FluorateGL] glAttachShader(33, 57)
[DEBUG] [FluorateGL] glAttachShader(33, 58)
[DEBUG] [FluorateGL] glLinkProgram(33)
[DEBUG] [FluorateGL] glCreateShader(0x8B31)
[DEBUG] [ShaderTranslator] SPIR-V translate start: stage=vertex (0x8B31)
[DEBUG] [ShaderTranslator] glslang SPIR-V compile done: stage=vertex, took 4.270052ms (695 words)
[DEBUG] [ShaderTranslator] SPIR-V translate success: stage=vertex, version=ES320, glslang=9.979427ms, spirv-cross=5.666615ms, total=9.980052ms
[DEBUG] [ShaderTranslator] translated GLSL ES:
#version 320 es
precision highp float;
precision highp int;

const vec2 _60[6] = vec2[](vec2(0.0), vec2(1.0, 0.0), vec2(0.0, 1.0), vec2(0.0, 1.0), vec2(1.0, 0.0), vec2(1.0));

layout(std140) uniform SpriteAnimationInfo
{
    mat4 ProjectionMatrix;
    mat4 SpriteMatrix;
    float UPadding;
    float VPadding;
    int MipMapLevel;
} _30;

out vec2 texCoord0;
out float fAnimationProgress;

void main()
{
    int index = gl_VertexID & 7;
    float frameProgress = float(gl_VertexID >> 3) / 1000.0;
    vec2 padding = vec2(_30.UPadding, _30.VPadding);
    gl_Position = (_30.ProjectionMatrix * _30.SpriteMatrix) * vec4(_60[index], 0.0, 1.0);
    vec2 uv = _60[index];
    vec2 direction = (uv * 2.0) - vec2(1.0);
    texCoord0 = uv + (padding * direction);
    fAnimationProgress = frameProgress;
    gl_Position.z = 2.0 * gl_Position.z - gl_Position.w;
    gl_Position.y = -gl_Position.y;
}


[DEBUG] [ShaderTranslator] shader 59 stage 0x8B31 translated via SPIR-V (892 chars, took 10.031771ms)
[DEBUG] [FluorateGL] glCompileShader(59)
[DEBUG] [FluorateGL] glCreateShader(0x8B30)
[DEBUG] [ShaderTranslator] SPIR-V translate start: stage=fragment (0x8B30)
[DEBUG] [ShaderTranslator] glslang SPIR-V compile done: stage=fragment, took 3.85901ms (304 words)
[DEBUG] [ShaderTranslator] SPIR-V translate success: stage=fragment, version=ES320, glslang=10.096823ms, spirv-cross=6.202708ms, total=10.097083ms
[DEBUG] [ShaderTranslator] translated GLSL ES:
#version 320 es
precision highp float;
precision highp int;

layout(std140) uniform SpriteAnimationInfo
{
    mat4 ProjectionMatrix;
    mat4 SpriteMatrix;
    float UPadding;
    float VPadding;
    int MipMapLevel;
} _23;

uniform highp sampler2D Sprite;

in vec2 texCoord0;
out vec4 fragColor;

void main()
{
    vec4 color = textureLod(Sprite, texCoord0, float(_23.MipMapLevel));
    fragColor = color;
}


[DEBUG] [ShaderTranslator] shader 60 stage 0x8B30 translated via SPIR-V (410 chars, took 10.180364ms)
[DEBUG] [FluorateGL] glCompileShader(60)
[DEBUG] [FluorateGL] glCreateProgram()
[DEBUG] [FluorateGL] glAttachShader(34, 59)
[DEBUG] [FluorateGL] glAttachShader(34, 60)
[DEBUG] [FluorateGL] glLinkProgram(34)
[DEBUG] [FluorateGL] glCreateShader(0x8B31)
[DEBUG] [ShaderTranslator] SPIR-V translate start: stage=vertex (0x8B31)
[DEBUG] [ShaderTranslator] glslang SPIR-V compile done: stage=vertex, took 6.261823ms (860 words)
[DEBUG] [ShaderTranslator] SPIR-V translate success: stage=vertex, version=ES320, glslang=12.236563ms, spirv-cross=5.928489ms, total=12.236823ms
[DEBUG] [ShaderTranslator] translated GLSL ES:
#version 320 es
precision highp float;
precision highp int;

layout(std140) uniform Projection
{
    mat4 ProjMat;
} _47;

layout(std140) uniform DynamicTransforms
{
    mat4 ModelViewMat;
    vec4 ColorModulator;
    vec3 ModelOffset;
    mat4 TextureMat;
} _53;

layout(std140) uniform Fog
{
    vec4 FogColor;
    float FogEnvironmentalStart;
    float FogEnvironmentalEnd;
    float FogRenderDistanceStart;
    float FogRenderDistanceEnd;
    float FogSkyEnd;
    float FogCloudsEnd;
} _88;

in vec3 Position;
out float sphericalVertexDistance;
out float cylindricalVertexDistance;
out vec4 vertexColor;
in vec4 Color;
out vec2 texCoord0;
in vec2 UV0;

float fog_spherical_distance(vec3 pos)
{
    return length(pos);
}

float fog_cylindrical_distance(vec3 pos)
{
    float distXZ = length(pos.xz);
    float distY = abs(pos.y);
    return max(distXZ, distY);
}

void main()
{
    gl_Position = (_47.ProjMat * _53.ModelViewMat) * vec4(Position, 1.0);
    vec3 param = Position;
    sphericalVertexDistance = fog_spherical_distance(param);
    vec3 param_1 = Position;
    cylindricalVertexDistance = fog_cylindrical_distance(param_1);
    vertexColor = Color;
    texCoord0 = UV0;
    gl_Position.z = 2.0 * gl_Position.z - gl_Position.w;
    gl_Position.y = -gl_Position.y;
}


[DEBUG] [ShaderTranslator] shader 61 stage 0x8B31 translated via SPIR-V (1281 chars, took 12.304479ms)
[DEBUG] [FluorateGL] glCompileShader(61)
[DEBUG] [FluorateGL] glCreateShader(0x8B30)
[DEBUG] [ShaderTranslator] SPIR-V translate start: stage=fragment (0x8B30)
[DEBUG] [ShaderTranslator] glslang SPIR-V compile done: stage=fragment, took 6.316302ms (1355 words)
[DEBUG] [ShaderTranslator] SPIR-V translate success: stage=fragment, version=ES320, glslang=12.508438ms, spirv-cross=6.149011ms, total=12.508698ms
[DEBUG] [ShaderTranslator] translated GLSL ES:
#version 320 es
precision highp float;
precision highp int;

layout(std140) uniform DynamicTransforms
{
    mat4 ModelViewMat;
    vec4 ColorModulator;
    vec3 ModelOffset;
    mat4 TextureMat;
} _133;

layout(std140) uniform Fog
{
    vec4 FogColor;
    float FogEnvironmentalStart;
    float FogEnvironmentalEnd;
    float FogRenderDistanceStart;
    float FogRenderDistanceEnd;
    float FogSkyEnd;
    float FogCloudsEnd;
} _149;

uniform highp sampler2D Sampler0;

in vec2 texCoord0;
in vec4 vertexColor;
out vec4 fragColor;
in float sphericalVertexDistance;
in float cylindricalVertexDistance;

float linear_fog_value(float vertexDistance, float fogStart, float fogEnd)
{
    if (vertexDistance <= fogStart)
    {
        return 0.0;
    }
    else
    {
        if (vertexDistance >= fogEnd)
        {
            return 1.0;
        }
    }
    return (vertexDistance - fogStart) / (fogEnd - fogStart);
}

float total_fog_value(float sphericalVertexDistance_1, float cylindricalVertexDistance_1, float environmentalStart, float environmantalEnd, float renderDistanceStart, float renderDistanceEnd)
{
    float param = sphericalVertexDistance_1;
    float param_1 = environmentalStart;
    float param_2 = environmantalEnd;
    float param_3 = cylindricalVertexDistance_1;
    float param_4 = renderDistanceStart;
    float param_5 = renderDistanceEnd;
    return max(linear_fog_value(param, param_1, param_2), linear_fog_value(param_3, param_4, param_5));
}

vec4 apply_fog(vec4 inColor, float sphericalVertexDistance_1, float cylindricalVertexDistance_1, float environmentalStart, float environmantalEnd, float renderDistanceStart, float renderDistanceEnd, vec4 fogColor)
{
    float param = sphericalVertexDistance_1;
    float param_1 = cylindricalVertexDistance_1;
    float param_2 = environmentalStart;
    float param_3 = environmantalEnd;
    float param_4 = renderDistanceStart;
    float param_5 = renderDistanceEnd;
    float fogValue = total_fog_value(param, param_1, param_2, param_3, param_4, param_5);
    return vec4(mix(inColor.xyz, fogColor.xyz, vec3(fogValue * fogColor.w)), inColor.w);
}

void main()
{
    vec4 color = texture(Sampler0, clamp(texCoord0, vec2(0.0), vec2(1.0)));
    color *= (vertexColor * _133.ColorModulator);
    vec4 param = color;
    float param_1 = sphericalVertexDistance;
    float param_2 = cylindricalVertexDistance;
    float param_3 = _149.FogEnvironmentalStart;
    float param_4 = _149.FogEnvironmentalEnd;
    float param_5 = _149.FogRenderDistanceStart;
    float param_6 = _149.FogRenderDistanceEnd;
    vec4 param_7 = _149.FogColor;
    fragColor = apply_fog(param, param_1, param_2, param_3, param_4, param_5, param_6, param_7);
}


[DEBUG] [ShaderTranslator] shader 62 stage 0x8B30 translated via SPIR-V (2698 chars, took 12.553333ms)
[DEBUG] [FluorateGL] glCompileShader(62)
[DEBUG] [FluorateGL] glCreateProgram()
[DEBUG] [FluorateGL] glAttachShader(35, 61)
[DEBUG] [FluorateGL] glAttachShader(35, 62)
[DEBUG] [FluorateGL] glLinkProgram(35)
[DEBUG] [FluorateGL] glCreateShader(0x8B31)
[DEBUG] [ShaderTranslator] SPIR-V translate start: stage=vertex (0x8B31)
[DEBUG] [ShaderTranslator] glslang SPIR-V compile done: stage=vertex, took 4.570573ms (952 words)
[DEBUG] [ShaderTranslator] SPIR-V translate success: stage=vertex, version=ES320, glslang=10.695729ms, spirv-cross=6.066146ms, total=10.696146ms
[DEBUG] [ShaderTranslator] translated GLSL ES:
#version 320 es
precision highp float;
precision highp int;

layout(std140) uniform Projection
{
    mat4 ProjMat;
} _47;

layout(std140) uniform DynamicTransforms
{
    mat4 ModelViewMat;
    vec4 ColorModulator;
    vec3 ModelOffset;
    mat4 TextureMat;
} _53;

layout(std140) uniform Fog
{
    vec4 FogColor;
    float FogEnvironmentalStart;
    float FogEnvironmentalEnd;
    float FogRenderDistanceStart;
    float FogRenderDistanceEnd;
    float FogSkyEnd;
    float FogCloudsEnd;
} _103;

uniform highp sampler2D Sampler2;

in vec3 Position;
out float sphericalVertexDistance;
out float cylindricalVertexDistance;
out vec4 vertexColor;
in vec4 Color;
in ivec2 UV2;
out vec2 texCoord0;
in vec2 UV0;

float fog_spherical_distance(vec3 pos)
{
    return length(pos);
}

float fog_cylindrical_distance(vec3 pos)
{
    float distXZ = length(pos.xz);
    float distY = abs(pos.y);
    return max(distXZ, distY);
}

void main()
{
    gl_Position = (_47.ProjMat * _53.ModelViewMat) * vec4(Position, 1.0);
    vec3 param = Position;
    sphericalVertexDistance = fog_spherical_distance(param);
    vec3 param_1 = Position;
    cylindricalVertexDistance = fog_cylindrical_distance(param_1);
    vertexColor = Color * texelFetch(Sampler2, UV2 / ivec2(16), 0);
    texCoord0 = UV0;
    gl_Position.z = 2.0 * gl_Position.z - gl_Position.w;
    gl_Position.y = -gl_Position.y;
}


[DEBUG] [ShaderTranslator] shader 63 stage 0x8B31 translated via SPIR-V (1374 chars, took 10.747136ms)
[DEBUG] [FluorateGL] glCompileShader(63)
[DEBUG] [FluorateGL] glCreateShader(0x8B30)
[DEBUG] [ShaderTranslator] SPIR-V translate start: stage=fragment (0x8B30)
[DEBUG] [ShaderTranslator] glslang SPIR-V compile done: stage=fragment, took 4.629896ms (1360 words)
[DEBUG] [ShaderTranslator] SPIR-V translate success: stage=fragment, version=ES320, glslang=10.260261ms, spirv-cross=5.588333ms, total=10.260625ms
[DEBUG] [ShaderTranslator] translated GLSL ES:
#version 320 es
precision highp float;
precision highp int;

layout(std140) uniform DynamicTransforms
{
    mat4 ModelViewMat;
    vec4 ColorModulator;
    vec3 ModelOffset;
    mat4 TextureMat;
} _131;

layout(std140) uniform Fog
{
    vec4 FogColor;
    float FogEnvironmentalStart;
    float FogEnvironmentalEnd;
    float FogRenderDistanceStart;
    float FogRenderDistanceEnd;
    float FogSkyEnd;
    float FogCloudsEnd;
} _152;

uniform highp sampler2D Sampler0;

in vec2 texCoord0;
in vec4 vertexColor;
out vec4 fragColor;
in float sphericalVertexDistance;
in float cylindricalVertexDistance;

float linear_fog_value(float vertexDistance, float fogStart, float fogEnd)
{
    if (vertexDistance <= fogStart)
    {
        return 0.0;
    }
    else
    {
        if (vertexDistance >= fogEnd)
        {
            return 1.0;
        }
    }
    return (vertexDistance - fogStart) / (fogEnd - fogStart);
}

float total_fog_value(float sphericalVertexDistance_1, float cylindricalVertexDistance_1, float environmentalStart, float environmantalEnd, float renderDistanceStart, float renderDistanceEnd)
{
    float param = sphericalVertexDistance_1;
    float param_1 = environmentalStart;
    float param_2 = environmantalEnd;
    float param_3 = cylindricalVertexDistance_1;
    float param_4 = renderDistanceStart;
    float param_5 = renderDistanceEnd;
    return max(linear_fog_value(param, param_1, param_2), linear_fog_value(param_3, param_4, param_5));
}

vec4 apply_fog(vec4 inColor, float sphericalVertexDistance_1, float cylindricalVertexDistance_1, float environmentalStart, float environmantalEnd, float renderDistanceStart, float renderDistanceEnd, vec4 fogColor)
{
    float param = sphericalVertexDistance_1;
    float param_1 = cylindricalVertexDistance_1;
    float param_2 = environmentalStart;
    float param_3 = environmantalEnd;
    float param_4 = renderDistanceStart;
    float param_5 = renderDistanceEnd;
    float fogValue = total_fog_value(param, param_1, param_2, param_3, param_4, param_5);
    return vec4(mix(inColor.xyz, fogColor.xyz, vec3(fogValue * fogColor.w)), inColor.w);
}

void main()
{
    vec4 color = (texture(Sampler0, texCoord0) * vertexColor) * _131.ColorModulator;
    if (color.w < 0.100000001490116119384765625)
    {
        discard;
    }
    vec4 param = color;
    float param_1 = sphericalVertexDistance;
    float param_2 = cylindricalVertexDistance;
    float param_3 = _152.FogEnvironmentalStart;
    float param_4 = _152.FogEnvironmentalEnd;
    float param_5 = _152.FogRenderDistanceStart;
    float param_6 = _152.FogRenderDistanceEnd;
    vec4 param_7 = _152.FogColor;
    fragColor = apply_fog(param, param_1, param_2, param_3, param_4, param_5, param_6, param_7);
}


[DEBUG] [ShaderTranslator] shader 64 stage 0x8B30 translated via SPIR-V (2735 chars, took 10.325678ms)
[DEBUG] [FluorateGL] glCompileShader(64)
[DEBUG] [FluorateGL] glCreateProgram()
[DEBUG] [FluorateGL] glAttachShader(36, 63)
[DEBUG] [FluorateGL] glAttachShader(36, 64)
[DEBUG] [FluorateGL] glLinkProgram(36)
[DEBUG] [FluorateGL] glCreateShader(0x8B31)
[DEBUG] [ShaderTranslator] SPIR-V translate start: stage=vertex (0x8B31)
[DEBUG] [ShaderTranslator] glslang SPIR-V compile done: stage=vertex, took 5.05276ms (1256 words)
[DEBUG] [ShaderTranslator] SPIR-V translate success: stage=vertex, version=ES320, glslang=10.743125ms, spirv-cross=5.623854ms, total=10.743437ms
[DEBUG] [ShaderTranslator] translated GLSL ES:
#version 320 es
precision highp float;
precision highp int;

layout(std140) uniform ChunkSection
{
    mat4 ModelViewMat;
    float ChunkVisibility;
    ivec2 TextureSize;
    ivec3 ChunkPosition;
} _74;

layout(std140) uniform Globals
{
    ivec3 CameraBlockPos;
    vec3 CameraOffset;
    vec2 ScreenSize;
    float GlintAlpha;
    float GameTime;
    int MenuBlurRadius;
    int UseRgss;
} _81;

layout(std140) uniform Projection
{
    mat4 ProjMat;
} _99;

layout(std140) uniform Fog
{
    vec4 FogColor;
    float FogEnvironmentalStart;
    float FogEnvironmentalEnd;
    float FogRenderDistanceStart;
    float FogRenderDistanceEnd;
    float FogSkyEnd;
    float FogCloudsEnd;
} _142;

uniform highp sampler2D Sampler2;

in vec3 Position;
out float sphericalVertexDistance;
out float cylindricalVertexDistance;
out vec4 vertexColor;
in vec4 Color;
in ivec2 UV2;
out vec2 texCoord0;
in vec2 UV0;
in vec3 Normal;

float fog_spherical_distance(vec3 pos)
{
    return length(pos);
}

float fog_cylindrical_distance(vec3 pos)
{
    float distXZ = length(pos.xz);
    float distY = abs(pos.y);
    return max(distXZ, distY);
}

vec4 minecraft_sample_lightmap(highp sampler2D lightMap, ivec2 uv)
{
    return textureLod(lightMap, clamp((vec2(uv) / vec2(256.0)) + vec2(0.03125), vec2(0.03125), vec2(0.96875)), 0.0);
}

void main()
{
    vec3 pos = (Position + vec3(_74.ChunkPosition - _81.CameraBlockPos)) + _81.CameraOffset;
    gl_Position = (_99.ProjMat * _74.ModelViewMat) * vec4(pos, 1.0);
    vec3 param = pos;
    sphericalVertexDistance = fog_spherical_distance(param);
    vec3 param_1 = pos;
    cylindricalVertexDistance = fog_cylindrical_distance(param_1);
    ivec2 param_2 = UV2;
    vertexColor = Color * minecraft_sample_lightmap(Sampler2, param_2);
    texCoord0 = UV0;
    gl_Position.z = 2.0 * gl_Position.z - gl_Position.w;
    gl_Position.y = -gl_Position.y;
}


[DEBUG] [ShaderTranslator] shader 65 stage 0x8B31 translated via SPIR-V (1882 chars, took 10.797656ms)
[DEBUG] [FluorateGL] glCompileShader(65)
[DEBUG] [FluorateGL] glCreateShader(0x8B30)
[DEBUG] [ShaderTranslator] SPIR-V translate start: stage=fragment (0x8B30)
[DEBUG] [ShaderTranslator] glslang SPIR-V compile done: stage=fragment, took 6.224688ms (3159 words)
[DEBUG] [ShaderTranslator] SPIR-V translate success: stage=fragment, version=ES320, glslang=13.256198ms, spirv-cross=6.974323ms, total=13.256406ms
[DEBUG] [ShaderTranslator] translated GLSL ES:
#version 320 es
precision highp float;
precision highp int;

const vec2 _307[4] = vec2[](vec2(0.125, 0.375), vec2(-0.125, -0.375), vec2(0.375, -0.125), vec2(-0.375, 0.125));

layout(std140) uniform Globals
{
    ivec3 CameraBlockPos;
    vec3 CameraOffset;
    vec2 ScreenSize;
    float GlintAlpha;
    float GameTime;
    int MenuBlurRadius;
    int UseRgss;
} _365;

layout(std140) uniform ChunkSection
{
    mat4 ModelViewMat;
    float ChunkVisibility;
    ivec2 TextureSize;
    ivec3 ChunkPosition;
} _381;

layout(std140) uniform Fog
{
    vec4 FogColor;
    float FogEnvironmentalStart;
    float FogEnvironmentalEnd;
    float FogRenderDistanceStart;
    float FogRenderDistanceEnd;
    float FogSkyEnd;
    float FogCloudsEnd;
} _410;

uniform highp sampler2D Sampler0;

in vec2 texCoord0;
in vec4 vertexColor;
out vec4 fragColor;
in float sphericalVertexDistance;
in float cylindricalVertexDistance;

vec4 sampleNearest(highp sampler2D sampler, inout vec2 uv, vec2 pixelSize, vec2 du, vec2 dv, vec2 texelScreenSize)
{
    vec2 uvTexelCoords = uv / pixelSize;
    vec2 texelCenter = round(uvTexelCoords) - vec2(0.5);
    vec2 texelOffset = uvTexelCoords - texelCenter;
    texelOffset = (((texelOffset - vec2(0.5)) * pixelSize) / texelScreenSize) + vec2(0.5);
    texelOffset = clamp(texelOffset, vec2(0.0), vec2(1.0));
    uv = (texelCenter + texelOffset) * pixelSize;
    return textureGrad(sampler, uv, du, dv);
}

vec4 sampleRGSS(highp sampler2D source, vec2 uv, vec2 pixelSize)
{
    vec2 du = dFdx(uv);
    vec2 dv = dFdy(uv);
    vec2 texelScreenSize = sqrt((du * du) + (dv * dv));
    float maxTexelSize = max(texelScreenSize.x, texelScreenSize.y);
    float minPixelSize = min(pixelSize.x, pixelSize.y);
    float transitionStart = minPixelSize * 1.0;
    float transitionEnd = minPixelSize * 2.0;
    float blendFactor = smoothstep(transitionStart, transitionEnd, maxTexelSize);
    float duLength = length(du);
    float dvLength = length(dv);
    float minDerivative = min(duLength, dvLength);
    float maxDerivative = max(duLength, dvLength);
    float effectiveDerivative = sqrt(minDerivative * maxDerivative);
    float mipLevelExact = max(0.0, log2(effectiveDerivative / minPixelSize));
    float mipLevelLow = floor(mipLevelExact);
    float mipLevelHigh = mipLevelLow + 1.0;
    float mipBlend = fract(mipLevelExact);
    vec4 rgssColorLow = vec4(0.0);
    vec4 rgssColorHigh = vec4(0.0);
    for (int i = 0; i < 4; i++)
    {
        vec2 sampleUV = uv + (_307[i] * pixelSize);
        rgssColorLow += textureLod(source, sampleUV, mipLevelLow);
        rgssColorHigh += textureLod(source, sampleUV, mipLevelHigh);
    }
    rgssColorLow *= 0.25;
    rgssColorHigh *= 0.25;
    vec4 rgssColor = mix(rgssColorLow, rgssColorHigh, vec4(mipBlend));
    vec2 param = uv;
    vec2 param_1 = pixelSize;
    vec2 param_2 = du;
    vec2 param_3 = dv;
    vec2 param_4 = texelScreenSize;
    vec4 _353 = sampleNearest(source, param, param_1, param_2, param_3, param_4);
    vec4 nearestColor = _353;
    return mix(nearestColor, rgssColor, vec4(blendFactor));
}

vec4 sampleNearest(highp sampler2D source, vec2 uv, vec2 pixelSize)
{
    vec2 du = dFdx(uv);
    vec2 dv = dFdy(uv);
    vec2 texelScreenSize = sqrt((du * du) + (dv * dv));
    vec2 param = uv;
    vec2 param_1 = pixelSize;
    vec2 param_2 = du;
    vec2 param_3 = dv;
    vec2 param_4 = texelScreenSize;
    vec4 _202 = sampleNearest(source, param, param_1, param_2, param_3, param_4);
    return _202;
}

float linear_fog_value(float vertexDistance, float fogStart, float fogEnd)
{
    if (vertexDistance <= fogStart)
    {
        return 0.0;
    }
    else
    {
        if (vertexDistance >= fogEnd)
        {
            return 1.0;
        }
    }
    return (vertexDistance - fogStart) / (fogEnd - fogStart);
}

float total_fog_value(float sphericalVertexDistance_1, float cylindricalVertexDistance_1, float environmentalStart, float environmantalEnd, float renderDistanceStart, float renderDistanceEnd)
{
    float param = sphericalVertexDistance_1;
    float param_1 = environmentalStart;
    float param_2 = environmantalEnd;
    float param_3 = cylindricalVertexDistance_1;
    float param_4 = renderDistanceStart;
    float param_5 = renderDistanceEnd;
    return max(linear_fog_value(param, param_1, param_2), linear_fog_value(param_3, param_4, param_5));
}

vec4 apply_fog(vec4 inColor, float sphericalVertexDistance_1, float cylindricalVertexDistance_1, float environmentalStart, float environmantalEnd, float renderDistanceStart, float renderDistanceEnd, vec4 fogColor)
{
    float param = sphericalVertexDistance_1;
    float param_1 = cylindricalVertexDistance_1;
    float param_2 = environmentalStart;
    float param_3 = environmantalEnd;
    float param_4 = renderDistanceStart;
    float param_5 = renderDistanceEnd;
    float fogValue = total_fog_value(param, param_1, param_2, param_3, param_4, param_5);
    return vec4(mix(inColor.xyz, fogColor.xyz, vec3(fogValue * fogColor.w)), inColor.w);
}

void main()
{
    vec4 _371;
    if (_365.UseRgss == 1)
    {
        vec2 param = texCoord0;
        vec2 param_1 = vec2(1.0) / vec2(_381.TextureSize);
        _371 = sampleRGSS(Sampler0, param, param_1);
    }
    else
    {
        vec2 param_2 = texCoord0;
        vec2 param_3 = vec2(1.0) / vec2(_381.TextureSize);
        _371 = sampleNearest(Sampler0, param_2, param_3);
    }
    vec4 color = _371 * vertexColor;
    color = mix(_410.FogColor * vec4(1.0, 1.0, 1.0, color.w), color, vec4(_381.ChunkVisibility));
    if (color.w < 0.5)
    {
        discard;
    }
    vec4 param_4 = color;
    float param_5 = sphericalVertexDistance;
    float param_6 = cylindricalVertexDistance;
    float param_7 = _410.FogEnvironmentalStart;
    float param_8 = _410.FogEnvironmentalEnd;
    float param_9 = _410.FogRenderDistanceStart;
    float param_10 = _410.FogRenderDistanceEnd;
    vec4 param_11 = _410.FogColor;
    fragColor = apply_fog(param_4, param_5, param_6, param_7, param_8, param_9, param_10, param_11);
}


[DEBUG] [ShaderTranslator] shader 66 stage 0x8B30 translated via SPIR-V (6027 chars, took 13.298333ms)
[DEBUG] [FluorateGL] glCompileShader(66)
[DEBUG] [FluorateGL] glCreateProgram()
[DEBUG] [FluorateGL] glAttachShader(37, 65)
[DEBUG] [FluorateGL] glAttachShader(37, 66)
[DEBUG] [FluorateGL] glLinkProgram(37)
[DEBUG] [FluorateGL] glCreateShader(0x8B31)
[DEBUG] [ShaderTranslator] SPIR-V translate start: stage=vertex (0x8B31)
[DEBUG] [ShaderTranslator] glslang SPIR-V compile done: stage=vertex, took 5.387917ms (1562 words)
[DEBUG] [ShaderTranslator] SPIR-V translate success: stage=vertex, version=ES320, glslang=11.291979ms, spirv-cross=5.869271ms, total=11.292292ms
[DEBUG] [ShaderTranslator] translated GLSL ES:
#version 320 es
precision highp float;
precision highp int;

layout(std140) uniform Projection
{
    mat4 ProjMat;
} _100;

layout(std140) uniform DynamicTransforms
{
    mat4 ModelViewMat;
    vec4 ColorModulator;
    vec3 ModelOffset;
    mat4 TextureMat;
} _106;

layout(std140) uniform Lighting
{
    vec3 Light0_Direction;
    vec3 Light1_Direction;
} _132;

layout(std140) uniform Fog
{
    vec4 FogColor;
    float FogEnvironmentalStart;
    float FogEnvironmentalEnd;
    float FogRenderDistanceStart;
    float FogRenderDistanceEnd;
    float FogSkyEnd;
    float FogCloudsEnd;
} _189;

uniform highp sampler2D Sampler2;
uniform highp sampler2D Sampler1;

in vec3 Position;
out float sphericalVertexDistance;
out float cylindricalVertexDistance;
in vec3 Normal;
out vec4 vertexPerFaceColorBack;
in vec4 Color;
out vec4 vertexPerFaceColorFront;
out vec4 lightMapColor;
in ivec2 UV2;
out vec4 overlayColor;
in ivec2 UV1;
out vec2 texCoord0;
in vec2 UV0;

float fog_spherical_distance(vec3 pos)
{
    return length(pos);
}

float fog_cylindrical_distance(vec3 pos)
{
    float distXZ = length(pos.xz);
    float distY = abs(pos.y);
    return max(distXZ, distY);
}

vec2 minecraft_compute_light(vec3 lightDir0, vec3 lightDir1, vec3 normal)
{
    return vec2(dot(lightDir0, normal), dot(lightDir1, normal));
}

vec4 minecraft_mix_light_separate(vec2 light, vec4 color)
{
    vec2 lightValue = max(vec2(0.0), light);
    float lightAccum = min(1.0, ((lightValue.x + lightValue.y) * 0.60000002384185791015625) + 0.4000000059604644775390625);
    return vec4(color.xyz * lightAccum, color.w);
}

void main()
{
    gl_Position = (_100.ProjMat * _106.ModelViewMat) * vec4(Position, 1.0);
    vec3 param = Position;
    sphericalVertexDistance = fog_spherical_distance(param);
    vec3 param_1 = Position;
    cylindricalVertexDistance = fog_cylindrical_distance(param_1);
    vec3 param_2 = _132.Light0_Direction;
    vec3 param_3 = _132.Light1_Direction;
    vec3 param_4 = Normal;
    vec2 light = minecraft_compute_light(param_2, param_3, param_4);
    vec2 param_5 = -light;
    vec4 param_6 = Color;
    vertexPerFaceColorBack = minecraft_mix_light_separate(param_5, param_6);
    vec2 param_7 = light;
    vec4 param_8 = Color;
    vertexPerFaceColorFront = minecraft_mix_light_separate(param_7, param_8);
    lightMapColor = texelFetch(Sampler2, UV2 / ivec2(16), 0);
    overlayColor = texelFetch(Sampler1, UV1, 0);
    texCoord0 = UV0;
    gl_Position.z = 2.0 * gl_Position.z - gl_Position.w;
    gl_Position.y = -gl_Position.y;
}


[DEBUG] [ShaderTranslator] shader 67 stage 0x8B31 translated via SPIR-V (2540 chars, took 11.34302ms)
[DEBUG] [FluorateGL] glCompileShader(67)
[DEBUG] [FluorateGL] glCreateShader(0x8B30)
[DEBUG] [ShaderTranslator] SPIR-V translate start: stage=fragment (0x8B30)
[DEBUG] [ShaderTranslator] glslang SPIR-V compile done: stage=fragment, took 4.436145ms (1466 words)
[DEBUG] [ShaderTranslator] SPIR-V translate success: stage=fragment, version=ES320, glslang=10.674531ms, spirv-cross=6.1975ms, total=10.674843ms
[DEBUG] [ShaderTranslator] translated GLSL ES:
#version 320 es
precision highp float;
precision highp int;

layout(std140) uniform DynamicTransforms
{
    mat4 ModelViewMat;
    vec4 ColorModulator;
    vec3 ModelOffset;
    mat4 TextureMat;
} _143;

layout(std140) uniform Fog
{
    vec4 FogColor;
    float FogEnvironmentalStart;
    float FogEnvironmentalEnd;
    float FogRenderDistanceStart;
    float FogRenderDistanceEnd;
    float FogSkyEnd;
    float FogCloudsEnd;
} _163;

uniform highp sampler2D Sampler0;

in vec2 texCoord0;
in vec4 vertexPerFaceColorFront;
in vec4 vertexPerFaceColorBack;
in vec4 lightMapColor;
out vec4 fragColor;
in float sphericalVertexDistance;
in float cylindricalVertexDistance;
in vec4 overlayColor;

float linear_fog_value(float vertexDistance, float fogStart, float fogEnd)
{
    if (vertexDistance <= fogStart)
    {
        return 0.0;
    }
    else
    {
        if (vertexDistance >= fogEnd)
        {
            return 1.0;
        }
    }
    return (vertexDistance - fogStart) / (fogEnd - fogStart);
}

float total_fog_value(float sphericalVertexDistance_1, float cylindricalVertexDistance_1, float environmentalStart, float environmantalEnd, float renderDistanceStart, float renderDistanceEnd)
{
    float param = sphericalVertexDistance_1;
    float param_1 = environmentalStart;
    float param_2 = environmantalEnd;
    float param_3 = cylindricalVertexDistance_1;
    float param_4 = renderDistanceStart;
    float param_5 = renderDistanceEnd;
    return max(linear_fog_value(param, param_1, param_2), linear_fog_value(param_3, param_4, param_5));
}

vec4 apply_fog(vec4 inColor, float sphericalVertexDistance_1, float cylindricalVertexDistance_1, float environmentalStart, float environmantalEnd, float renderDistanceStart, float renderDistanceEnd, vec4 fogColor)
{
    float param = sphericalVertexDistance_1;
    float param_1 = cylindricalVertexDistance_1;
    float param_2 = environmentalStart;
    float param_3 = environmantalEnd;
    float param_4 = renderDistanceStart;
    float param_5 = renderDistanceEnd;
    float fogValue = total_fog_value(param, param_1, param_2, param_3, param_4, param_5);
    return vec4(mix(inColor.xyz, fogColor.xyz, vec3(fogValue * fogColor.w)), inColor.w);
}

void main()
{
    vec4 color = texture(Sampler0, texCoord0);
    if (color.w < 0.100000001490116119384765625)
    {
        discard;
    }
    color *= ((gl_FrontFacing ? vertexPerFaceColorFront : vertexPerFaceColorBack) * _143.ColorModulator);
    color *= lightMapColor;
    vec4 param = color;
    float param_1 = sphericalVertexDistance;
    float param_2 = cylindricalVertexDistance;
    float param_3 = _163.FogEnvironmentalStart;
    float param_4 = _163.FogEnvironmentalEnd;
    float param_5 = _163.FogRenderDistanceStart;
    float param_6 = _163.FogRenderDistanceEnd;
    vec4 param_7 = _163.FogColor;
    fragColor = apply_fog(param, param_1, param_2, param_3, param_4, param_5, param_6, param_7);
}


[DEBUG] [ShaderTranslator] shader 68 stage 0x8B30 translated via SPIR-V (2920 chars, took 10.734583ms)
[DEBUG] [FluorateGL] glCompileShader(68)
[DEBUG] [FluorateGL] glCreateProgram()
[DEBUG] [FluorateGL] glAttachShader(38, 67)
[DEBUG] [FluorateGL] glAttachShader(38, 68)
[DEBUG] [FluorateGL] glLinkProgram(38)
[DEBUG] [FluorateGL] glCreateProgram()
[DEBUG] [FluorateGL] glAttachShader(39, 35)
[DEBUG] [FluorateGL] glAttachShader(39, 36)
[DEBUG] [FluorateGL] glLinkProgram(39)
[DEBUG] [FluorateGL] glCreateShader(0x8B31)
[DEBUG] [ShaderTranslator] SPIR-V translate start: stage=vertex (0x8B31)
[DEBUG] [ShaderTranslator] glslang SPIR-V compile done: stage=vertex, took 5.426667ms (819 words)
[DEBUG] [ShaderTranslator] SPIR-V translate success: stage=vertex, version=ES320, glslang=11.549687ms, spirv-cross=6.047292ms, total=11.550208ms
[DEBUG] [ShaderTranslator] translated GLSL ES:
#version 320 es
precision highp float;
precision highp int;

layout(std140) uniform Projection
{
    mat4 ProjMat;
} _47;

layout(std140) uniform DynamicTransforms
{
    mat4 ModelViewMat;
    vec4 ColorModulator;
    vec3 ModelOffset;
    mat4 TextureMat;
} _53;

layout(std140) uniform Fog
{
    vec4 FogColor;
    float FogEnvironmentalStart;
    float FogEnvironmentalEnd;
    float FogRenderDistanceStart;
    float FogRenderDistanceEnd;
    float FogSkyEnd;
    float FogCloudsEnd;
} _83;

in vec3 Position;
out float sphericalVertexDistance;
out float cylindricalVertexDistance;
out vec4 vertexColor;
in vec4 Color;

float fog_spherical_distance(vec3 pos)
{
    return length(pos);
}

float fog_cylindrical_distance(vec3 pos)
{
    float distXZ = length(pos.xz);
    float distY = abs(pos.y);
    return max(distXZ, distY);
}

void main()
{
    gl_Position = (_47.ProjMat * _53.ModelViewMat) * vec4(Position, 1.0);
    vec3 param = Position;
    sphericalVertexDistance = fog_spherical_distance(param);
    vec3 param_1 = Position;
    cylindricalVertexDistance = fog_cylindrical_distance(param_1);
    vertexColor = Color;
    gl_Position.z = 2.0 * gl_Position.z - gl_Position.w;
    gl_Position.y = -gl_Position.y;
}


[DEBUG] [ShaderTranslator] shader 69 stage 0x8B31 translated via SPIR-V (1227 chars, took 11.624688ms)
[DEBUG] [FluorateGL] glCompileShader(69)
[DEBUG] [FluorateGL] glCreateShader(0x8B30)
[DEBUG] [ShaderTranslator] SPIR-V translate start: stage=fragment (0x8B30)
[DEBUG] [ShaderTranslator] glslang SPIR-V compile done: stage=fragment, took 4.745885ms (892 words)
[DEBUG] [ShaderTranslator] SPIR-V translate success: stage=fragment, version=ES320, glslang=10.489166ms, spirv-cross=5.70375ms, total=10.489427ms
[DEBUG] [ShaderTranslator] translated GLSL ES:
#version 320 es
precision highp float;
precision highp int;

layout(std140) uniform DynamicTransforms
{
    mat4 ModelViewMat;
    vec4 ColorModulator;
    vec3 ModelOffset;
    mat4 TextureMat;
} _75;

layout(std140) uniform Fog
{
    vec4 FogColor;
    float FogEnvironmentalStart;
    float FogEnvironmentalEnd;
    float FogRenderDistanceStart;
    float FogRenderDistanceEnd;
    float FogSkyEnd;
    float FogCloudsEnd;
} _87;

out vec4 fragColor;
in vec4 vertexColor;
in float sphericalVertexDistance;
in float cylindricalVertexDistance;

float linear_fog_value(float vertexDistance, float fogStart, float fogEnd)
{
    if (vertexDistance <= fogStart)
    {
        return 0.0;
    }
    else
    {
        if (vertexDistance >= fogEnd)
        {
            return 1.0;
        }
    }
    return (vertexDistance - fogStart) / (fogEnd - fogStart);
}

float total_fog_value(float sphericalVertexDistance_1, float cylindricalVertexDistance_1, float environmentalStart, float environmantalEnd, float renderDistanceStart, float renderDistanceEnd)
{
    float param = sphericalVertexDistance_1;
    float param_1 = environmentalStart;
    float param_2 = environmantalEnd;
    float param_3 = cylindricalVertexDistance_1;
    float param_4 = renderDistanceStart;
    float param_5 = renderDistanceEnd;
    return max(linear_fog_value(param, param_1, param_2), linear_fog_value(param_3, param_4, param_5));
}

void main()
{
    float param = sphericalVertexDistance;
    float param_1 = cylindricalVertexDistance;
    float param_2 = _87.FogEnvironmentalStart;
    float param_3 = _87.FogEnvironmentalEnd;
    float param_4 = _87.FogRenderDistanceStart;
    float param_5 = _87.FogRenderDistanceEnd;
    fragColor = (vertexColor * _75.ColorModulator) * (1.0 - total_fog_value(param, param_1, param_2, param_3, param_4, param_5));
}


[DEBUG] [ShaderTranslator] shader 70 stage 0x8B30 translated via SPIR-V (1835 chars, took 10.53276ms)
[DEBUG] [FluorateGL] glCompileShader(70)
[DEBUG] [FluorateGL] glCreateProgram()
[DEBUG] [FluorateGL] glAttachShader(40, 69)
[DEBUG] [FluorateGL] glAttachShader(40, 70)
[DEBUG] [FluorateGL] glLinkProgram(40)
[DEBUG] [FluorateGL] glCreateShader(0x8B31)
[DEBUG] [ShaderTranslator] SPIR-V translate start: stage=vertex (0x8B31)
[DEBUG] [ShaderTranslator] glslang SPIR-V compile done: stage=vertex, took 6.439896ms (1562 words)
[DEBUG] [ShaderTranslator] SPIR-V translate success: stage=vertex, version=ES320, glslang=13.509896ms, spirv-cross=7.040208ms, total=13.510157ms
[DEBUG] [ShaderTranslator] translated GLSL ES:
#version 320 es
precision highp float;
precision highp int;

layout(std140) uniform Projection
{
    mat4 ProjMat;
} _100;

layout(std140) uniform DynamicTransforms
{
    mat4 ModelViewMat;
    vec4 ColorModulator;
    vec3 ModelOffset;
    mat4 TextureMat;
} _106;

layout(std140) uniform Lighting
{
    vec3 Light0_Direction;
    vec3 Light1_Direction;
} _132;

layout(std140) uniform Fog
{
    vec4 FogColor;
    float FogEnvironmentalStart;
    float FogEnvironmentalEnd;
    float FogRenderDistanceStart;
    float FogRenderDistanceEnd;
    float FogSkyEnd;
    float FogCloudsEnd;
} _189;

uniform highp sampler2D Sampler2;
uniform highp sampler2D Sampler1;

in vec3 Position;
out float sphericalVertexDistance;
out float cylindricalVertexDistance;
in vec3 Normal;
out vec4 vertexPerFaceColorBack;
in vec4 Color;
out vec4 vertexPerFaceColorFront;
out vec4 lightMapColor;
in ivec2 UV2;
out vec4 overlayColor;
in ivec2 UV1;
out vec2 texCoord0;
in vec2 UV0;

float fog_spherical_distance(vec3 pos)
{
    return length(pos);
}

float fog_cylindrical_distance(vec3 pos)
{
    float distXZ = length(pos.xz);
    float distY = abs(pos.y);
    return max(distXZ, distY);
}

vec2 minecraft_compute_light(vec3 lightDir0, vec3 lightDir1, vec3 normal)
{
    return vec2(dot(lightDir0, normal), dot(lightDir1, normal));
}

vec4 minecraft_mix_light_separate(vec2 light, vec4 color)
{
    vec2 lightValue = max(vec2(0.0), light);
    float lightAccum = min(1.0, ((lightValue.x + lightValue.y) * 0.60000002384185791015625) + 0.4000000059604644775390625);
    return vec4(color.xyz * lightAccum, color.w);
}

void main()
{
    gl_Position = (_100.ProjMat * _106.ModelViewMat) * vec4(Position, 1.0);
    vec3 param = Position;
    sphericalVertexDistance = fog_spherical_distance(param);
    vec3 param_1 = Position;
    cylindricalVertexDistance = fog_cylindrical_distance(param_1);
    vec3 param_2 = _132.Light0_Direction;
    vec3 param_3 = _132.Light1_Direction;
    vec3 param_4 = Normal;
    vec2 light = minecraft_compute_light(param_2, param_3, param_4);
    vec2 param_5 = -light;
    vec4 param_6 = Color;
    vertexPerFaceColorBack = minecraft_mix_light_separate(param_5, param_6);
    vec2 param_7 = light;
    vec4 param_8 = Color;
    vertexPerFaceColorFront = minecraft_mix_light_separate(param_7, param_8);
    lightMapColor = texelFetch(Sampler2, UV2 / ivec2(16), 0);
    overlayColor = texelFetch(Sampler1, UV1, 0);
    texCoord0 = UV0;
    gl_Position.z = 2.0 * gl_Position.z - gl_Position.w;
    gl_Position.y = -gl_Position.y;
}


[DEBUG] [ShaderTranslator] shader 71 stage 0x8B31 translated via SPIR-V (2540 chars, took 13.547916ms)
[DEBUG] [FluorateGL] glCompileShader(71)
[DEBUG] [FluorateGL] glCreateShader(0x8B30)
[DEBUG] [ShaderTranslator] SPIR-V translate start: stage=fragment (0x8B30)
[DEBUG] [ShaderTranslator] glslang SPIR-V compile done: stage=fragment, took 5.125208ms (1564 words)
[DEBUG] [ShaderTranslator] SPIR-V translate success: stage=fragment, version=ES320, glslang=11.437396ms, spirv-cross=6.272239ms, total=11.437812ms
[DEBUG] [ShaderTranslator] translated GLSL ES:
#version 320 es
precision highp float;
precision highp int;

layout(std140) uniform DynamicTransforms
{
    mat4 ModelViewMat;
    vec4 ColorModulator;
    vec3 ModelOffset;
    mat4 TextureMat;
} _143;

layout(std140) uniform Fog
{
    vec4 FogColor;
    float FogEnvironmentalStart;
    float FogEnvironmentalEnd;
    float FogRenderDistanceStart;
    float FogRenderDistanceEnd;
    float FogSkyEnd;
    float FogCloudsEnd;
} _181;

uniform highp sampler2D Sampler0;

in vec2 texCoord0;
in vec4 vertexPerFaceColorFront;
in vec4 vertexPerFaceColorBack;
in vec4 overlayColor;
in vec4 lightMapColor;
out vec4 fragColor;
in float sphericalVertexDistance;
in float cylindricalVertexDistance;

float linear_fog_value(float vertexDistance, float fogStart, float fogEnd)
{
    if (vertexDistance <= fogStart)
    {
        return 0.0;
    }
    else
    {
        if (vertexDistance >= fogEnd)
        {
            return 1.0;
        }
    }
    return (vertexDistance - fogStart) / (fogEnd - fogStart);
}

float total_fog_value(float sphericalVertexDistance_1, float cylindricalVertexDistance_1, float environmentalStart, float environmantalEnd, float renderDistanceStart, float renderDistanceEnd)
{
    float param = sphericalVertexDistance_1;
    float param_1 = environmentalStart;
    float param_2 = environmantalEnd;
    float param_3 = cylindricalVertexDistance_1;
    float param_4 = renderDistanceStart;
    float param_5 = renderDistanceEnd;
    return max(linear_fog_value(param, param_1, param_2), linear_fog_value(param_3, param_4, param_5));
}

vec4 apply_fog(vec4 inColor, float sphericalVertexDistance_1, float cylindricalVertexDistance_1, float environmentalStart, float environmantalEnd, float renderDistanceStart, float renderDistanceEnd, vec4 fogColor)
{
    float param = sphericalVertexDistance_1;
    float param_1 = cylindricalVertexDistance_1;
    float param_2 = environmentalStart;
    float param_3 = environmantalEnd;
    float param_4 = renderDistanceStart;
    float param_5 = renderDistanceEnd;
    float fogValue = total_fog_value(param, param_1, param_2, param_3, param_4, param_5);
    return vec4(mix(inColor.xyz, fogColor.xyz, vec3(fogValue * fogColor.w)), inColor.w);
}

void main()
{
    vec4 color = texture(Sampler0, texCoord0);
    if (color.w < 0.100000001490116119384765625)
    {
        discard;
    }
    color *= ((gl_FrontFacing ? vertexPerFaceColorFront : vertexPerFaceColorBack) * _143.ColorModulator);
    vec4 _155 = color;
    vec3 _161 = mix(overlayColor.xyz, _155.xyz, vec3(overlayColor.w));
    color.x = _161.x;
    color.y = _161.y;
    color.z = _161.z;
    color *= lightMapColor;
    vec4 param = color;
    float param_1 = sphericalVertexDistance;
    float param_2 = cylindricalVertexDistance;
    float param_3 = _181.FogEnvironmentalStart;
    float param_4 = _181.FogEnvironmentalEnd;
    float param_5 = _181.FogRenderDistanceStart;
    float param_6 = _181.FogRenderDistanceEnd;
    vec4 param_7 = _181.FogColor;
    fragColor = apply_fog(param, param_1, param_2, param_3, param_4, param_5, param_6, param_7);
}


[DEBUG] [ShaderTranslator] shader 72 stage 0x8B30 translated via SPIR-V (3080 chars, took 11.520468ms)
[DEBUG] [FluorateGL] glCompileShader(72)
[DEBUG] [FluorateGL] glCreateProgram()
[DEBUG] [FluorateGL] glAttachShader(41, 71)
[DEBUG] [FluorateGL] glAttachShader(41, 72)
[DEBUG] [FluorateGL] glLinkProgram(41)
[DEBUG] [FluorateGL] glCreateProgram()
[DEBUG] [FluorateGL] glAttachShader(42, 19)
[DEBUG] [FluorateGL] glAttachShader(42, 20)
[DEBUG] [FluorateGL] glLinkProgram(42)
[DEBUG] [FluorateGL] glCreateShader(0x8B31)
[DEBUG] [ShaderTranslator] SPIR-V translate start: stage=vertex (0x8B31)
[DEBUG] [ShaderTranslator] glslang SPIR-V compile done: stage=vertex, took 4.451406ms (426 words)
[DEBUG] [ShaderTranslator] SPIR-V translate success: stage=vertex, version=ES320, glslang=9.690104ms, spirv-cross=5.216354ms, total=9.690469ms
[DEBUG] [ShaderTranslator] translated GLSL ES:
#version 320 es
precision highp float;
precision highp int;

layout(std140) uniform Projection
{
    mat4 ProjMat;
} _19;

layout(std140) uniform DynamicTransforms
{
    mat4 ModelViewMat;
    vec4 ColorModulator;
    vec3 ModelOffset;
    mat4 TextureMat;
} _26;

in vec3 Position;

void main()
{
    gl_Position = (_19.ProjMat * _26.ModelViewMat) * vec4(Position, 1.0);
    gl_Position.z = 2.0 * gl_Position.z - gl_Position.w;
    gl_Position.y = -gl_Position.y;
}


[DEBUG] [ShaderTranslator] shader 73 stage 0x8B31 translated via SPIR-V (468 chars, took 9.750104ms)
[DEBUG] [FluorateGL] glCompileShader(73)
[DEBUG] [FluorateGL] glCreateShader(0x8B30)
[DEBUG] [ShaderTranslator] SPIR-V translate start: stage=fragment (0x8B30)
[DEBUG] [ShaderTranslator] glslang SPIR-V compile done: stage=fragment, took 3.813542ms (202 words)
[DEBUG] [ShaderTranslator] SPIR-V translate success: stage=fragment, version=ES320, glslang=9.263334ms, spirv-cross=5.400052ms, total=9.263646ms
[DEBUG] [ShaderTranslator] translated GLSL ES:
#version 320 es
precision highp float;
precision highp int;

layout(std140) uniform DynamicTransforms
{
    mat4 ModelViewMat;
    vec4 ColorModulator;
    vec3 ModelOffset;
    mat4 TextureMat;
} _14;

out vec4 fragColor;

void main()
{
    fragColor = _14.ColorModulator;
}


[DEBUG] [ShaderTranslator] shader 74 stage 0x8B30 translated via SPIR-V (277 chars, took 9.320156ms)
[DEBUG] [FluorateGL] glCompileShader(74)
[DEBUG] [FluorateGL] glCreateProgram()
[DEBUG] [FluorateGL] glAttachShader(43, 73)
[DEBUG] [FluorateGL] glAttachShader(43, 74)
[DEBUG] [FluorateGL] glLinkProgram(43)
[DEBUG] [FluorateGL] glCreateProgram()
[DEBUG] [FluorateGL] glAttachShader(44, 35)
[DEBUG] [FluorateGL] glAttachShader(44, 36)
[DEBUG] [FluorateGL] glLinkProgram(44)
[DEBUG] [FluorateGL] glCreateProgram()
[DEBUG] [FluorateGL] glAttachShader(45, 15)
[DEBUG] [FluorateGL] glAttachShader(45, 16)
[DEBUG] [FluorateGL] glLinkProgram(45)
[DEBUG] [FluorateGL] glCreateProgram()
[DEBUG] [FluorateGL] glAttachShader(46, 63)
[DEBUG] [FluorateGL] glAttachShader(46, 64)
[DEBUG] [FluorateGL] glLinkProgram(46)
[DEBUG] [FluorateGL] glCreateShader(0x8B31)
[DEBUG] [ShaderTranslator] SPIR-V translate start: stage=vertex (0x8B31)
[DEBUG] [ShaderTranslator] glslang SPIR-V compile done: stage=vertex, took 6.339844ms (1562 words)
[DEBUG] [ShaderTranslator] SPIR-V translate success: stage=vertex, version=ES320, glslang=12.137761ms, spirv-cross=5.748854ms, total=12.138125ms
[DEBUG] [ShaderTranslator] translated GLSL ES:
#version 320 es
precision highp float;
precision highp int;

layout(std140) uniform Projection
{
    mat4 ProjMat;
} _100;

layout(std140) uniform DynamicTransforms
{
    mat4 ModelViewMat;
    vec4 ColorModulator;
    vec3 ModelOffset;
    mat4 TextureMat;
} _106;

layout(std140) uniform Lighting
{
    vec3 Light0_Direction;
    vec3 Light1_Direction;
} _132;

layout(std140) uniform Fog
{
    vec4 FogColor;
    float FogEnvironmentalStart;
    float FogEnvironmentalEnd;
    float FogRenderDistanceStart;
    float FogRenderDistanceEnd;
    float FogSkyEnd;
    float FogCloudsEnd;
} _189;

uniform highp sampler2D Sampler2;
uniform highp sampler2D Sampler1;

in vec3 Position;
out float sphericalVertexDistance;
out float cylindricalVertexDistance;
in vec3 Normal;
out vec4 vertexPerFaceColorBack;
in vec4 Color;
out vec4 vertexPerFaceColorFront;
out vec4 lightMapColor;
in ivec2 UV2;
out vec4 overlayColor;
in ivec2 UV1;
out vec2 texCoord0;
in vec2 UV0;

float fog_spherical_distance(vec3 pos)
{
    return length(pos);
}

float fog_cylindrical_distance(vec3 pos)
{
    float distXZ = length(pos.xz);
    float distY = abs(pos.y);
    return max(distXZ, distY);
}

vec2 minecraft_compute_light(vec3 lightDir0, vec3 lightDir1, vec3 normal)
{
    return vec2(dot(lightDir0, normal), dot(lightDir1, normal));
}

vec4 minecraft_mix_light_separate(vec2 light, vec4 color)
{
    vec2 lightValue = max(vec2(0.0), light);
    float lightAccum = min(1.0, ((lightValue.x + lightValue.y) * 0.60000002384185791015625) + 0.4000000059604644775390625);
    return vec4(color.xyz * lightAccum, color.w);
}

void main()
{
    gl_Position = (_100.ProjMat * _106.ModelViewMat) * vec4(Position, 1.0);
    vec3 param = Position;
    sphericalVertexDistance = fog_spherical_distance(param);
    vec3 param_1 = Position;
    cylindricalVertexDistance = fog_cylindrical_distance(param_1);
    vec3 param_2 = _132.Light0_Direction;
    vec3 param_3 = _132.Light1_Direction;
    vec3 param_4 = Normal;
    vec2 light = minecraft_compute_light(param_2, param_3, param_4);
    vec2 param_5 = -light;
    vec4 param_6 = Color;
    vertexPerFaceColorBack = minecraft_mix_light_separate(param_5, param_6);
    vec2 param_7 = light;
    vec4 param_8 = Color;
    vertexPerFaceColorFront = minecraft_mix_light_separate(param_7, param_8);
    lightMapColor = texelFetch(Sampler2, UV2 / ivec2(16), 0);
    overlayColor = texelFetch(Sampler1, UV1, 0);
    texCoord0 = UV0;
    gl_Position.z = 2.0 * gl_Position.z - gl_Position.w;
    gl_Position.y = -gl_Position.y;
}


[DEBUG] [ShaderTranslator] shader 75 stage 0x8B31 translated via SPIR-V (2540 chars, took 12.188125ms)
[DEBUG] [FluorateGL] glCompileShader(75)
[DEBUG] [FluorateGL] glCreateShader(0x8B30)
[DEBUG] [ShaderTranslator] SPIR-V translate start: stage=fragment (0x8B30)
[DEBUG] [ShaderTranslator] glslang SPIR-V compile done: stage=fragment, took 4.368073ms (1436 words)
[DEBUG] [ShaderTranslator] SPIR-V translate success: stage=fragment, version=ES320, glslang=10.415468ms, spirv-cross=6.005938ms, total=10.415833ms
[DEBUG] [ShaderTranslator] translated GLSL ES:
#version 320 es
precision highp float;
precision highp int;

layout(std140) uniform DynamicTransforms
{
    mat4 ModelViewMat;
    vec4 ColorModulator;
    vec3 ModelOffset;
    mat4 TextureMat;
} _136;

layout(std140) uniform Fog
{
    vec4 FogColor;
    float FogEnvironmentalStart;
    float FogEnvironmentalEnd;
    float FogRenderDistanceStart;
    float FogRenderDistanceEnd;
    float FogSkyEnd;
    float FogCloudsEnd;
} _156;

uniform highp sampler2D Sampler0;

in vec2 texCoord0;
in vec4 vertexPerFaceColorFront;
in vec4 vertexPerFaceColorBack;
in vec4 lightMapColor;
out vec4 fragColor;
in float sphericalVertexDistance;
in float cylindricalVertexDistance;
in vec4 overlayColor;

float linear_fog_value(float vertexDistance, float fogStart, float fogEnd)
{
    if (vertexDistance <= fogStart)
    {
        return 0.0;
    }
    else
    {
        if (vertexDistance >= fogEnd)
        {
            return 1.0;
        }
    }
    return (vertexDistance - fogStart) / (fogEnd - fogStart);
}

float total_fog_value(float sphericalVertexDistance_1, float cylindricalVertexDistance_1, float environmentalStart, float environmantalEnd, float renderDistanceStart, float renderDistanceEnd)
{
    float param = sphericalVertexDistance_1;
    float param_1 = environmentalStart;
    float param_2 = environmantalEnd;
    float param_3 = cylindricalVertexDistance_1;
    float param_4 = renderDistanceStart;
    float param_5 = renderDistanceEnd;
    return max(linear_fog_value(param, param_1, param_2), linear_fog_value(param_3, param_4, param_5));
}

vec4 apply_fog(vec4 inColor, float sphericalVertexDistance_1, float cylindricalVertexDistance_1, float environmentalStart, float environmantalEnd, float renderDistanceStart, float renderDistanceEnd, vec4 fogColor)
{
    float param = sphericalVertexDistance_1;
    float param_1 = cylindricalVertexDistance_1;
    float param_2 = environmentalStart;
    float param_3 = environmantalEnd;
    float param_4 = renderDistanceStart;
    float param_5 = renderDistanceEnd;
    float fogValue = total_fog_value(param, param_1, param_2, param_3, param_4, param_5);
    return vec4(mix(inColor.xyz, fogColor.xyz, vec3(fogValue * fogColor.w)), inColor.w);
}

void main()
{
    vec4 color = texture(Sampler0, texCoord0);
    color *= ((gl_FrontFacing ? vertexPerFaceColorFront : vertexPerFaceColorBack) * _136.ColorModulator);
    color *= lightMapColor;
    vec4 param = color;
    float param_1 = sphericalVertexDistance;
    float param_2 = cylindricalVertexDistance;
    float param_3 = _156.FogEnvironmentalStart;
    float param_4 = _156.FogEnvironmentalEnd;
    float param_5 = _156.FogRenderDistanceStart;
    float param_6 = _156.FogRenderDistanceEnd;
    vec4 param_7 = _156.FogColor;
    fragColor = apply_fog(param, param_1, param_2, param_3, param_4, param_5, param_6, param_7);
}


[DEBUG] [ShaderTranslator] shader 76 stage 0x8B30 translated via SPIR-V (2842 chars, took 10.489219ms)
[DEBUG] [FluorateGL] glCompileShader(76)
[DEBUG] [FluorateGL] glCreateProgram()
[DEBUG] [FluorateGL] glAttachShader(47, 75)
[DEBUG] [FluorateGL] glAttachShader(47, 76)
[DEBUG] [FluorateGL] glLinkProgram(47)
[DEBUG] [FluorateGL] glCreateProgram()
[DEBUG] [FluorateGL] glAttachShader(48, 31)
[DEBUG] [FluorateGL] glAttachShader(48, 32)
[DEBUG] [FluorateGL] glLinkProgram(48)
[DEBUG] [FluorateGL] glCreateProgram()
[DEBUG] [FluorateGL] glAttachShader(49, 35)
[DEBUG] [FluorateGL] glAttachShader(49, 36)
[DEBUG] [FluorateGL] glLinkProgram(49)
[DEBUG] [FluorateGL] glCreateProgram()
[DEBUG] [FluorateGL] glAttachShader(50, 63)
[DEBUG] [FluorateGL] glAttachShader(50, 64)
[DEBUG] [FluorateGL] glLinkProgram(50)
[DEBUG] [FluorateGL] glCreateShader(0x8B31)
[DEBUG] [ShaderTranslator] SPIR-V translate start: stage=vertex (0x8B31)
[DEBUG] [ShaderTranslator] glslang SPIR-V compile done: stage=vertex, took 4.508281ms (781 words)
[DEBUG] [ShaderTranslator] SPIR-V translate success: stage=vertex, version=ES320, glslang=10.537239ms, spirv-cross=5.523073ms, total=10.537552ms
[DEBUG] [ShaderTranslator] translated GLSL ES:
#version 320 es
precision highp float;
precision highp int;

layout(std140) uniform Projection
{
    mat4 ProjMat;
} _47;

layout(std140) uniform DynamicTransforms
{
    mat4 ModelViewMat;
    vec4 ColorModulator;
    vec3 ModelOffset;
    mat4 TextureMat;
} _53;

layout(std140) uniform Fog
{
    vec4 FogColor;
    float FogEnvironmentalStart;
    float FogEnvironmentalEnd;
    float FogRenderDistanceStart;
    float FogRenderDistanceEnd;
    float FogSkyEnd;
    float FogCloudsEnd;
} _79;

in vec3 Position;
out float sphericalVertexDistance;
out float cylindricalVertexDistance;

float fog_spherical_distance(vec3 pos)
{
    return length(pos);
}

float fog_cylindrical_distance(vec3 pos)
{
    float distXZ = length(pos.xz);
    float distY = abs(pos.y);
    return max(distXZ, distY);
}

void main()
{
    gl_Position = (_47.ProjMat * _53.ModelViewMat) * vec4(Position, 1.0);
    vec3 param = Position;
    sphericalVertexDistance = fog_spherical_distance(param);
    vec3 param_1 = Position;
    cylindricalVertexDistance = fog_cylindrical_distance(param_1);
    gl_Position.z = 2.0 * gl_Position.z - gl_Position.w;
    gl_Position.y = -gl_Position.y;
}


[DEBUG] [ShaderTranslator] shader 77 stage 0x8B31 translated via SPIR-V (1165 chars, took 10.607708ms)
[DEBUG] [FluorateGL] glCompileShader(77)
[DEBUG] [FluorateGL] glCreateShader(0x8B30)
[DEBUG] [ShaderTranslator] SPIR-V translate start: stage=fragment (0x8B30)
[DEBUG] [ShaderTranslator] glslang SPIR-V compile done: stage=fragment, took 4.783333ms (1197 words)
[DEBUG] [ShaderTranslator] SPIR-V translate success: stage=fragment, version=ES320, glslang=11.056614ms, spirv-cross=6.231406ms, total=11.056928ms
[DEBUG] [ShaderTranslator] translated GLSL ES:
#version 320 es
precision highp float;
precision highp int;

layout(std140) uniform DynamicTransforms
{
    mat4 ModelViewMat;
    vec4 ColorModulator;
    vec3 ModelOffset;
    mat4 TextureMat;
} _118;

layout(std140) uniform Fog
{
    vec4 FogColor;
    float FogEnvironmentalStart;
    float FogEnvironmentalEnd;
    float FogRenderDistanceStart;
    float FogRenderDistanceEnd;
    float FogSkyEnd;
    float FogCloudsEnd;
} _126;

out vec4 fragColor;
in float sphericalVertexDistance;
in float cylindricalVertexDistance;

float linear_fog_value(float vertexDistance, float fogStart, float fogEnd)
{
    if (vertexDistance <= fogStart)
    {
        return 0.0;
    }
    else
    {
        if (vertexDistance >= fogEnd)
        {
            return 1.0;
        }
    }
    return (vertexDistance - fogStart) / (fogEnd - fogStart);
}

float total_fog_value(float sphericalVertexDistance_1, float cylindricalVertexDistance_1, float environmentalStart, float environmantalEnd, float renderDistanceStart, float renderDistanceEnd)
{
    float param = sphericalVertexDistance_1;
    float param_1 = environmentalStart;
    float param_2 = environmantalEnd;
    float param_3 = cylindricalVertexDistance_1;
    float param_4 = renderDistanceStart;
    float param_5 = renderDistanceEnd;
    return max(linear_fog_value(param, param_1, param_2), linear_fog_value(param_3, param_4, param_5));
}

vec4 apply_fog(vec4 inColor, float sphericalVertexDistance_1, float cylindricalVertexDistance_1, float environmentalStart, float environmantalEnd, float renderDistanceStart, float renderDistanceEnd, vec4 fogColor)
{
    float param = sphericalVertexDistance_1;
    float param_1 = cylindricalVertexDistance_1;
    float param_2 = environmentalStart;
    float param_3 = environmantalEnd;
    float param_4 = renderDistanceStart;
    float param_5 = renderDistanceEnd;
    float fogValue = total_fog_value(param, param_1, param_2, param_3, param_4, param_5);
    return vec4(mix(inColor.xyz, fogColor.xyz, vec3(fogValue * fogColor.w)), inColor.w);
}

void main()
{
    vec4 param = _118.ColorModulator;
    float param_1 = sphericalVertexDistance;
    float param_2 = cylindricalVertexDistance;
    float param_3 = 0.0;
    float param_4 = _126.FogSkyEnd;
    float param_5 = _126.FogSkyEnd;
    float param_6 = _126.FogSkyEnd;
    vec4 param_7 = _126.FogColor;
    fragColor = apply_fog(param, param_1, param_2, param_3, param_4, param_5, param_6, param_7);
}


[DEBUG] [ShaderTranslator] shader 78 stage 0x8B30 translated via SPIR-V (2454 chars, took 11.156771ms)
[DEBUG] [FluorateGL] glCompileShader(78)
[DEBUG] [FluorateGL] glCreateProgram()
[DEBUG] [FluorateGL] glAttachShader(51, 77)
[DEBUG] [FluorateGL] glAttachShader(51, 78)
[DEBUG] [FluorateGL] glLinkProgram(51)
[DEBUG] [FluorateGL] glCreateProgram()
[DEBUG] [FluorateGL] glAttachShader(52, 67)
[DEBUG] [FluorateGL] glAttachShader(52, 68)
[DEBUG] [FluorateGL] glLinkProgram(52)
[DEBUG] [FluorateGL] glCreateShader(0x8B31)
[DEBUG] [ShaderTranslator] SPIR-V translate start: stage=vertex (0x8B31)
[DEBUG] [ShaderTranslator] glslang SPIR-V compile done: stage=vertex, took 4.239011ms (464 words)
[DEBUG] [ShaderTranslator] SPIR-V translate success: stage=vertex, version=ES320, glslang=9.807813ms, spirv-cross=5.530521ms, total=9.808073ms
[DEBUG] [ShaderTranslator] translated GLSL ES:
#version 320 es
precision highp float;
precision highp int;

layout(std140) uniform Projection
{
    mat4 ProjMat;
} _19;

layout(std140) uniform DynamicTransforms
{
    mat4 ModelViewMat;
    vec4 ColorModulator;
    vec3 ModelOffset;
    mat4 TextureMat;
} _26;

in vec3 Position;
out vec4 vertexColor;
in vec4 Color;

void main()
{
    gl_Position = (_19.ProjMat * _26.ModelViewMat) * vec4(Position, 1.0);
    vertexColor = Color;
    gl_Position.z = 2.0 * gl_Position.z - gl_Position.w;
    gl_Position.y = -gl_Position.y;
}


[DEBUG] [ShaderTranslator] shader 79 stage 0x8B31 translated via SPIR-V (530 chars, took 9.863907ms)
[DEBUG] [FluorateGL] glCompileShader(79)
[DEBUG] [FluorateGL] glCreateShader(0x8B30)
[DEBUG] [ShaderTranslator] SPIR-V translate start: stage=fragment (0x8B30)
[DEBUG] [ShaderTranslator] glslang SPIR-V compile done: stage=fragment, took 3.735052ms (292 words)
[DEBUG] [ShaderTranslator] SPIR-V translate success: stage=fragment, version=ES320, glslang=9.020521ms, spirv-cross=5.229375ms, total=9.02099ms
[DEBUG] [ShaderTranslator] translated GLSL ES:
#version 320 es
precision highp float;
precision highp int;

layout(std140) uniform DynamicTransforms
{
    mat4 ModelViewMat;
    vec4 ColorModulator;
    vec3 ModelOffset;
    mat4 TextureMat;
} _31;

in vec4 vertexColor;
out vec4 fragColor;

void main()
{
    vec4 color = vertexColor;
    if (color.w < 0.100000001490116119384765625)
    {
        discard;
    }
    fragColor = color * _31.ColorModulator;
}


[DEBUG] [ShaderTranslator] shader 80 stage 0x8B30 translated via SPIR-V (414 chars, took 9.055834ms)
[DEBUG] [FluorateGL] glCompileShader(80)
[DEBUG] [FluorateGL] glCreateProgram()
[DEBUG] [FluorateGL] glAttachShader(53, 79)
[DEBUG] [FluorateGL] glAttachShader(53, 80)
[DEBUG] [FluorateGL] glLinkProgram(53)
[DEBUG] [FluorateGL] glCreateProgram()
[DEBUG] [FluorateGL] glAttachShader(54, 15)
[DEBUG] [FluorateGL] glAttachShader(54, 16)
[DEBUG] [FluorateGL] glLinkProgram(54)
[DEBUG] [FluorateGL] glCreateShader(0x8B31)
[DEBUG] [ShaderTranslator] SPIR-V translate start: stage=vertex (0x8B31)
[DEBUG] [ShaderTranslator] glslang SPIR-V compile done: stage=vertex, took 4.306823ms (781 words)
[DEBUG] [ShaderTranslator] SPIR-V translate success: stage=vertex, version=ES320, glslang=10.205834ms, spirv-cross=5.843542ms, total=10.206146ms
[DEBUG] [ShaderTranslator] translated GLSL ES:
#version 320 es
precision highp float;
precision highp int;

layout(std140) uniform Projection
{
    mat4 ProjMat;
} _47;

layout(std140) uniform DynamicTransforms
{
    mat4 ModelViewMat;
    vec4 ColorModulator;
    vec3 ModelOffset;
    mat4 TextureMat;
} _53;

layout(std140) uniform Fog
{
    vec4 FogColor;
    float FogEnvironmentalStart;
    float FogEnvironmentalEnd;
    float FogRenderDistanceStart;
    float FogRenderDistanceEnd;
    float FogSkyEnd;
    float FogCloudsEnd;
} _79;

in vec3 Position;
out float sphericalVertexDistance;
out float cylindricalVertexDistance;

float fog_spherical_distance(vec3 pos)
{
    return length(pos);
}

float fog_cylindrical_distance(vec3 pos)
{
    float distXZ = length(pos.xz);
    float distY = abs(pos.y);
    return max(distXZ, distY);
}

void main()
{
    gl_Position = (_47.ProjMat * _53.ModelViewMat) * vec4(Position, 1.0);
    vec3 param = Position;
    sphericalVertexDistance = fog_spherical_distance(param);
    vec3 param_1 = Position;
    cylindricalVertexDistance = fog_cylindrical_distance(param_1);
    gl_Position.z = 2.0 * gl_Position.z - gl_Position.w;
    gl_Position.y = -gl_Position.y;
}


[DEBUG] [ShaderTranslator] shader 81 stage 0x8B31 translated via SPIR-V (1165 chars, took 10.267239ms)
[DEBUG] [FluorateGL] glCompileShader(81)
[DEBUG] [FluorateGL] glCreateShader(0x8B30)
[DEBUG] [ShaderTranslator] SPIR-V translate start: stage=fragment (0x8B30)
[DEBUG] [ShaderTranslator] glslang SPIR-V compile done: stage=fragment, took 4.648646ms (1214 words)
[DEBUG] [ShaderTranslator] SPIR-V translate success: stage=fragment, version=ES320, glslang=10.677135ms, spirv-cross=5.989584ms, total=10.677448ms
[DEBUG] [ShaderTranslator] translated GLSL ES:
#version 320 es
precision highp float;
precision highp int;

layout(std140) uniform DynamicTransforms
{
    mat4 ModelViewMat;
    vec4 ColorModulator;
    vec3 ModelOffset;
    mat4 TextureMat;
} _118;

layout(std140) uniform Fog
{
    vec4 FogColor;
    float FogEnvironmentalStart;
    float FogEnvironmentalEnd;
    float FogRenderDistanceStart;
    float FogRenderDistanceEnd;
    float FogSkyEnd;
    float FogCloudsEnd;
} _126;

out vec4 fragColor;
in float sphericalVertexDistance;
in float cylindricalVertexDistance;

float linear_fog_value(float vertexDistance, float fogStart, float fogEnd)
{
    if (vertexDistance <= fogStart)
    {
        return 0.0;
    }
    else
    {
        if (vertexDistance >= fogEnd)
        {
            return 1.0;
        }
    }
    return (vertexDistance - fogStart) / (fogEnd - fogStart);
}

float total_fog_value(float sphericalVertexDistance_1, float cylindricalVertexDistance_1, float environmentalStart, float environmantalEnd, float renderDistanceStart, float renderDistanceEnd)
{
    float param = sphericalVertexDistance_1;
    float param_1 = environmentalStart;
    float param_2 = environmantalEnd;
    float param_3 = cylindricalVertexDistance_1;
    float param_4 = renderDistanceStart;
    float param_5 = renderDistanceEnd;
    return max(linear_fog_value(param, param_1, param_2), linear_fog_value(param_3, param_4, param_5));
}

vec4 apply_fog(vec4 inColor, float sphericalVertexDistance_1, float cylindricalVertexDistance_1, float environmentalStart, float environmantalEnd, float renderDistanceStart, float renderDistanceEnd, vec4 fogColor)
{
    float param = sphericalVertexDistance_1;
    float param_1 = cylindricalVertexDistance_1;
    float param_2 = environmentalStart;
    float param_3 = environmantalEnd;
    float param_4 = renderDistanceStart;
    float param_5 = renderDistanceEnd;
    float fogValue = total_fog_value(param, param_1, param_2, param_3, param_4, param_5);
    return vec4(mix(inColor.xyz, fogColor.xyz, vec3(fogValue * fogColor.w)), inColor.w);
}

void main()
{
    vec4 param = _118.ColorModulator;
    float param_1 = sphericalVertexDistance;
    float param_2 = cylindricalVertexDistance;
    float param_3 = _126.FogEnvironmentalStart;
    float param_4 = _126.FogEnvironmentalEnd;
    float param_5 = _126.FogRenderDistanceStart;
    float param_6 = _126.FogRenderDistanceEnd;
    vec4 param_7 = _126.FogColor;
    fragColor = apply_fog(param, param_1, param_2, param_3, param_4, param_5, param_6, param_7);
}


[DEBUG] [ShaderTranslator] shader 82 stage 0x8B30 translated via SPIR-V (2511 chars, took 10.752448ms)
[DEBUG] [FluorateGL] glCompileShader(82)
[DEBUG] [FluorateGL] glCreateProgram()
[DEBUG] [FluorateGL] glAttachShader(55, 81)
[DEBUG] [FluorateGL] glAttachShader(55, 82)
[DEBUG] [FluorateGL] glLinkProgram(55)
[DEBUG] [FluorateGL] glCreateProgram()
[DEBUG] [FluorateGL] glAttachShader(56, 9)
[DEBUG] [FluorateGL] glAttachShader(56, 10)
[DEBUG] [FluorateGL] glLinkProgram(56)
[DEBUG] [FluorateGL] glCreateShader(0x8B30)
[DEBUG] [ShaderTranslator] SPIR-V translate start: stage=fragment (0x8B30)
[DEBUG] [ShaderTranslator] glslang SPIR-V compile done: stage=fragment, took 3.838334ms (409 words)
[DEBUG] [ShaderTranslator] SPIR-V translate success: stage=fragment, version=ES320, glslang=9.219688ms, spirv-cross=5.341666ms, total=9.220052ms
[DEBUG] [ShaderTranslator] translated GLSL ES:
#version 320 es
precision highp float;
precision highp int;

layout(std140) uniform SpriteAnimationInfo
{
    mat4 ProjectionMatrix;
    mat4 SpriteMatrix;
    float UPadding;
    float VPadding;
    int MipMapLevel;
} _23;

uniform highp sampler2D CurrentSprite;
uniform highp sampler2D NextSprite;

in vec2 texCoord0;
out vec4 fragColor;
in float fAnimationProgress;

void main()
{
    vec4 currentColor = textureLod(CurrentSprite, texCoord0, float(_23.MipMapLevel));
    vec4 nextColor = textureLod(NextSprite, texCoord0, float(_23.MipMapLevel));
    fragColor = mix(currentColor, nextColor, vec4(fAnimationProgress));
}


[DEBUG] [ShaderTranslator] shader 83 stage 0x8B30 translated via SPIR-V (625 chars, took 9.282136ms)
[DEBUG] [FluorateGL] glCompileShader(83)
[DEBUG] [FluorateGL] glCreateProgram()
[DEBUG] [FluorateGL] glAttachShader(57, 59)
[DEBUG] [FluorateGL] glAttachShader(57, 83)
[DEBUG] [FluorateGL] glLinkProgram(57)
[DEBUG] [FluorateGL] glCreateShader(0x8B31)
[DEBUG] [ShaderTranslator] SPIR-V translate start: stage=vertex (0x8B31)
[DEBUG] [ShaderTranslator] glslang SPIR-V compile done: stage=vertex, took 3.867708ms (588 words)
[DEBUG] [ShaderTranslator] SPIR-V translate success: stage=vertex, version=ES320, glslang=9.238541ms, spirv-cross=5.331666ms, total=9.238803ms
[DEBUG] [ShaderTranslator] translated GLSL ES:
#version 320 es
precision highp float;
precision highp int;

layout(std140) uniform Projection
{
    mat4 ProjMat;
} _19;

layout(std140) uniform DynamicTransforms
{
    mat4 ModelViewMat;
    vec4 ColorModulator;
    vec3 ModelOffset;
    mat4 TextureMat;
} _26;

in vec3 Position;
out vec4 vertexColor;
in vec4 Color;
out vec2 texCoord0;
in vec2 UV0;
out vec2 texCoord1;
in vec2 UV1;
out vec2 texCoord2;
in vec2 UV2;
in vec3 Normal;

void main()
{
    gl_Position = (_19.ProjMat * _26.ModelViewMat) * vec4(Position, 1.0);
    vertexColor = Color;
    texCoord0 = UV0;
    texCoord1 = UV1;
    texCoord2 = UV2;
    gl_Position.z = 2.0 * gl_Position.z - gl_Position.w;
    gl_Position.y = -gl_Position.y;
}


[DEBUG] [ShaderTranslator] shader 84 stage 0x8B31 translated via SPIR-V (708 chars, took 9.281771ms)
[DEBUG] [FluorateGL] glCompileShader(84)
[DEBUG] [FluorateGL] glCreateShader(0x8B30)
[DEBUG] [ShaderTranslator] SPIR-V translate start: stage=fragment (0x8B30)
[DEBUG] [ShaderTranslator] glslang SPIR-V compile done: stage=fragment, took 3.670261ms (260 words)
[DEBUG] [ShaderTranslator] SPIR-V translate success: stage=fragment, version=ES320, glslang=8.992396ms, spirv-cross=5.256666ms, total=8.99276ms
[DEBUG] [ShaderTranslator] translated GLSL ES:
#version 320 es
precision highp float;
precision highp int;

uniform highp sampler2D Sampler0;

in vec2 texCoord0;
in vec4 vertexColor;
out vec4 fragColor;
in vec2 texCoord1;
in vec2 texCoord2;

void main()
{
    vec4 color = texture(Sampler0, texCoord0);
    if (color.w < vertexColor.w)
    {
        discard;
    }
    fragColor = color;
}


[DEBUG] [ShaderTranslator] shader 85 stage 0x8B30 translated via SPIR-V (344 chars, took 9.080468ms)
[DEBUG] [FluorateGL] glCompileShader(85)
[DEBUG] [FluorateGL] glCreateProgram()
[DEBUG] [FluorateGL] glAttachShader(58, 84)
[DEBUG] [FluorateGL] glAttachShader(58, 85)
[DEBUG] [FluorateGL] glLinkProgram(58)
[DEBUG] [FluorateGL] glCreateProgram()
[DEBUG] [FluorateGL] glAttachShader(59, 71)
[DEBUG] [FluorateGL] glAttachShader(59, 72)
[DEBUG] [FluorateGL] glLinkProgram(59)
[DEBUG] [FluorateGL] glCreateProgram()
[DEBUG] [FluorateGL] glAttachShader(60, 49)
[DEBUG] [FluorateGL] glAttachShader(60, 50)
[DEBUG] [FluorateGL] glLinkProgram(60)
[DEBUG] [FluorateGL] glGenTextures(n=1)
[DEBUG] [FluorateGL] glCreateProgram()
[DEBUG] [FluorateGL] glAttachShader(61, 69)
[DEBUG] [FluorateGL] glAttachShader(61, 70)
[DEBUG] [FluorateGL] glLinkProgram(61)
[DEBUG] [FluorateGL] glCreateProgram()
[DEBUG] [FluorateGL] glAttachShader(62, 53)
[DEBUG] [FluorateGL] glAttachShader(62, 54)
[DEBUG] [FluorateGL] glLinkProgram(62)
[DEBUG] [FluorateGL] glCreateShader(0x8B31)
[DEBUG] [ShaderTranslator] SPIR-V translate start: stage=vertex (0x8B31)
[DEBUG] [ShaderTranslator] glslang SPIR-V compile done: stage=vertex, took 5.316875ms (1604 words)
[DEBUG] [ShaderTranslator] SPIR-V translate success: stage=vertex, version=ES320, glslang=11.60974ms, spirv-cross=6.233021ms, total=11.610156ms
[DEBUG] [ShaderTranslator] translated GLSL ES:
#version 320 es
precision highp float;
precision highp int;

layout(std140) uniform Projection
{
    mat4 ProjMat;
} _122;

layout(std140) uniform DynamicTransforms
{
    mat4 ModelViewMat;
    vec4 ColorModulator;
    vec3 ModelOffset;
    mat4 TextureMat;
} _128;

layout(std140) uniform Lighting
{
    vec3 Light0_Direction;
    vec3 Light1_Direction;
} _154;

layout(std140) uniform Fog
{
    vec4 FogColor;
    float FogEnvironmentalStart;
    float FogEnvironmentalEnd;
    float FogRenderDistanceStart;
    float FogRenderDistanceEnd;
    float FogSkyEnd;
    float FogCloudsEnd;
} _199;

uniform highp sampler2D Sampler2;

in vec3 Position;
out float sphericalVertexDistance;
out float cylindricalVertexDistance;
out vec4 vertexColor;
in vec3 Normal;
in vec4 Color;
in ivec2 UV2;
out vec2 texCoord0;
in vec2 UV0;
out vec2 texCoord1;
in vec2 UV1;
out vec2 texCoord2;

float fog_spherical_distance(vec3 pos)
{
    return length(pos);
}

float fog_cylindrical_distance(vec3 pos)
{
    float distXZ = length(pos.xz);
    float distY = abs(pos.y);
    return max(distXZ, distY);
}

vec2 minecraft_compute_light(vec3 lightDir0, vec3 lightDir1, vec3 normal)
{
    return vec2(dot(lightDir0, normal), dot(lightDir1, normal));
}

vec4 minecraft_mix_light_separate(vec2 light, vec4 color)
{
    vec2 lightValue = max(vec2(0.0), light);
    float lightAccum = min(1.0, ((lightValue.x + lightValue.y) * 0.60000002384185791015625) + 0.4000000059604644775390625);
    return vec4(color.xyz * lightAccum, color.w);
}

vec4 minecraft_mix_light(vec3 lightDir0, vec3 lightDir1, vec3 normal, vec4 color)
{
    vec3 param = lightDir0;
    vec3 param_1 = lightDir1;
    vec3 param_2 = normal;
    vec2 light = minecraft_compute_light(param, param_1, param_2);
    vec2 param_3 = light;
    vec4 param_4 = color;
    return minecraft_mix_light_separate(param_3, param_4);
}

void main()
{
    gl_Position = (_122.ProjMat * _128.ModelViewMat) * vec4(Position, 1.0);
    vec3 param = Position;
    sphericalVertexDistance = fog_spherical_distance(param);
    vec3 param_1 = Position;
    cylindricalVertexDistance = fog_cylindrical_distance(param_1);
    vec3 param_2 = _154.Light0_Direction;
    vec3 param_3 = _154.Light1_Direction;
    vec3 param_4 = Normal;
    vec4 param_5 = Color;
    vertexColor = minecraft_mix_light(param_2, param_3, param_4, param_5) * texelFetch(Sampler2, UV2 / ivec2(16), 0);
    texCoord0 = UV0;
    texCoord1 = UV1;
    texCoord2 = vec2(UV2);
    gl_Position.z = 2.0 * gl_Position.z - gl_Position.w;
    gl_Position.y = -gl_Position.y;
}


[DEBUG] [ShaderTranslator] shader 86 stage 0x8B31 translated via SPIR-V (2555 chars, took 11.658854ms)
[DEBUG] [FluorateGL] glCompileShader(86)
[DEBUG] [FluorateGL] glCreateShader(0x8B30)
[DEBUG] [ShaderTranslator] SPIR-V translate start: stage=fragment (0x8B30)
[DEBUG] [ShaderTranslator] glslang SPIR-V compile done: stage=fragment, took 5.537604ms (1374 words)
[DEBUG] [ShaderTranslator] SPIR-V translate success: stage=fragment, version=ES320, glslang=12.26375ms, spirv-cross=6.6875ms, total=12.264114ms
[DEBUG] [ShaderTranslator] translated GLSL ES:
#version 320 es
precision highp float;
precision highp int;

layout(std140) uniform DynamicTransforms
{
    mat4 ModelViewMat;
    vec4 ColorModulator;
    vec3 ModelOffset;
    mat4 TextureMat;
} _131;

layout(std140) uniform Fog
{
    vec4 FogColor;
    float FogEnvironmentalStart;
    float FogEnvironmentalEnd;
    float FogRenderDistanceStart;
    float FogRenderDistanceEnd;
    float FogSkyEnd;
    float FogCloudsEnd;
} _152;

uniform highp sampler2D Sampler0;

in vec2 texCoord0;
in vec4 vertexColor;
out vec4 fragColor;
in float sphericalVertexDistance;
in float cylindricalVertexDistance;
in vec2 texCoord1;

float linear_fog_value(float vertexDistance, float fogStart, float fogEnd)
{
    if (vertexDistance <= fogStart)
    {
        return 0.0;
    }
    else
    {
        if (vertexDistance >= fogEnd)
        {
            return 1.0;
        }
    }
    return (vertexDistance - fogStart) / (fogEnd - fogStart);
}

float total_fog_value(float sphericalVertexDistance_1, float cylindricalVertexDistance_1, float environmentalStart, float environmantalEnd, float renderDistanceStart, float renderDistanceEnd)
{
    float param = sphericalVertexDistance_1;
    float param_1 = environmentalStart;
    float param_2 = environmantalEnd;
    float param_3 = cylindricalVertexDistance_1;
    float param_4 = renderDistanceStart;
    float param_5 = renderDistanceEnd;
    return max(linear_fog_value(param, param_1, param_2), linear_fog_value(param_3, param_4, param_5));
}

vec4 apply_fog(vec4 inColor, float sphericalVertexDistance_1, float cylindricalVertexDistance_1, float environmentalStart, float environmantalEnd, float renderDistanceStart, float renderDistanceEnd, vec4 fogColor)
{
    float param = sphericalVertexDistance_1;
    float param_1 = cylindricalVertexDistance_1;
    float param_2 = environmentalStart;
    float param_3 = environmantalEnd;
    float param_4 = renderDistanceStart;
    float param_5 = renderDistanceEnd;
    float fogValue = total_fog_value(param, param_1, param_2, param_3, param_4, param_5);
    return vec4(mix(inColor.xyz, fogColor.xyz, vec3(fogValue * fogColor.w)), inColor.w);
}

void main()
{
    vec4 color = (texture(Sampler0, texCoord0) * vertexColor) * _131.ColorModulator;
    if (color.w < 0.100000001490116119384765625)
    {
        discard;
    }
    vec4 param = color;
    float param_1 = sphericalVertexDistance;
    float param_2 = cylindricalVertexDistance;
    float param_3 = _152.FogEnvironmentalStart;
    float param_4 = _152.FogEnvironmentalEnd;
    float param_5 = _152.FogRenderDistanceStart;
    float param_6 = _152.FogRenderDistanceEnd;
    vec4 param_7 = _152.FogColor;
    fragColor = apply_fog(param, param_1, param_2, param_3, param_4, param_5, param_6, param_7);
}


[DEBUG] [ShaderTranslator] shader 87 stage 0x8B30 translated via SPIR-V (2754 chars, took 12.31401ms)
[DEBUG] [FluorateGL] glCompileShader(87)
[DEBUG] [FluorateGL] glCreateProgram()
[DEBUG] [FluorateGL] glAttachShader(63, 86)
[DEBUG] [FluorateGL] glAttachShader(63, 87)
[DEBUG] [FluorateGL] glLinkProgram(63)
[DEBUG] [FluorateGL] glCreateProgram()
[DEBUG] [FluorateGL] glAttachShader(64, 13)
[DEBUG] [FluorateGL] glAttachShader(64, 14)
[DEBUG] [FluorateGL] glLinkProgram(64)
[DEBUG] [FluorateGL] glCreateProgram()
[DEBUG] [FluorateGL] glAttachShader(65, 9)
[DEBUG] [FluorateGL] glAttachShader(65, 10)
[DEBUG] [FluorateGL] glLinkProgram(65)
[DEBUG] [FluorateGL] glCreateShader(0x8B31)
[DEBUG] [ShaderTranslator] SPIR-V translate start: stage=vertex (0x8B31)
[DEBUG] [ShaderTranslator] glslang SPIR-V compile done: stage=vertex, took 5.277188ms (1613 words)
[DEBUG] [ShaderTranslator] SPIR-V translate success: stage=vertex, version=ES320, glslang=11.206198ms, spirv-cross=5.880937ms, total=11.206615ms
[DEBUG] [ShaderTranslator] translated GLSL ES:
#version 320 es
precision highp float;
precision highp int;

layout(std140) uniform Projection
{
    mat4 ProjMat;
} _122;

layout(std140) uniform DynamicTransforms
{
    mat4 ModelViewMat;
    vec4 ColorModulator;
    vec3 ModelOffset;
    mat4 TextureMat;
} _128;

layout(std140) uniform Lighting
{
    vec3 Light0_Direction;
    vec3 Light1_Direction;
} _154;

layout(std140) uniform Fog
{
    vec4 FogColor;
    float FogEnvironmentalStart;
    float FogEnvironmentalEnd;
    float FogRenderDistanceStart;
    float FogRenderDistanceEnd;
    float FogSkyEnd;
    float FogCloudsEnd;
} _200;

uniform highp sampler2D Sampler2;
uniform highp sampler2D Sampler1;

in vec3 Position;
out float sphericalVertexDistance;
out float cylindricalVertexDistance;
out vec4 vertexColor;
in vec3 Normal;
in vec4 Color;
in ivec2 UV2;
out vec4 overlayColor;
in ivec2 UV1;
out vec2 texCoord0;
in vec2 UV0;

float fog_spherical_distance(vec3 pos)
{
    return length(pos);
}

float fog_cylindrical_distance(vec3 pos)
{
    float distXZ = length(pos.xz);
    float distY = abs(pos.y);
    return max(distXZ, distY);
}

vec2 minecraft_compute_light(vec3 lightDir0, vec3 lightDir1, vec3 normal)
{
    return vec2(dot(lightDir0, normal), dot(lightDir1, normal));
}

vec4 minecraft_mix_light_separate(vec2 light, vec4 color)
{
    vec2 lightValue = max(vec2(0.0), light);
    float lightAccum = min(1.0, ((lightValue.x + lightValue.y) * 0.60000002384185791015625) + 0.4000000059604644775390625);
    return vec4(color.xyz * lightAccum, color.w);
}

vec4 minecraft_mix_light(vec3 lightDir0, vec3 lightDir1, vec3 normal, vec4 color)
{
    vec3 param = lightDir0;
    vec3 param_1 = lightDir1;
    vec3 param_2 = normal;
    vec2 light = minecraft_compute_light(param, param_1, param_2);
    vec2 param_3 = light;
    vec4 param_4 = color;
    return minecraft_mix_light_separate(param_3, param_4);
}

void main()
{
    gl_Position = (_122.ProjMat * _128.ModelViewMat) * vec4(Position, 1.0);
    vec3 param = Position;
    sphericalVertexDistance = fog_spherical_distance(param);
    vec3 param_1 = Position;
    cylindricalVertexDistance = fog_cylindrical_distance(param_1);
    vec3 param_2 = _154.Light0_Direction;
    vec3 param_3 = _154.Light1_Direction;
    vec3 param_4 = Normal;
    vec4 param_5 = Color;
    vertexColor = minecraft_mix_light(param_2, param_3, param_4, param_5) * texelFetch(Sampler2, UV2 / ivec2(16), 0);
    overlayColor = texelFetch(Sampler1, UV1, 0);
    texCoord0 = UV0;
    gl_Position.z = 2.0 * gl_Position.z - gl_Position.w;
    gl_Position.y = -gl_Position.y;
}


[DEBUG] [ShaderTranslator] shader 88 stage 0x8B31 translated via SPIR-V (2574 chars, took 11.261198ms)
[DEBUG] [FluorateGL] glCompileShader(88)
[DEBUG] [FluorateGL] glCreateShader(0x8B30)
[DEBUG] [ShaderTranslator] SPIR-V translate start: stage=fragment (0x8B30)
[DEBUG] [ShaderTranslator] glslang SPIR-V compile done: stage=fragment, took 4.523125ms (1480 words)
[DEBUG] [ShaderTranslator] SPIR-V translate success: stage=fragment, version=ES320, glslang=10.507291ms, spirv-cross=5.924323ms, total=10.507604ms
[DEBUG] [ShaderTranslator] translated GLSL ES:
#version 320 es
precision highp float;
precision highp int;

layout(std140) uniform DynamicTransforms
{
    mat4 ModelViewMat;
    vec4 ColorModulator;
    vec3 ModelOffset;
    mat4 TextureMat;
} _156;

layout(std140) uniform Fog
{
    vec4 FogColor;
    float FogEnvironmentalStart;
    float FogEnvironmentalEnd;
    float FogRenderDistanceStart;
    float FogRenderDistanceEnd;
    float FogSkyEnd;
    float FogCloudsEnd;
} _171;

uniform highp sampler2D Sampler0;

in vec2 texCoord0;
in vec4 overlayColor;
in vec4 vertexColor;
out vec4 fragColor;
in float sphericalVertexDistance;
in float cylindricalVertexDistance;

float linear_fog_value(float vertexDistance, float fogStart, float fogEnd)
{
    if (vertexDistance <= fogStart)
    {
        return 0.0;
    }
    else
    {
        if (vertexDistance >= fogEnd)
        {
            return 1.0;
        }
    }
    return (vertexDistance - fogStart) / (fogEnd - fogStart);
}

float total_fog_value(float sphericalVertexDistance_1, float cylindricalVertexDistance_1, float environmentalStart, float environmantalEnd, float renderDistanceStart, float renderDistanceEnd)
{
    float param = sphericalVertexDistance_1;
    float param_1 = environmentalStart;
    float param_2 = environmantalEnd;
    float param_3 = cylindricalVertexDistance_1;
    float param_4 = renderDistanceStart;
    float param_5 = renderDistanceEnd;
    return max(linear_fog_value(param, param_1, param_2), linear_fog_value(param_3, param_4, param_5));
}

vec4 apply_fog(vec4 inColor, float sphericalVertexDistance_1, float cylindricalVertexDistance_1, float environmentalStart, float environmantalEnd, float renderDistanceStart, float renderDistanceEnd, vec4 fogColor)
{
    float param = sphericalVertexDistance_1;
    float param_1 = cylindricalVertexDistance_1;
    float param_2 = environmentalStart;
    float param_3 = environmantalEnd;
    float param_4 = renderDistanceStart;
    float param_5 = renderDistanceEnd;
    float fogValue = total_fog_value(param, param_1, param_2, param_3, param_4, param_5);
    return vec4(mix(inColor.xyz, fogColor.xyz, vec3(fogValue * fogColor.w)), inColor.w);
}

void main()
{
    vec4 color = texture(Sampler0, texCoord0);
    if (color.w < 0.100000001490116119384765625)
    {
        discard;
    }
    vec4 _135 = color;
    vec3 _141 = mix(overlayColor.xyz, _135.xyz, vec3(overlayColor.w));
    color.x = _141.x;
    color.y = _141.y;
    color.z = _141.z;
    color *= (vertexColor * _156.ColorModulator);
    vec4 param = color;
    float param_1 = sphericalVertexDistance;
    float param_2 = cylindricalVertexDistance;
    float param_3 = _171.FogEnvironmentalStart;
    float param_4 = _171.FogEnvironmentalEnd;
    float param_5 = _171.FogRenderDistanceStart;
    float param_6 = _171.FogRenderDistanceEnd;
    vec4 param_7 = _171.FogColor;
    fragColor = apply_fog(param, param_1, param_2, param_3, param_4, param_5, param_6, param_7);
}


[DEBUG] [ShaderTranslator] shader 89 stage 0x8B30 translated via SPIR-V (2929 chars, took 10.567083ms)
[DEBUG] [FluorateGL] glCompileShader(89)
[DEBUG] [FluorateGL] glCreateProgram()
[DEBUG] [FluorateGL] glAttachShader(66, 88)
[DEBUG] [FluorateGL] glAttachShader(66, 89)
[DEBUG] [FluorateGL] glLinkProgram(66)
[DEBUG] [FluorateGL] glCreateShader(0x8B31)
[DEBUG] [ShaderTranslator] SPIR-V translate start: stage=vertex (0x8B31)
[DEBUG] [ShaderTranslator] glslang SPIR-V compile done: stage=vertex, took 3.881979ms (451 words)
[DEBUG] [ShaderTranslator] SPIR-V translate success: stage=vertex, version=ES320, glslang=9.306406ms, spirv-cross=5.374792ms, total=9.306719ms
[DEBUG] [ShaderTranslator] translated GLSL ES:
#version 320 es
precision highp float;
precision highp int;

layout(std140) uniform Projection
{
    mat4 ProjMat;
} _19;

layout(std140) uniform DynamicTransforms
{
    mat4 ModelViewMat;
    vec4 ColorModulator;
    vec3 ModelOffset;
    mat4 TextureMat;
} _26;

in vec3 Position;
out vec3 texCoord0;

void main()
{
    gl_Position = (_19.ProjMat * _26.ModelViewMat) * vec4(Position, 1.0);
    texCoord0 = Position;
    gl_Position.z = 2.0 * gl_Position.z - gl_Position.w;
    gl_Position.y = -gl_Position.y;
}


[DEBUG] [ShaderTranslator] shader 90 stage 0x8B31 translated via SPIR-V (514 chars, took 9.351302ms)
[DEBUG] [FluorateGL] glCompileShader(90)
[DEBUG] [FluorateGL] glCreateShader(0x8B30)
[DEBUG] [ShaderTranslator] SPIR-V translate start: stage=fragment (0x8B30)
[DEBUG] [ShaderTranslator] glslang SPIR-V compile done: stage=fragment, took 3.635157ms (142 words)
[DEBUG] [ShaderTranslator] SPIR-V translate success: stage=fragment, version=ES320, glslang=8.846823ms, spirv-cross=5.185938ms, total=8.847188ms
[DEBUG] [ShaderTranslator] translated GLSL ES:
#version 320 es
precision highp float;
precision highp int;

uniform highp samplerCube Sampler0;

out vec4 fragColor;
in vec3 texCoord0;

void main()
{
    fragColor = texture(Sampler0, texCoord0);
}


[DEBUG] [ShaderTranslator] shader 91 stage 0x8B30 translated via SPIR-V (201 chars, took 8.898125ms)
[DEBUG] [FluorateGL] glCompileShader(91)
[DEBUG] [FluorateGL] glCreateProgram()
[DEBUG] [FluorateGL] glAttachShader(67, 90)
[DEBUG] [FluorateGL] glAttachShader(67, 91)
[DEBUG] [FluorateGL] glLinkProgram(67)
[DEBUG] [FluorateGL] glCreateProgram()
[DEBUG] [FluorateGL] glAttachShader(68, 31)
[DEBUG] [FluorateGL] glAttachShader(68, 32)
[DEBUG] [FluorateGL] glLinkProgram(68)
[DEBUG] [FluorateGL] glCreateProgram()
[DEBUG] [FluorateGL] glAttachShader(69, 31)
[DEBUG] [FluorateGL] glAttachShader(69, 32)
[DEBUG] [FluorateGL] glLinkProgram(69)
[DEBUG] [FluorateGL] glCreateProgram()
[DEBUG] [FluorateGL] glAttachShader(70, 35)
[DEBUG] [FluorateGL] glAttachShader(70, 36)
[DEBUG] [FluorateGL] glLinkProgram(70)
[DEBUG] [FluorateGL] glCreateShader(0x8B31)
[DEBUG] [ShaderTranslator] SPIR-V translate start: stage=vertex (0x8B31)
[DEBUG] [ShaderTranslator] glslang SPIR-V compile done: stage=vertex, took 4.970625ms (1256 words)
[DEBUG] [ShaderTranslator] SPIR-V translate success: stage=vertex, version=ES320, glslang=10.514115ms, spirv-cross=5.483594ms, total=10.514375ms
[DEBUG] [ShaderTranslator] translated GLSL ES:
#version 320 es
precision highp float;
precision highp int;

layout(std140) uniform ChunkSection
{
    mat4 ModelViewMat;
    float ChunkVisibility;
    ivec2 TextureSize;
    ivec3 ChunkPosition;
} _74;

layout(std140) uniform Globals
{
    ivec3 CameraBlockPos;
    vec3 CameraOffset;
    vec2 ScreenSize;
    float GlintAlpha;
    float GameTime;
    int MenuBlurRadius;
    int UseRgss;
} _81;

layout(std140) uniform Projection
{
    mat4 ProjMat;
} _99;

layout(std140) uniform Fog
{
    vec4 FogColor;
    float FogEnvironmentalStart;
    float FogEnvironmentalEnd;
    float FogRenderDistanceStart;
    float FogRenderDistanceEnd;
    float FogSkyEnd;
    float FogCloudsEnd;
} _142;

uniform highp sampler2D Sampler2;

in vec3 Position;
out float sphericalVertexDistance;
out float cylindricalVertexDistance;
out vec4 vertexColor;
in vec4 Color;
in ivec2 UV2;
out vec2 texCoord0;
in vec2 UV0;
in vec3 Normal;

float fog_spherical_distance(vec3 pos)
{
    return length(pos);
}

float fog_cylindrical_distance(vec3 pos)
{
    float distXZ = length(pos.xz);
    float distY = abs(pos.y);
    return max(distXZ, distY);
}

vec4 minecraft_sample_lightmap(highp sampler2D lightMap, ivec2 uv)
{
    return textureLod(lightMap, clamp((vec2(uv) / vec2(256.0)) + vec2(0.03125), vec2(0.03125), vec2(0.96875)), 0.0);
}

void main()
{
    vec3 pos = (Position + vec3(_74.ChunkPosition - _81.CameraBlockPos)) + _81.CameraOffset;
    gl_Position = (_99.ProjMat * _74.ModelViewMat) * vec4(pos, 1.0);
    vec3 param = pos;
    sphericalVertexDistance = fog_spherical_distance(param);
    vec3 param_1 = pos;
    cylindricalVertexDistance = fog_cylindrical_distance(param_1);
    ivec2 param_2 = UV2;
    vertexColor = Color * minecraft_sample_lightmap(Sampler2, param_2);
    texCoord0 = UV0;
    gl_Position.z = 2.0 * gl_Position.z - gl_Position.w;
    gl_Position.y = -gl_Position.y;
}


[DEBUG] [ShaderTranslator] shader 92 stage 0x8B31 translated via SPIR-V (1882 chars, took 10.563698ms)
[DEBUG] [FluorateGL] glCompileShader(92)
[DEBUG] [FluorateGL] glCreateShader(0x8B30)
[DEBUG] [ShaderTranslator] SPIR-V translate start: stage=fragment (0x8B30)
[DEBUG] [ShaderTranslator] glslang SPIR-V compile done: stage=fragment, took 6.077188ms (3163 words)
[DEBUG] [ShaderTranslator] SPIR-V translate success: stage=fragment, version=ES320, glslang=13.220885ms, spirv-cross=7.1025ms, total=13.221198ms
[DEBUG] [ShaderTranslator] translated GLSL ES:
#version 320 es
precision highp float;
precision highp int;

const vec2 _307[4] = vec2[](vec2(0.125, 0.375), vec2(-0.125, -0.375), vec2(0.375, -0.125), vec2(-0.375, 0.125));

layout(std140) uniform Globals
{
    ivec3 CameraBlockPos;
    vec3 CameraOffset;
    vec2 ScreenSize;
    float GlintAlpha;
    float GameTime;
    int MenuBlurRadius;
    int UseRgss;
} _365;

layout(std140) uniform ChunkSection
{
    mat4 ModelViewMat;
    float ChunkVisibility;
    ivec2 TextureSize;
    ivec3 ChunkPosition;
} _381;

layout(std140) uniform Fog
{
    vec4 FogColor;
    float FogEnvironmentalStart;
    float FogEnvironmentalEnd;
    float FogRenderDistanceStart;
    float FogRenderDistanceEnd;
    float FogSkyEnd;
    float FogCloudsEnd;
} _410;

uniform highp sampler2D Sampler0;

in vec2 texCoord0;
in vec4 vertexColor;
out vec4 fragColor;
in float sphericalVertexDistance;
in float cylindricalVertexDistance;

vec4 sampleNearest(highp sampler2D sampler, inout vec2 uv, vec2 pixelSize, vec2 du, vec2 dv, vec2 texelScreenSize)
{
    vec2 uvTexelCoords = uv / pixelSize;
    vec2 texelCenter = round(uvTexelCoords) - vec2(0.5);
    vec2 texelOffset = uvTexelCoords - texelCenter;
    texelOffset = (((texelOffset - vec2(0.5)) * pixelSize) / texelScreenSize) + vec2(0.5);
    texelOffset = clamp(texelOffset, vec2(0.0), vec2(1.0));
    uv = (texelCenter + texelOffset) * pixelSize;
    return textureGrad(sampler, uv, du, dv);
}

vec4 sampleRGSS(highp sampler2D source, vec2 uv, vec2 pixelSize)
{
    vec2 du = dFdx(uv);
    vec2 dv = dFdy(uv);
    vec2 texelScreenSize = sqrt((du * du) + (dv * dv));
    float maxTexelSize = max(texelScreenSize.x, texelScreenSize.y);
    float minPixelSize = min(pixelSize.x, pixelSize.y);
    float transitionStart = minPixelSize * 1.0;
    float transitionEnd = minPixelSize * 2.0;
    float blendFactor = smoothstep(transitionStart, transitionEnd, maxTexelSize);
    float duLength = length(du);
    float dvLength = length(dv);
    float minDerivative = min(duLength, dvLength);
    float maxDerivative = max(duLength, dvLength);
    float effectiveDerivative = sqrt(minDerivative * maxDerivative);
    float mipLevelExact = max(0.0, log2(effectiveDerivative / minPixelSize));
    float mipLevelLow = floor(mipLevelExact);
    float mipLevelHigh = mipLevelLow + 1.0;
    float mipBlend = fract(mipLevelExact);
    vec4 rgssColorLow = vec4(0.0);
    vec4 rgssColorHigh = vec4(0.0);
    for (int i = 0; i < 4; i++)
    {
        vec2 sampleUV = uv + (_307[i] * pixelSize);
        rgssColorLow += textureLod(source, sampleUV, mipLevelLow);
        rgssColorHigh += textureLod(source, sampleUV, mipLevelHigh);
    }
    rgssColorLow *= 0.25;
    rgssColorHigh *= 0.25;
    vec4 rgssColor = mix(rgssColorLow, rgssColorHigh, vec4(mipBlend));
    vec2 param = uv;
    vec2 param_1 = pixelSize;
    vec2 param_2 = du;
    vec2 param_3 = dv;
    vec2 param_4 = texelScreenSize;
    vec4 _353 = sampleNearest(source, param, param_1, param_2, param_3, param_4);
    vec4 nearestColor = _353;
    return mix(nearestColor, rgssColor, vec4(blendFactor));
}

vec4 sampleNearest(highp sampler2D source, vec2 uv, vec2 pixelSize)
{
    vec2 du = dFdx(uv);
    vec2 dv = dFdy(uv);
    vec2 texelScreenSize = sqrt((du * du) + (dv * dv));
    vec2 param = uv;
    vec2 param_1 = pixelSize;
    vec2 param_2 = du;
    vec2 param_3 = dv;
    vec2 param_4 = texelScreenSize;
    vec4 _202 = sampleNearest(source, param, param_1, param_2, param_3, param_4);
    return _202;
}

float linear_fog_value(float vertexDistance, float fogStart, float fogEnd)
{
    if (vertexDistance <= fogStart)
    {
        return 0.0;
    }
    else
    {
        if (vertexDistance >= fogEnd)
        {
            return 1.0;
        }
    }
    return (vertexDistance - fogStart) / (fogEnd - fogStart);
}

float total_fog_value(float sphericalVertexDistance_1, float cylindricalVertexDistance_1, float environmentalStart, float environmantalEnd, float renderDistanceStart, float renderDistanceEnd)
{
    float param = sphericalVertexDistance_1;
    float param_1 = environmentalStart;
    float param_2 = environmantalEnd;
    float param_3 = cylindricalVertexDistance_1;
    float param_4 = renderDistanceStart;
    float param_5 = renderDistanceEnd;
    return max(linear_fog_value(param, param_1, param_2), linear_fog_value(param_3, param_4, param_5));
}

vec4 apply_fog(vec4 inColor, float sphericalVertexDistance_1, float cylindricalVertexDistance_1, float environmentalStart, float environmantalEnd, float renderDistanceStart, float renderDistanceEnd, vec4 fogColor)
{
    float param = sphericalVertexDistance_1;
    float param_1 = cylindricalVertexDistance_1;
    float param_2 = environmentalStart;
    float param_3 = environmantalEnd;
    float param_4 = renderDistanceStart;
    float param_5 = renderDistanceEnd;
    float fogValue = total_fog_value(param, param_1, param_2, param_3, param_4, param_5);
    return vec4(mix(inColor.xyz, fogColor.xyz, vec3(fogValue * fogColor.w)), inColor.w);
}

void main()
{
    vec4 _371;
    if (_365.UseRgss == 1)
    {
        vec2 param = texCoord0;
        vec2 param_1 = vec2(1.0) / vec2(_381.TextureSize);
        _371 = sampleRGSS(Sampler0, param, param_1);
    }
    else
    {
        vec2 param_2 = texCoord0;
        vec2 param_3 = vec2(1.0) / vec2(_381.TextureSize);
        _371 = sampleNearest(Sampler0, param_2, param_3);
    }
    vec4 color = _371 * vertexColor;
    color = mix(_410.FogColor * vec4(1.0, 1.0, 1.0, color.w), color, vec4(_381.ChunkVisibility));
    if (color.w < 0.00999999977648258209228515625)
    {
        discard;
    }
    vec4 param_4 = color;
    float param_5 = sphericalVertexDistance;
    float param_6 = cylindricalVertexDistance;
    float param_7 = _410.FogEnvironmentalStart;
    float param_8 = _410.FogEnvironmentalEnd;
    float param_9 = _410.FogRenderDistanceStart;
    float param_10 = _410.FogRenderDistanceEnd;
    vec4 param_11 = _410.FogColor;
    fragColor = apply_fog(param_4, param_5, param_6, param_7, param_8, param_9, param_10, param_11);
}


[DEBUG] [ShaderTranslator] shader 93 stage 0x8B30 translated via SPIR-V (6055 chars, took 13.266355ms)
[DEBUG] [FluorateGL] glCompileShader(93)
[DEBUG] [FluorateGL] glCreateProgram()
[DEBUG] [FluorateGL] glAttachShader(71, 92)
[DEBUG] [FluorateGL] glAttachShader(71, 93)
[DEBUG] [FluorateGL] glLinkProgram(71)
[DEBUG] [FluorateGL] glCreateProgram()
[DEBUG] [FluorateGL] glAttachShader(72, 35)
[DEBUG] [FluorateGL] glAttachShader(72, 36)
[DEBUG] [FluorateGL] glLinkProgram(72)
[DEBUG] [FluorateGL] glCreateShader(0x8B30)
[DEBUG] [ShaderTranslator] SPIR-V translate start: stage=fragment (0x8B30)
[DEBUG] [ShaderTranslator] glslang SPIR-V compile done: stage=fragment, took 5.278177ms (1368 words)
[DEBUG] [ShaderTranslator] SPIR-V translate success: stage=fragment, version=ES320, glslang=12.340105ms, spirv-cross=7.037656ms, total=12.340365ms
[DEBUG] [ShaderTranslator] translated GLSL ES:
#version 320 es
precision highp float;
precision highp int;

layout(std140) uniform LightmapInfo
{
    float AmbientLightFactor;
    float SkyFactor;
    float BlockFactor;
    float NightVisionFactor;
    float DarknessScale;
    float DarkenWorldFactor;
    float BrightnessFactor;
    vec3 SkyLightColor;
    vec3 AmbientColor;
} lightmapInfo;

in vec2 texCoord;
out vec4 fragColor;

float get_brightness(float level)
{
    return level / (4.0 - (3.0 * level));
}

vec3 notGamma(vec3 color)
{
    float maxComponent = max(max(color.x, color.y), color.z);
    float maxInverted = 1.0 - maxComponent;
    float maxScaled = 1.0 - (((maxInverted * maxInverted) * maxInverted) * maxInverted);
    return color * (maxScaled / maxComponent);
}

void main()
{
    float param = floor(texCoord.x * 16.0) / 15.0;
    float block_brightness = get_brightness(param) * lightmapInfo.BlockFactor;
    float param_1 = floor(texCoord.y * 16.0) / 15.0;
    float sky_brightness = get_brightness(param_1) * lightmapInfo.SkyFactor;
    vec3 color = vec3(block_brightness, block_brightness * ((((block_brightness * 0.60000002384185791015625) + 0.4000000059604644775390625) * 0.60000002384185791015625) + 0.4000000059604644775390625), block_brightness * (((block_brightness * block_brightness) * 0.60000002384185791015625) + 0.4000000059604644775390625));
    color = mix(color, lightmapInfo.AmbientColor, vec3(lightmapInfo.AmbientLightFactor));
    color += (lightmapInfo.SkyLightColor * sky_brightness);
    color = mix(color, vec3(0.75), vec3(0.039999999105930328369140625));
    if (lightmapInfo.AmbientLightFactor == 0.0)
    {
        vec3 darkened_color = color * vec3(0.699999988079071044921875, 0.60000002384185791015625, 0.60000002384185791015625);
        color = mix(color, darkened_color, vec3(lightmapInfo.DarkenWorldFactor));
    }
    if (lightmapInfo.NightVisionFactor > 0.0)
    {
        float max_component = max(color.x, max(color.y, color.z));
        if (max_component < 1.0)
        {
            vec3 bright_color = color / vec3(max_component);
            color = mix(color, bright_color, vec3(lightmapInfo.NightVisionFactor));
        }
    }
    if (lightmapInfo.AmbientLightFactor == 0.0)
    {
        color -= vec3(lightmapInfo.DarknessScale);
    }
    color = clamp(color, vec3(0.0), vec3(1.0));
    vec3 param_2 = color;
    vec3 notGamma_1 = notGamma(param_2);
    color = mix(color, notGamma_1, vec3(lightmapInfo.BrightnessFactor));
    color = mix(color, vec3(0.75), vec3(0.039999999105930328369140625));
    fragColor = vec4(color, 1.0);
}


[DEBUG] [ShaderTranslator] shader 94 stage 0x8B30 translated via SPIR-V (2560 chars, took 12.398698ms)
[DEBUG] [FluorateGL] glCompileShader(94)
[DEBUG] [FluorateGL] glCreateProgram()
[DEBUG] [FluorateGL] glAttachShader(73, 37)
[DEBUG] [FluorateGL] glAttachShader(73, 94)
[DEBUG] [FluorateGL] glLinkProgram(73)
[DEBUG] [FluorateGL] glCreateProgram()
[DEBUG] [FluorateGL] glAttachShader(74, 33)
[DEBUG] [FluorateGL] glAttachShader(74, 34)
[DEBUG] [FluorateGL] glLinkProgram(74)
[DEBUG] [FluorateGL] glCreateShader(0x8B31)
[DEBUG] [ShaderTranslator] SPIR-V translate start: stage=vertex (0x8B31)
[DEBUG] [ShaderTranslator] glslang SPIR-V compile done: stage=vertex, took 4.659219ms (426 words)
[DEBUG] [ShaderTranslator] SPIR-V translate success: stage=vertex, version=ES320, glslang=10.526511ms, spirv-cross=5.837448ms, total=10.526875ms
[DEBUG] [ShaderTranslator] translated GLSL ES:
#version 320 es
precision highp float;
precision highp int;

layout(std140) uniform Projection
{
    mat4 ProjMat;
} _19;

layout(std140) uniform DynamicTransforms
{
    mat4 ModelViewMat;
    vec4 ColorModulator;
    vec3 ModelOffset;
    mat4 TextureMat;
} _26;

in vec3 Position;

void main()
{
    gl_Position = (_19.ProjMat * _26.ModelViewMat) * vec4(Position, 1.0);
    gl_Position.z = 2.0 * gl_Position.z - gl_Position.w;
    gl_Position.y = -gl_Position.y;
}


[DEBUG] [ShaderTranslator] shader 95 stage 0x8B31 translated via SPIR-V (468 chars, took 10.601771ms)
[DEBUG] [FluorateGL] glCompileShader(95)
[DEBUG] [FluorateGL] glCreateShader(0x8B30)
[DEBUG] [ShaderTranslator] SPIR-V translate start: stage=fragment (0x8B30)
[DEBUG] [ShaderTranslator] glslang SPIR-V compile done: stage=fragment, took 3.98474ms (202 words)
[DEBUG] [ShaderTranslator] SPIR-V translate success: stage=fragment, version=ES320, glslang=9.168073ms, spirv-cross=5.165208ms, total=9.168333ms
[DEBUG] [ShaderTranslator] translated GLSL ES:
#version 320 es
precision highp float;
precision highp int;

layout(std140) uniform DynamicTransforms
{
    mat4 ModelViewMat;
    vec4 ColorModulator;
    vec3 ModelOffset;
    mat4 TextureMat;
} _14;

out vec4 fragColor;

void main()
{
    fragColor = _14.ColorModulator;
}


[DEBUG] [ShaderTranslator] shader 96 stage 0x8B30 translated via SPIR-V (277 chars, took 9.235052ms)
[DEBUG] [FluorateGL] glCompileShader(96)
[DEBUG] [FluorateGL] glCreateProgram()
[DEBUG] [FluorateGL] glAttachShader(75, 95)
[DEBUG] [FluorateGL] glAttachShader(75, 96)
[DEBUG] [FluorateGL] glLinkProgram(75)
[DEBUG] [FluorateGL] glCreateShader(0x8B31)
[DEBUG] [ShaderTranslator] SPIR-V translate start: stage=vertex (0x8B31)
[DEBUG] [ShaderTranslator] glslang SPIR-V compile done: stage=vertex, took 4.337865ms (625 words)
[DEBUG] [ShaderTranslator] SPIR-V translate success: stage=vertex, version=ES320, glslang=11.759636ms, spirv-cross=7.380677ms, total=11.759948ms
[DEBUG] [ShaderTranslator] translated GLSL ES:
#version 320 es
precision highp float;
precision highp int;

layout(std140) uniform Projection
{
    mat4 ProjMat;
} _19;

layout(std140) uniform DynamicTransforms
{
    mat4 ModelViewMat;
    vec4 ColorModulator;
    vec3 ModelOffset;
    mat4 TextureMat;
} _26;

layout(std140) uniform Globals
{
    ivec3 CameraBlockPos;
    vec3 CameraOffset;
    vec2 ScreenSize;
    float GlintAlpha;
    float GameTime;
    int MenuBlurRadius;
    int UseRgss;
} _55;

in vec3 Position;
out vec4 vertexColor;
in vec4 Color;
in float LineWidth;

void main()
{
    gl_Position = (_19.ProjMat * _26.ModelViewMat) * vec4(Position, 1.0);
    vertexColor = Color;
    gl_PointSize = LineWidth;
    gl_Position.z = 2.0 * gl_Position.z - gl_Position.w;
    gl_Position.y = -gl_Position.y;
}


[DEBUG] [ShaderTranslator] shader 97 stage 0x8B31 translated via SPIR-V (774 chars, took 11.802812ms)
[DEBUG] [FluorateGL] glCompileShader(97)
[DEBUG] [FluorateGL] glCreateProgram()
[DEBUG] [FluorateGL] glAttachShader(76, 97)
[DEBUG] [FluorateGL] glAttachShader(76, 16)
[DEBUG] [FluorateGL] glLinkProgram(76)
[DEBUG] [FluorateGL] glCreateShader(0x8B31)
[DEBUG] [ShaderTranslator] SPIR-V translate start: stage=vertex (0x8B31)
[DEBUG] [ShaderTranslator] glslang SPIR-V compile done: stage=vertex, took 5.99974ms (1256 words)
[DEBUG] [ShaderTranslator] SPIR-V translate success: stage=vertex, version=ES320, glslang=11.791719ms, spirv-cross=5.750312ms, total=11.792187ms
[DEBUG] [ShaderTranslator] translated GLSL ES:
#version 320 es
precision highp float;
precision highp int;

layout(std140) uniform ChunkSection
{
    mat4 ModelViewMat;
    float ChunkVisibility;
    ivec2 TextureSize;
    ivec3 ChunkPosition;
} _74;

layout(std140) uniform Globals
{
    ivec3 CameraBlockPos;
    vec3 CameraOffset;
    vec2 ScreenSize;
    float GlintAlpha;
    float GameTime;
    int MenuBlurRadius;
    int UseRgss;
} _81;

layout(std140) uniform Projection
{
    mat4 ProjMat;
} _99;

layout(std140) uniform Fog
{
    vec4 FogColor;
    float FogEnvironmentalStart;
    float FogEnvironmentalEnd;
    float FogRenderDistanceStart;
    float FogRenderDistanceEnd;
    float FogSkyEnd;
    float FogCloudsEnd;
} _142;

uniform highp sampler2D Sampler2;

in vec3 Position;
out float sphericalVertexDistance;
out float cylindricalVertexDistance;
out vec4 vertexColor;
in vec4 Color;
in ivec2 UV2;
out vec2 texCoord0;
in vec2 UV0;
in vec3 Normal;

float fog_spherical_distance(vec3 pos)
{
    return length(pos);
}

float fog_cylindrical_distance(vec3 pos)
{
    float distXZ = length(pos.xz);
    float distY = abs(pos.y);
    return max(distXZ, distY);
}

vec4 minecraft_sample_lightmap(highp sampler2D lightMap, ivec2 uv)
{
    return textureLod(lightMap, clamp((vec2(uv) / vec2(256.0)) + vec2(0.03125), vec2(0.03125), vec2(0.96875)), 0.0);
}

void main()
{
    vec3 pos = (Position + vec3(_74.ChunkPosition - _81.CameraBlockPos)) + _81.CameraOffset;
    gl_Position = (_99.ProjMat * _74.ModelViewMat) * vec4(pos, 1.0);
    vec3 param = pos;
    sphericalVertexDistance = fog_spherical_distance(param);
    vec3 param_1 = pos;
    cylindricalVertexDistance = fog_cylindrical_distance(param_1);
    ivec2 param_2 = UV2;
    vertexColor = Color * minecraft_sample_lightmap(Sampler2, param_2);
    texCoord0 = UV0;
    gl_Position.z = 2.0 * gl_Position.z - gl_Position.w;
    gl_Position.y = -gl_Position.y;
}


[DEBUG] [ShaderTranslator] shader 98 stage 0x8B31 translated via SPIR-V (1882 chars, took 11.846771ms)
[DEBUG] [FluorateGL] glCompileShader(98)
[DEBUG] [FluorateGL] glCreateShader(0x8B30)
[DEBUG] [ShaderTranslator] SPIR-V translate start: stage=fragment (0x8B30)
[DEBUG] [ShaderTranslator] glslang SPIR-V compile done: stage=fragment, took 6.342812ms (3163 words)
[DEBUG] [ShaderTranslator] SPIR-V translate success: stage=fragment, version=ES320, glslang=14.348906ms, spirv-cross=7.965156ms, total=14.34927ms
[DEBUG] [ShaderTranslator] translated GLSL ES:
#version 320 es
precision highp float;
precision highp int;

const vec2 _307[4] = vec2[](vec2(0.125, 0.375), vec2(-0.125, -0.375), vec2(0.375, -0.125), vec2(-0.375, 0.125));

layout(std140) uniform Globals
{
    ivec3 CameraBlockPos;
    vec3 CameraOffset;
    vec2 ScreenSize;
    float GlintAlpha;
    float GameTime;
    int MenuBlurRadius;
    int UseRgss;
} _365;

layout(std140) uniform ChunkSection
{
    mat4 ModelViewMat;
    float ChunkVisibility;
    ivec2 TextureSize;
    ivec3 ChunkPosition;
} _381;

layout(std140) uniform Fog
{
    vec4 FogColor;
    float FogEnvironmentalStart;
    float FogEnvironmentalEnd;
    float FogRenderDistanceStart;
    float FogRenderDistanceEnd;
    float FogSkyEnd;
    float FogCloudsEnd;
} _410;

uniform highp sampler2D Sampler0;

in vec2 texCoord0;
in vec4 vertexColor;
out vec4 fragColor;
in float sphericalVertexDistance;
in float cylindricalVertexDistance;

vec4 sampleNearest(highp sampler2D sampler, inout vec2 uv, vec2 pixelSize, vec2 du, vec2 dv, vec2 texelScreenSize)
{
    vec2 uvTexelCoords = uv / pixelSize;
    vec2 texelCenter = round(uvTexelCoords) - vec2(0.5);
    vec2 texelOffset = uvTexelCoords - texelCenter;
    texelOffset = (((texelOffset - vec2(0.5)) * pixelSize) / texelScreenSize) + vec2(0.5);
    texelOffset = clamp(texelOffset, vec2(0.0), vec2(1.0));
    uv = (texelCenter + texelOffset) * pixelSize;
    return textureGrad(sampler, uv, du, dv);
}

vec4 sampleRGSS(highp sampler2D source, vec2 uv, vec2 pixelSize)
{
    vec2 du = dFdx(uv);
    vec2 dv = dFdy(uv);
    vec2 texelScreenSize = sqrt((du * du) + (dv * dv));
    float maxTexelSize = max(texelScreenSize.x, texelScreenSize.y);
    float minPixelSize = min(pixelSize.x, pixelSize.y);
    float transitionStart = minPixelSize * 1.0;
    float transitionEnd = minPixelSize * 2.0;
    float blendFactor = smoothstep(transitionStart, transitionEnd, maxTexelSize);
    float duLength = length(du);
    float dvLength = length(dv);
    float minDerivative = min(duLength, dvLength);
    float maxDerivative = max(duLength, dvLength);
    float effectiveDerivative = sqrt(minDerivative * maxDerivative);
    float mipLevelExact = max(0.0, log2(effectiveDerivative / minPixelSize));
    float mipLevelLow = floor(mipLevelExact);
    float mipLevelHigh = mipLevelLow + 1.0;
    float mipBlend = fract(mipLevelExact);
    vec4 rgssColorLow = vec4(0.0);
    vec4 rgssColorHigh = vec4(0.0);
    for (int i = 0; i < 4; i++)
    {
        vec2 sampleUV = uv + (_307[i] * pixelSize);
        rgssColorLow += textureLod(source, sampleUV, mipLevelLow);
        rgssColorHigh += textureLod(source, sampleUV, mipLevelHigh);
    }
    rgssColorLow *= 0.25;
    rgssColorHigh *= 0.25;
    vec4 rgssColor = mix(rgssColorLow, rgssColorHigh, vec4(mipBlend));
    vec2 param = uv;
    vec2 param_1 = pixelSize;
    vec2 param_2 = du;
    vec2 param_3 = dv;
    vec2 param_4 = texelScreenSize;
    vec4 _353 = sampleNearest(source, param, param_1, param_2, param_3, param_4);
    vec4 nearestColor = _353;
    return mix(nearestColor, rgssColor, vec4(blendFactor));
}

vec4 sampleNearest(highp sampler2D source, vec2 uv, vec2 pixelSize)
{
    vec2 du = dFdx(uv);
    vec2 dv = dFdy(uv);
    vec2 texelScreenSize = sqrt((du * du) + (dv * dv));
    vec2 param = uv;
    vec2 param_1 = pixelSize;
    vec2 param_2 = du;
    vec2 param_3 = dv;
    vec2 param_4 = texelScreenSize;
    vec4 _202 = sampleNearest(source, param, param_1, param_2, param_3, param_4);
    return _202;
}

float linear_fog_value(float vertexDistance, float fogStart, float fogEnd)
{
    if (vertexDistance <= fogStart)
    {
        return 0.0;
    }
    else
    {
        if (vertexDistance >= fogEnd)
        {
            return 1.0;
        }
    }
    return (vertexDistance - fogStart) / (fogEnd - fogStart);
}

float total_fog_value(float sphericalVertexDistance_1, float cylindricalVertexDistance_1, float environmentalStart, float environmantalEnd, float renderDistanceStart, float renderDistanceEnd)
{
    float param = sphericalVertexDistance_1;
    float param_1 = environmentalStart;
    float param_2 = environmantalEnd;
    float param_3 = cylindricalVertexDistance_1;
    float param_4 = renderDistanceStart;
    float param_5 = renderDistanceEnd;
    return max(linear_fog_value(param, param_1, param_2), linear_fog_value(param_3, param_4, param_5));
}

vec4 apply_fog(vec4 inColor, float sphericalVertexDistance_1, float cylindricalVertexDistance_1, float environmentalStart, float environmantalEnd, float renderDistanceStart, float renderDistanceEnd, vec4 fogColor)
{
    float param = sphericalVertexDistance_1;
    float param_1 = cylindricalVertexDistance_1;
    float param_2 = environmentalStart;
    float param_3 = environmantalEnd;
    float param_4 = renderDistanceStart;
    float param_5 = renderDistanceEnd;
    float fogValue = total_fog_value(param, param_1, param_2, param_3, param_4, param_5);
    return vec4(mix(inColor.xyz, fogColor.xyz, vec3(fogValue * fogColor.w)), inColor.w);
}

void main()
{
    vec4 _371;
    if (_365.UseRgss == 1)
    {
        vec2 param = texCoord0;
        vec2 param_1 = vec2(1.0) / vec2(_381.TextureSize);
        _371 = sampleRGSS(Sampler0, param, param_1);
    }
    else
    {
        vec2 param_2 = texCoord0;
        vec2 param_3 = vec2(1.0) / vec2(_381.TextureSize);
        _371 = sampleNearest(Sampler0, param_2, param_3);
    }
    vec4 color = _371 * vertexColor;
    color = mix(_410.FogColor * vec4(1.0, 1.0, 1.0, color.w), color, vec4(_381.ChunkVisibility));
    if (color.w < 0.100000001490116119384765625)
    {
        discard;
    }
    vec4 param_4 = color;
    float param_5 = sphericalVertexDistance;
    float param_6 = cylindricalVertexDistance;
    float param_7 = _410.FogEnvironmentalStart;
    float param_8 = _410.FogEnvironmentalEnd;
    float param_9 = _410.FogRenderDistanceStart;
    float param_10 = _410.FogRenderDistanceEnd;
    vec4 param_11 = _410.FogColor;
    fragColor = apply_fog(param_4, param_5, param_6, param_7, param_8, param_9, param_10, param_11);
}


[DEBUG] [ShaderTranslator] shader 99 stage 0x8B30 translated via SPIR-V (6053 chars, took 14.393021ms)
[DEBUG] [FluorateGL] glCompileShader(99)
[DEBUG] [FluorateGL] glCreateProgram()
[DEBUG] [FluorateGL] glAttachShader(77, 98)
[DEBUG] [FluorateGL] glAttachShader(77, 99)
[DEBUG] [FluorateGL] glLinkProgram(77)
[DEBUG] [FluorateGL] glCreateProgram()
[DEBUG] [FluorateGL] glAttachShader(78, 67)
[DEBUG] [FluorateGL] glAttachShader(78, 68)
[DEBUG] [FluorateGL] glLinkProgram(78)
[DEBUG] [FluorateGL] glCreateProgram()
[DEBUG] [FluorateGL] glAttachShader(79, 37)
[DEBUG] [FluorateGL] glAttachShader(79, 38)
[DEBUG] [FluorateGL] glLinkProgram(79)
[DEBUG] [FluorateGL] glCreateProgram()
[DEBUG] [FluorateGL] glAttachShader(80, 35)
[DEBUG] [FluorateGL] glAttachShader(80, 36)
[DEBUG] [FluorateGL] glLinkProgram(80)
[DEBUG] [FluorateGL] glCreateShader(0x8B31)
[DEBUG] [ShaderTranslator] SPIR-V translate start: stage=vertex (0x8B31)
[DEBUG] [ShaderTranslator] glslang SPIR-V compile done: stage=vertex, took 5.7625ms (1067 words)
[DEBUG] [ShaderTranslator] SPIR-V translate success: stage=vertex, version=ES320, glslang=12.605261ms, spirv-cross=6.810208ms, total=12.605573ms
[DEBUG] [ShaderTranslator] translated GLSL ES:
#version 320 es
precision highp float;
precision highp int;

layout(std140) uniform Projection
{
    mat4 ProjMat;
} _47;

layout(std140) uniform DynamicTransforms
{
    mat4 ModelViewMat;
    vec4 ColorModulator;
    vec3 ModelOffset;
    mat4 TextureMat;
} _53;

layout(std140) uniform Lighting
{
    vec3 Light0_Direction;
    vec3 Light1_Direction;
} _100;

layout(std140) uniform Fog
{
    vec4 FogColor;
    float FogEnvironmentalStart;
    float FogEnvironmentalEnd;
    float FogRenderDistanceStart;
    float FogRenderDistanceEnd;
    float FogSkyEnd;
    float FogCloudsEnd;
} _103;

uniform highp sampler2D Sampler1;
uniform highp sampler2D Sampler2;

in vec3 Position;
out float sphericalVertexDistance;
out float cylindricalVertexDistance;
out vec4 vertexColor;
in vec4 Color;
out vec4 overlayColor;
in ivec2 UV1;
out vec2 texCoord0;
in vec2 UV0;
in ivec2 UV2;
in vec3 Normal;
out vec4 lightMapColor;

float fog_spherical_distance(vec3 pos)
{
    return length(pos);
}

float fog_cylindrical_distance(vec3 pos)
{
    float distXZ = length(pos.xz);
    float distY = abs(pos.y);
    return max(distXZ, distY);
}

void main()
{
    gl_Position = (_47.ProjMat * _53.ModelViewMat) * vec4(Position, 1.0);
    vec3 param = Position;
    sphericalVertexDistance = fog_spherical_distance(param);
    vec3 param_1 = Position;
    cylindricalVertexDistance = fog_cylindrical_distance(param_1);
    vertexColor = Color;
    overlayColor = texelFetch(Sampler1, UV1, 0);
    texCoord0 = UV0;
    gl_Position.z = 2.0 * gl_Position.z - gl_Position.w;
    gl_Position.y = -gl_Position.y;
}


[DEBUG] [ShaderTranslator] shader 100 stage 0x8B31 translated via SPIR-V (1588 chars, took 12.640312ms)
[DEBUG] [FluorateGL] glCompileShader(100)
[DEBUG] [FluorateGL] glCreateShader(0x8B30)
[DEBUG] [ShaderTranslator] SPIR-V translate start: stage=fragment (0x8B30)
[DEBUG] [ShaderTranslator] glslang SPIR-V compile done: stage=fragment, took 5.164635ms (1367 words)
[DEBUG] [ShaderTranslator] SPIR-V translate success: stage=fragment, version=ES320, glslang=12.023802ms, spirv-cross=6.810782ms, total=12.024323ms
[DEBUG] [ShaderTranslator] translated GLSL ES:
#version 320 es
precision highp float;
precision highp int;

layout(std140) uniform DynamicTransforms
{
    mat4 ModelViewMat;
    vec4 ColorModulator;
    vec3 ModelOffset;
    mat4 TextureMat;
} _130;

layout(std140) uniform Fog
{
    vec4 FogColor;
    float FogEnvironmentalStart;
    float FogEnvironmentalEnd;
    float FogRenderDistanceStart;
    float FogRenderDistanceEnd;
    float FogSkyEnd;
    float FogCloudsEnd;
} _146;

uniform highp sampler2D Sampler0;

in vec2 texCoord0;
in vec4 vertexColor;
out vec4 fragColor;
in float sphericalVertexDistance;
in float cylindricalVertexDistance;
in vec4 lightMapColor;
in vec4 overlayColor;

float linear_fog_value(float vertexDistance, float fogStart, float fogEnd)
{
    if (vertexDistance <= fogStart)
    {
        return 0.0;
    }
    else
    {
        if (vertexDistance >= fogEnd)
        {
            return 1.0;
        }
    }
    return (vertexDistance - fogStart) / (fogEnd - fogStart);
}

float total_fog_value(float sphericalVertexDistance_1, float cylindricalVertexDistance_1, float environmentalStart, float environmantalEnd, float renderDistanceStart, float renderDistanceEnd)
{
    float param = sphericalVertexDistance_1;
    float param_1 = environmentalStart;
    float param_2 = environmantalEnd;
    float param_3 = cylindricalVertexDistance_1;
    float param_4 = renderDistanceStart;
    float param_5 = renderDistanceEnd;
    return max(linear_fog_value(param, param_1, param_2), linear_fog_value(param_3, param_4, param_5));
}

vec4 apply_fog(vec4 inColor, float sphericalVertexDistance_1, float cylindricalVertexDistance_1, float environmentalStart, float environmantalEnd, float renderDistanceStart, float renderDistanceEnd, vec4 fogColor)
{
    float param = sphericalVertexDistance_1;
    float param_1 = cylindricalVertexDistance_1;
    float param_2 = environmentalStart;
    float param_3 = environmantalEnd;
    float param_4 = renderDistanceStart;
    float param_5 = renderDistanceEnd;
    float fogValue = total_fog_value(param, param_1, param_2, param_3, param_4, param_5);
    return vec4(mix(inColor.xyz, fogColor.xyz, vec3(fogValue * fogColor.w)), inColor.w);
}

void main()
{
    vec4 color = texture(Sampler0, texCoord0);
    color *= (vertexColor * _130.ColorModulator);
    vec4 param = color;
    float param_1 = sphericalVertexDistance;
    float param_2 = cylindricalVertexDistance;
    float param_3 = _146.FogEnvironmentalStart;
    float param_4 = _146.FogEnvironmentalEnd;
    float param_5 = _146.FogRenderDistanceStart;
    float param_6 = _146.FogRenderDistanceEnd;
    vec4 param_7 = _146.FogColor;
    fragColor = apply_fog(param, param_1, param_2, param_3, param_4, param_5, param_6, param_7);
}


[DEBUG] [ShaderTranslator] shader 101 stage 0x8B30 translated via SPIR-V (2714 chars, took 12.080834ms)
[DEBUG] [FluorateGL] glCompileShader(101)
[DEBUG] [FluorateGL] glCreateProgram()
[DEBUG] [FluorateGL] glAttachShader(81, 100)
[DEBUG] [FluorateGL] glAttachShader(81, 101)
[DEBUG] [FluorateGL] glLinkProgram(81)
[DEBUG] [FluorateGL] glCreateProgram()
[DEBUG] [FluorateGL] glAttachShader(82, 35)
[DEBUG] [FluorateGL] glAttachShader(82, 36)
[DEBUG] [FluorateGL] glLinkProgram(82)
[DEBUG] [FluorateGL] glCreateProgram()
[DEBUG] [FluorateGL] glAttachShader(83, 45)
[DEBUG] [FluorateGL] glAttachShader(83, 46)
[DEBUG] [FluorateGL] glLinkProgram(83)
[DEBUG] [FluorateGL] glCreateProgram()
[DEBUG] [FluorateGL] glAttachShader(84, 35)
[DEBUG] [FluorateGL] glAttachShader(84, 36)
[DEBUG] [FluorateGL] glLinkProgram(84)
[DEBUG] [FluorateGL] glCreateProgram()
[DEBUG] [FluorateGL] glAttachShader(85, 33)
[DEBUG] [FluorateGL] glAttachShader(85, 34)
[DEBUG] [FluorateGL] glLinkProgram(85)
[DEBUG] [FluorateGL] glCreateShader(0x8B31)
[DEBUG] [ShaderTranslator] SPIR-V translate start: stage=vertex (0x8B31)
[DEBUG] [ShaderTranslator] glslang SPIR-V compile done: stage=vertex, took 5.551458ms (911 words)
[DEBUG] [ShaderTranslator] SPIR-V translate success: stage=vertex, version=ES320, glslang=12.59375ms, spirv-cross=7.014688ms, total=12.59401ms
[DEBUG] [ShaderTranslator] translated GLSL ES:
#version 320 es
precision highp float;
precision highp int;

layout(std140) uniform Projection
{
    mat4 ProjMat;
} _47;

layout(std140) uniform DynamicTransforms
{
    mat4 ModelViewMat;
    vec4 ColorModulator;
    vec3 ModelOffset;
    mat4 TextureMat;
} _53;

layout(std140) uniform Fog
{
    vec4 FogColor;
    float FogEnvironmentalStart;
    float FogEnvironmentalEnd;
    float FogRenderDistanceStart;
    float FogRenderDistanceEnd;
    float FogSkyEnd;
    float FogCloudsEnd;
} _98;

uniform highp sampler2D Sampler2;

in vec3 Position;
out float sphericalVertexDistance;
out float cylindricalVertexDistance;
out vec4 vertexColor;
in vec4 Color;
in ivec2 UV2;

float fog_spherical_distance(vec3 pos)
{
    return length(pos);
}

float fog_cylindrical_distance(vec3 pos)
{
    float distXZ = length(pos.xz);
    float distY = abs(pos.y);
    return max(distXZ, distY);
}

void main()
{
    gl_Position = (_47.ProjMat * _53.ModelViewMat) * vec4(Position, 1.0);
    vec3 param = Position;
    sphericalVertexDistance = fog_spherical_distance(param);
    vec3 param_1 = Position;
    cylindricalVertexDistance = fog_cylindrical_distance(param_1);
    vertexColor = Color * texelFetch(Sampler2, UV2 / ivec2(16), 0);
    gl_Position.z = 2.0 * gl_Position.z - gl_Position.w;
    gl_Position.y = -gl_Position.y;
}


[DEBUG] [ShaderTranslator] shader 102 stage 0x8B31 translated via SPIR-V (1319 chars, took 12.629427ms)
[DEBUG] [FluorateGL] glCompileShader(102)
[DEBUG] [FluorateGL] glCreateShader(0x8B30)
[DEBUG] [ShaderTranslator] SPIR-V translate start: stage=fragment (0x8B30)
[DEBUG] [ShaderTranslator] glslang SPIR-V compile done: stage=fragment, took 5.317344ms (1342 words)
[DEBUG] [ShaderTranslator] SPIR-V translate success: stage=fragment, version=ES320, glslang=11.289427ms, spirv-cross=5.943593ms, total=11.289739ms
[DEBUG] [ShaderTranslator] translated GLSL ES:
#version 320 es
precision highp float;
precision highp int;

layout(std140) uniform DynamicTransforms
{
    mat4 ModelViewMat;
    vec4 ColorModulator;
    vec3 ModelOffset;
    mat4 TextureMat;
} _120;

layout(std140) uniform Fog
{
    vec4 FogColor;
    float FogEnvironmentalStart;
    float FogEnvironmentalEnd;
    float FogRenderDistanceStart;
    float FogRenderDistanceEnd;
    float FogSkyEnd;
    float FogCloudsEnd;
} _141;

uniform highp sampler2D Sampler0;

in vec4 vertexColor;
out vec4 fragColor;
in float sphericalVertexDistance;
in float cylindricalVertexDistance;
in vec2 texCoord0;

float linear_fog_value(float vertexDistance, float fogStart, float fogEnd)
{
    if (vertexDistance <= fogStart)
    {
        return 0.0;
    }
    else
    {
        if (vertexDistance >= fogEnd)
        {
            return 1.0;
        }
    }
    return (vertexDistance - fogStart) / (fogEnd - fogStart);
}

float total_fog_value(float sphericalVertexDistance_1, float cylindricalVertexDistance_1, float environmentalStart, float environmantalEnd, float renderDistanceStart, float renderDistanceEnd)
{
    float param = sphericalVertexDistance_1;
    float param_1 = environmentalStart;
    float param_2 = environmantalEnd;
    float param_3 = cylindricalVertexDistance_1;
    float param_4 = renderDistanceStart;
    float param_5 = renderDistanceEnd;
    return max(linear_fog_value(param, param_1, param_2), linear_fog_value(param_3, param_4, param_5));
}

vec4 apply_fog(vec4 inColor, float sphericalVertexDistance_1, float cylindricalVertexDistance_1, float environmentalStart, float environmantalEnd, float renderDistanceStart, float renderDistanceEnd, vec4 fogColor)
{
    float param = sphericalVertexDistance_1;
    float param_1 = cylindricalVertexDistance_1;
    float param_2 = environmentalStart;
    float param_3 = environmantalEnd;
    float param_4 = renderDistanceStart;
    float param_5 = renderDistanceEnd;
    float fogValue = total_fog_value(param, param_1, param_2, param_3, param_4, param_5);
    return vec4(mix(inColor.xyz, fogColor.xyz, vec3(fogValue * fogColor.w)), inColor.w);
}

void main()
{
    vec4 color = vertexColor * _120.ColorModulator;
    if (color.w < 0.100000001490116119384765625)
    {
        discard;
    }
    vec4 param = color;
    float param_1 = sphericalVertexDistance;
    float param_2 = cylindricalVertexDistance;
    float param_3 = _141.FogEnvironmentalStart;
    float param_4 = _141.FogEnvironmentalEnd;
    float param_5 = _141.FogRenderDistanceStart;
    float param_6 = _141.FogRenderDistanceEnd;
    vec4 param_7 = _141.FogColor;
    fragColor = apply_fog(param, param_1, param_2, param_3, param_4, param_5, param_6, param_7);
}


[DEBUG] [ShaderTranslator] shader 103 stage 0x8B30 translated via SPIR-V (2702 chars, took 11.339427ms)
[DEBUG] [FluorateGL] glCompileShader(103)
[DEBUG] [FluorateGL] glCreateProgram()
[DEBUG] [FluorateGL] glAttachShader(86, 102)
[DEBUG] [FluorateGL] glAttachShader(86, 103)
[DEBUG] [FluorateGL] glLinkProgram(86)
[DEBUG] [FluorateGL] glCreateShader(0x8B31)
[DEBUG] [ShaderTranslator] SPIR-V translate start: stage=vertex (0x8B31)
[DEBUG] [ShaderTranslator] glslang SPIR-V compile done: stage=vertex, took 4.877813ms (868 words)
[DEBUG] [ShaderTranslator] SPIR-V translate success: stage=vertex, version=ES320, glslang=10.561927ms, spirv-cross=5.644479ms, total=10.56224ms
[DEBUG] [ShaderTranslator] translated GLSL ES:
#version 320 es
precision highp float;
precision highp int;

layout(std140) uniform Projection
{
    mat4 ProjMat;
} _47;

layout(std140) uniform DynamicTransforms
{
    mat4 ModelViewMat;
    vec4 ColorModulator;
    vec3 ModelOffset;
    mat4 TextureMat;
} _53;

layout(std140) uniform Fog
{
    vec4 FogColor;
    float FogEnvironmentalStart;
    float FogEnvironmentalEnd;
    float FogRenderDistanceStart;
    float FogRenderDistanceEnd;
    float FogSkyEnd;
    float FogCloudsEnd;
} _93;

in vec3 Position;
out float sphericalVertexDistance;
out float cylindricalVertexDistance;
out vec2 texCoord0;
in vec2 UV0;

float fog_spherical_distance(vec3 pos)
{
    return length(pos);
}

float fog_cylindrical_distance(vec3 pos)
{
    float distXZ = length(pos.xz);
    float distY = abs(pos.y);
    return max(distXZ, distY);
}

void main()
{
    gl_Position = (_47.ProjMat * _53.ModelViewMat) * vec4(Position, 1.0);
    vec3 param = Position;
    sphericalVertexDistance = fog_spherical_distance(param);
    vec3 param_1 = Position;
    cylindricalVertexDistance = fog_cylindrical_distance(param_1);
    texCoord0 = (_53.TextureMat * vec4(UV0, 0.0, 1.0)).xy;
    gl_Position.z = 2.0 * gl_Position.z - gl_Position.w;
    gl_Position.y = -gl_Position.y;
}


[DEBUG] [ShaderTranslator] shader 104 stage 0x8B31 translated via SPIR-V (1257 chars, took 10.629375ms)
[DEBUG] [FluorateGL] glCompileShader(104)
[DEBUG] [FluorateGL] glCreateShader(0x8B30)
[DEBUG] [ShaderTranslator] SPIR-V translate start: stage=fragment (0x8B30)
[DEBUG] [ShaderTranslator] glslang SPIR-V compile done: stage=fragment, took 4.627813ms (1183 words)
[DEBUG] [ShaderTranslator] SPIR-V translate success: stage=fragment, version=ES320, glslang=10.662344ms, spirv-cross=5.989791ms, total=10.662708ms
[DEBUG] [ShaderTranslator] translated GLSL ES:
#version 320 es
precision highp float;
precision highp int;

layout(std140) uniform DynamicTransforms
{
    mat4 ModelViewMat;
    vec4 ColorModulator;
    vec3 ModelOffset;
    mat4 TextureMat;
} _82;

layout(std140) uniform Fog
{
    vec4 FogColor;
    float FogEnvironmentalStart;
    float FogEnvironmentalEnd;
    float FogRenderDistanceStart;
    float FogRenderDistanceEnd;
    float FogSkyEnd;
    float FogCloudsEnd;
} _104;

layout(std140) uniform Globals
{
    ivec3 CameraBlockPos;
    vec3 CameraOffset;
    vec2 ScreenSize;
    float GlintAlpha;
    float GameTime;
    int MenuBlurRadius;
    int UseRgss;
} _130;

uniform highp sampler2D Sampler0;

in vec2 texCoord0;
in float sphericalVertexDistance;
in float cylindricalVertexDistance;
out vec4 fragColor;

float linear_fog_value(float vertexDistance, float fogStart, float fogEnd)
{
    if (vertexDistance <= fogStart)
    {
        return 0.0;
    }
    else
    {
        if (vertexDistance >= fogEnd)
        {
            return 1.0;
        }
    }
    return (vertexDistance - fogStart) / (fogEnd - fogStart);
}

float total_fog_value(float sphericalVertexDistance_1, float cylindricalVertexDistance_1, float environmentalStart, float environmantalEnd, float renderDistanceStart, float renderDistanceEnd)
{
    float param = sphericalVertexDistance_1;
    float param_1 = environmentalStart;
    float param_2 = environmantalEnd;
    float param_3 = cylindricalVertexDistance_1;
    float param_4 = renderDistanceStart;
    float param_5 = renderDistanceEnd;
    return max(linear_fog_value(param, param_1, param_2), linear_fog_value(param_3, param_4, param_5));
}

void main()
{
    vec4 color = texture(Sampler0, texCoord0) * _82.ColorModulator;
    if (color.w < 0.100000001490116119384765625)
    {
        discard;
    }
    float param = sphericalVertexDistance;
    float param_1 = cylindricalVertexDistance;
    float param_2 = _104.FogEnvironmentalStart;
    float param_3 = _104.FogEnvironmentalEnd;
    float param_4 = _104.FogRenderDistanceStart;
    float param_5 = _104.FogRenderDistanceEnd;
    float fade = (1.0 - total_fog_value(param, param_1, param_2, param_3, param_4, param_5)) * _130.GlintAlpha;
    fragColor = vec4(color.xyz * fade, color.w);
}


[DEBUG] [ShaderTranslator] shader 105 stage 0x8B30 translated via SPIR-V (2245 chars, took 10.718125ms)
[DEBUG] [FluorateGL] glCompileShader(105)
[DEBUG] [FluorateGL] glCreateProgram()
[DEBUG] [FluorateGL] glAttachShader(87, 104)
[DEBUG] [FluorateGL] glAttachShader(87, 105)
[DEBUG] [FluorateGL] glLinkProgram(87)
[DEBUG] [FluorateGL] glCreateProgram()
[DEBUG] [FluorateGL] glAttachShader(88, 71)
[DEBUG] [FluorateGL] glAttachShader(88, 72)
[DEBUG] [FluorateGL] glLinkProgram(88)
[DEBUG] [FluorateGL] glCreateShader(0x8B31)
[DEBUG] [ShaderTranslator] SPIR-V translate start: stage=vertex (0x8B31)
[DEBUG] [ShaderTranslator] glslang SPIR-V compile done: stage=vertex, took 4.548177ms (906 words)
[DEBUG] [ShaderTranslator] SPIR-V translate success: stage=vertex, version=ES320, glslang=9.916302ms, spirv-cross=5.324791ms, total=9.916875ms
[DEBUG] [ShaderTranslator] translated GLSL ES:
#version 320 es
precision highp float;
precision highp int;

layout(std140) uniform Projection
{
    mat4 ProjMat;
} _47;

layout(std140) uniform DynamicTransforms
{
    mat4 ModelViewMat;
    vec4 ColorModulator;
    vec3 ModelOffset;
    mat4 TextureMat;
} _53;

layout(std140) uniform Fog
{
    vec4 FogColor;
    float FogEnvironmentalStart;
    float FogEnvironmentalEnd;
    float FogRenderDistanceStart;
    float FogRenderDistanceEnd;
    float FogSkyEnd;
    float FogCloudsEnd;
} _91;

in vec3 Position;
out float sphericalVertexDistance;
out float cylindricalVertexDistance;
out vec4 vertexColor;
in vec4 Color;
out vec2 texCoord0;
in vec2 UV0;
out vec2 texCoord2;
in vec2 UV2;
in vec3 Normal;

float fog_spherical_distance(vec3 pos)
{
    return length(pos);
}

float fog_cylindrical_distance(vec3 pos)
{
    float distXZ = length(pos.xz);
    float distY = abs(pos.y);
    return max(distXZ, distY);
}

void main()
{
    gl_Position = (_47.ProjMat * _53.ModelViewMat) * vec4(Position, 1.0);
    vec3 param = Position;
    sphericalVertexDistance = fog_spherical_distance(param);
    vec3 param_1 = Position;
    cylindricalVertexDistance = fog_cylindrical_distance(param_1);
    vertexColor = Color;
    texCoord0 = UV0;
    texCoord2 = UV2;
    gl_Position.z = 2.0 * gl_Position.z - gl_Position.w;
    gl_Position.y = -gl_Position.y;
}


[DEBUG] [ShaderTranslator] shader 106 stage 0x8B31 translated via SPIR-V (1351 chars, took 9.964531ms)
[DEBUG] [FluorateGL] glCompileShader(106)
[DEBUG] [FluorateGL] glCreateShader(0x8B30)
[DEBUG] [ShaderTranslator] SPIR-V translate start: stage=fragment (0x8B30)
[DEBUG] [ShaderTranslator] glslang SPIR-V compile done: stage=fragment, took 4.519531ms (1381 words)
[DEBUG] [ShaderTranslator] SPIR-V translate success: stage=fragment, version=ES320, glslang=10.1375ms, spirv-cross=5.554739ms, total=10.137864ms
[DEBUG] [ShaderTranslator] translated GLSL ES:
#version 320 es
precision highp float;
precision highp int;

layout(std140) uniform DynamicTransforms
{
    mat4 ModelViewMat;
    vec4 ColorModulator;
    vec3 ModelOffset;
    mat4 TextureMat;
} _139;

layout(std140) uniform Fog
{
    vec4 FogColor;
    float FogEnvironmentalStart;
    float FogEnvironmentalEnd;
    float FogRenderDistanceStart;
    float FogRenderDistanceEnd;
    float FogSkyEnd;
    float FogCloudsEnd;
} _153;

uniform highp sampler2D Sampler0;

in vec2 texCoord0;
in vec4 vertexColor;
out vec4 fragColor;
in float sphericalVertexDistance;
in float cylindricalVertexDistance;
in vec2 texCoord2;

float linear_fog_value(float vertexDistance, float fogStart, float fogEnd)
{
    if (vertexDistance <= fogStart)
    {
        return 0.0;
    }
    else
    {
        if (vertexDistance >= fogEnd)
        {
            return 1.0;
        }
    }
    return (vertexDistance - fogStart) / (fogEnd - fogStart);
}

float total_fog_value(float sphericalVertexDistance_1, float cylindricalVertexDistance_1, float environmentalStart, float environmantalEnd, float renderDistanceStart, float renderDistanceEnd)
{
    float param = sphericalVertexDistance_1;
    float param_1 = environmentalStart;
    float param_2 = environmantalEnd;
    float param_3 = cylindricalVertexDistance_1;
    float param_4 = renderDistanceStart;
    float param_5 = renderDistanceEnd;
    return max(linear_fog_value(param, param_1, param_2), linear_fog_value(param_3, param_4, param_5));
}

vec4 apply_fog(vec4 inColor, float sphericalVertexDistance_1, float cylindricalVertexDistance_1, float environmentalStart, float environmantalEnd, float renderDistanceStart, float renderDistanceEnd, vec4 fogColor)
{
    float param = sphericalVertexDistance_1;
    float param_1 = cylindricalVertexDistance_1;
    float param_2 = environmentalStart;
    float param_3 = environmantalEnd;
    float param_4 = renderDistanceStart;
    float param_5 = renderDistanceEnd;
    float fogValue = total_fog_value(param, param_1, param_2, param_3, param_4, param_5);
    return vec4(mix(inColor.xyz, fogColor.xyz, vec3(fogValue * fogColor.w)), inColor.w);
}

void main()
{
    vec4 color = texture(Sampler0, texCoord0) * vertexColor;
    if (color.w < 0.100000001490116119384765625)
    {
        discard;
    }
    color *= _139.ColorModulator;
    vec4 param = color;
    float param_1 = sphericalVertexDistance;
    float param_2 = cylindricalVertexDistance;
    float param_3 = _153.FogEnvironmentalStart;
    float param_4 = _153.FogEnvironmentalEnd;
    float param_5 = _153.FogRenderDistanceStart;
    float param_6 = _153.FogRenderDistanceEnd;
    vec4 param_7 = _153.FogColor;
    fragColor = apply_fog(param, param_1, param_2, param_3, param_4, param_5, param_6, param_7);
}


[DEBUG] [ShaderTranslator] shader 107 stage 0x8B30 translated via SPIR-V (2764 chars, took 10.186093ms)
[DEBUG] [FluorateGL] glCompileShader(107)
[DEBUG] [FluorateGL] glCreateProgram()
[DEBUG] [FluorateGL] glAttachShader(89, 106)
[DEBUG] [FluorateGL] glAttachShader(89, 107)
[DEBUG] [FluorateGL] glLinkProgram(89)
[DEBUG] [FluorateGL] glGetString(0x1F01) -> 0x74154fe000
[DEBUG] [FluorateGL] glBindBuffer(0x8A11): desktop 15 -> GLES 15 (tid=13770)
[DEBUG] [FluorateGL] glFramebufferTexture2D(target=0x8D40, attachment=0x8CE0, textarget=0x0DE1, texture=0, level=0)
[DEBUG] [FluorateGL] glFramebufferTexture2D(target=0x8D40, attachment=0x8D00, textarget=0x0DE1, texture=7, level=0)
[DEBUG] [FluorateGL] glFramebufferTexture2D(target=0x8D40, attachment=0x8D00, textarget=0x0DE1, texture=0, level=0)
[DEBUG] [FluorateGL] glFramebufferTexture2D(target=0x8D40, attachment=0x8CE0, textarget=0x0DE1, texture=8, level=0)
[DEBUG] [FluorateGL] glFramebufferTexture2D(target=0x8D40, attachment=0x8D00, textarget=0x0DE1, texture=0, level=0)
[DEBUG] [FluorateGL] glFramebufferTexture2D(target=0x8D40, attachment=0x8CE0, textarget=0x0DE1, texture=0, level=0)
[DEBUG] [FluorateGL] glBindBuffer(0x8892): desktop 34 -> GLES 34 (tid=13770)
[DEBUG] [FluorateGL] glBindBuffer(0x8892): desktop 37 -> GLES 37 (tid=13770)
[DEBUG] [FluorateGL] glBindBuffer(0x8A11): desktop 1 -> GLES 1 (tid=13770)
[14:21:24] [Render thread/ERROR]: Couldn't find source for VERTEX shader (minecraft:core/gui)
[14:21:24] [Render thread/ERROR]: Couldn't find source for FRAGMENT shader (minecraft:core/gui)
[14:21:24] [Render thread/ERROR]: Couldn't compile pipeline minecraft:pipeline/gui: vertex shader minecraft:core/gui was invalid
[14:21:24] [Render thread/ERROR]: Couldn't find source for VERTEX shader (minecraft:core/position_tex_color)
[14:21:24] [Render thread/ERROR]: Couldn't find source for FRAGMENT shader (minecraft:core/position_tex_color)
[14:21:24] [Render thread/ERROR]: Couldn't compile pipeline minecraft:pipeline/mojang_logo: vertex shader minecraft:core/position_tex_color was invalid
[DEBUG] [FluorateGL] glFramebufferTexture2D(target=0x8CA9, attachment=0x8CE0, textarget=0x0DE1, texture=8, level=0)
[DEBUG] [FluorateGL] glFramebufferTexture2D(target=0x8CA9, attachment=0x8D00, textarget=0x0DE1, texture=0, level=0)
[14:21:24] [Render thread/ERROR]: Unreported exception thrown!
java.util.concurrent.CompletionException: java.lang.RuntimeException: Failed to load required shader programs:
 - minecraft:pipeline/leash
	at java.base/java.util.concurrent.CompletableFuture.encodeThrowable(Unknown Source)
	at java.base/java.util.concurrent.CompletableFuture.completeThrowable(Unknown Source)
	at java.base/java.util.concurrent.CompletableFuture$UniAccept.tryFire(Unknown Source)
	at java.base/java.util.concurrent.CompletableFuture$Completion.run(Unknown Source)
	at bbf.a(SourceFile:59)
	at cbr.d(SourceFile:169)
	at cbv.d(SourceFile:23)
	at cbr.E(SourceFile:143)
	at cbr.bN(SourceFile:124)
	at gfj.d(SourceFile:1339)
	at gfj.j(SourceFile:966)
	at net.minecraft.client.main.Main.main(SourceFile:250)
	at java.base/jdk.internal.reflect.DirectMethodHandleAccessor.invoke(Unknown Source)
	at java.base/java.lang.reflect.Method.invoke(Unknown Source)
	at mio.Wrapper.main(Wrapper.java:21)
Caused by: java.lang.RuntimeException: Failed to load required shader programs:
 - minecraft:pipeline/leash
	at hph.a(SourceFile:164)
	at hph.a(SourceFile:42)
	at bbe.a(SourceFile:15)
	... 13 more
[DEBUG] [FluorateGL] glBindBuffer(0x8A11): desktop 15 -> GLES 15 (tid=13770)
[DEBUG] [FluorateGL] glFramebufferTexture2D(target=0x8D40, attachment=0x8CE0, textarget=0x0DE1, texture=0, level=0)
[DEBUG] [FluorateGL] glFramebufferTexture2D(target=0x8D40, attachment=0x8D00, textarget=0x0DE1, texture=7, level=0)
[DEBUG] [FluorateGL] glFramebufferTexture2D(target=0x8D40, attachment=0x8D00, textarget=0x0DE1, texture=0, level=0)
[DEBUG] [FluorateGL] glFramebufferTexture2D(target=0x8D40, attachment=0x8CE0, textarget=0x0DE1, texture=8, level=0)
[DEBUG] [FluorateGL] glFramebufferTexture2D(target=0x8D40, attachment=0x8D00, textarget=0x0DE1, texture=0, level=0)
[DEBUG] [FluorateGL] glFramebufferTexture2D(target=0x8D40, attachment=0x8CE0, textarget=0x0DE1, texture=0, level=0)
[DEBUG] [FluorateGL] glBindBuffer(0x8892): desktop 35 -> GLES 35 (tid=13770)
[DEBUG] [FluorateGL] glBindBuffer(0x8892): desktop 38 -> GLES 38 (tid=13770)
[DEBUG] [FluorateGL] glBindBuffer(0x8A11): desktop 2 -> GLES 2 (tid=13770)
[DEBUG] [FluorateGL] glFramebufferTexture2D(target=0x8CA9, attachment=0x8CE0, textarget=0x0DE1, texture=8, level=0)
[DEBUG] [FluorateGL] glFramebufferTexture2D(target=0x8CA9, attachment=0x8D00, textarget=0x0DE1, texture=0, level=0)
---- Minecraft Crash Report ----
// But it works on my machine.

Time: 2026-07-22 14:21:26
Description: Unexpected error

java.util.concurrent.CompletionException: java.lang.RuntimeException: Failed to load required shader programs:
 - minecraft:pipeline/leash
	at java.base/java.util.concurrent.CompletableFuture.encodeThrowable(Unknown Source)
	at java.base/java.util.concurrent.CompletableFuture.completeThrowable(Unknown Source)
	at java.base/java.util.concurrent.CompletableFuture$UniAccept.tryFire(Unknown Source)
	at java.base/java.util.concurrent.CompletableFuture$Completion.run(Unknown Source)
	at bbf.a(SourceFile:59)
	at cbr.d(SourceFile:169)
	at cbv.d(SourceFile:23)
	at cbr.E(SourceFile:143)
	at cbr.bN(SourceFile:124)
	at gfj.d(SourceFile:1339)
	at gfj.j(SourceFile:966)
	at net.minecraft.client.main.Main.main(SourceFile:250)
	at java.base/jdk.internal.reflect.DirectMethodHandleAccessor.invoke(Unknown Source)
	at java.base/java.lang.reflect.Method.invoke(Unknown Source)
	at mio.Wrapper.main(Wrapper.java:21)
Caused by: java.lang.RuntimeException: Failed to load required shader programs:
 - minecraft:pipeline/leash
	at hph.a(SourceFile:164)
	at hph.a(SourceFile:42)
	at bbe.a(SourceFile:15)
	... 13 more


A detailed walkthrough of the error, its code path and all known details is as follows:
---------------------------------------------------------------------------------------

-- Head --
Thread: Render thread
Stacktrace:
	at java.base/java.util.concurrent.CompletableFuture.encodeThrowable(Unknown Source)
	at java.base/java.util.concurrent.CompletableFuture.completeThrowable(Unknown Source)
	at java.base/java.util.concurrent.CompletableFuture$UniAccept.tryFire(Unknown Source)
	at java.base/java.util.concurrent.CompletableFuture$Completion.run(Unknown Source)
	at bbf.a(SourceFile:59)
	at cbr.d(SourceFile:169)
	at cbv.d(SourceFile:23)
	at cbr.E(SourceFile:143)

-- Uptime --
Details:
	JVM uptime: 46.441s
	Wall uptime: 20.464s
	High-res time: 18.425s
	Client ticks: 174 ticks / 8.700s
Stacktrace:
	at gfj.d(SourceFile:2477)
	at gfj.c(SourceFile:1035)
	at gfj.j(SourceFile:990)
	at net.minecraft.client.main.Main.main(SourceFile:250)
	at java.base/jdk.internal.reflect.DirectMethodHandleAccessor.invoke(Unknown Source)
	at java.base/java.lang.reflect.Method.invoke(Unknown Source)
	at mio.Wrapper.main(Wrapper.java:21)

-- Last reload --
Details:
	Reload number: 1
	Reload reason: initial
	Finished: No
	Packs: vanilla

-- System Details --
Details:
	Minecraft Version: 1.21.11
	Minecraft Version ID: 1.21.11
	Operating System: Linux (aarch64) version Android-16
	Java Version: 21.0.1-internal, N/A
	Java VM Version: OpenJDK 64-Bit Server VM (mixed mode), Oracle Corporation
	Memory: 1568728000 bytes (1496 MiB) / 2147483648 bytes (2048 MiB) up to 3049259008 bytes (2908 MiB)
	CPUs: 8
	Processor Vendor: ARM
	Processor Name: SM7635
	Identifier: 0x41 Family 8 Model 0xd81 Stepping r0p1
	Microarchitecture: unknown
	Frequency (GHz): -0.00
	Number of physical packages: 1
	Number of physical CPUs: 4
	Number of logical CPUs: 8
	Graphics card #0 name: unknown
	Graphics card #0 vendor: unknown
	Graphics card #0 VRAM (MiB): 0.00
	Graphics card #0 deviceId: unknown
	Graphics card #0 versionInfo: unknown
	Virtual memory max (MiB): 17971.14
	Virtual memory used (MiB): 13583.06
	Swap memory total (MiB): 12288.00
	Swap memory used (MiB): 5171.60
	Space in storage for jna.tmpdir (MiB): available: 10899.66, total: 223839.06
	Space in storage for org.lwjgl.system.SharedLibraryExtractPath (MiB): available: 10899.66, total: 223839.06
	Space in storage for io.netty.native.workdir (MiB): available: 10899.66, total: 223839.06
	Space in storage for java.io.tmpdir (MiB): available: 10899.66, total: 223839.06
	Space in storage for workdir (MiB): available: 10899.66, total: 223839.06
	JVM Flags: 4 total; -Xbootclasspath/a:/data/user/0/com.tungsten.fcl/app_runtime/caciocavallo17/cacio-agent.jar:/data/user/0/com.tungsten.fcl/app_runtime/caciocavallo17/cacio-shared-1.19.1-SNAPSHOT.jar:/data/user/0/com.tungsten.fcl/app_runtime/caciocavallo17/cacio-tta-1.19.1-SNAPSHOT.jar -Xmx2908m -Xms2048m -XX:ActiveProcessorCount=8
	Debug Flags: 0 total; 
	Launched Version: 1.21.11
	Launcher name: Fold Craft Launcher
	Backend library: LWJGL version 3.3.6-snapshot
	Backend API: Adreno (TM) 810 GL version 3.2.0 FluorateGL, Qualcomm
	Window size: 2772x1272
	GFLW Platform: x11
	Render Extensions: GL_ARB_buffer_storage, GL_KHR_debug, GL_ARB_vertex_attrib_binding, GL_EXT_texture_filter_anisotropic
	GL debug messages: 
	Is Modded: Probably not. Client jar signature and brand is untouched
	Universe: 400921fb54442d18
	Type: Client (map_client.txt)
	Transparency: shader
	Render Distance: 8/8 chunks
	Resource Packs: vanilla
	Current Language: zh_cn
	Locale: zh_CN
	System encoding: UTF-8
	File encoding: UTF-8
	CPU: 8x SM7635
#@!@# Game crashed! Crash report saved to: #@!@# /storage/emulated/0/FCL/.minecraft/versions/1.21.11/crash-reports/crash-2026-07-22_14.21.26-client.txt

OpenJDK exited with code : -1
